market,variety,arrival_date,arrivals_mt,minimum_price,maximum_price,modal_price,lag_1,lag_7,rolling_mean_7,rolling_mean_14,rolling_std_7,rolling_std_14,price_change_1,price_change_7,price_vs_rolling_7,price_vs_rolling_14,month,day_of_week,target_date,target_modal_price_7d
Banaganapalli APMC,Sona Mahsuri,2021-01-15,1.0,1950.0,2050.0,2000.0,2000.0,1950.0,1992.857142857143,1971.4285714285716,18.898223650461368,25.67762955065473,0.0,50.0,1.003584229390681,1.0144927536231885,1,4,2021-01-22,2000.0
Banaganapalli APMC,Sona Mahsuri,2021-01-16,1.0,1950.0,2050.0,2000.0,2000.0,2000.0,2000.0,1975.0,0.0,25.943726083138465,0.0,0.0,1.0,1.0126582278481011,1,5,2021-01-23,2000.0
Banaganapalli APMC,Sona Mahsuri,2021-01-17,1.0,1900.0,2000.0,1950.0,2000.0,2000.0,2000.0,1978.571428571429,0.0,25.677629550654668,-50.0,-50.0,0.975,0.9855595667870036,1,6,2021-01-24,2000.0
Banaganapalli APMC,Sona Mahsuri,2021-01-18,1.0,1900.0,2000.0,1950.0,1950.0,2000.0,1992.857142857143,1978.571428571429,18.898223650461368,25.677629550654668,0.0,-50.0,0.978494623655914,0.9855595667870036,1,0,2021-01-25,1970.0
Banaganapalli APMC,Sona Mahsuri,2021-01-19,1.0,1900.0,2050.0,1950.0,1950.0,2000.0,1985.7142857142856,1978.571428571429,24.397501823713355,25.677629550654668,0.0,-50.0,0.9820143884892086,0.9855595667870036,1,1,2021-01-26,1970.0
Rajahmundry APMC,Paddy,2021-01-19,0.5,1868.0,1868.0,1868.0,1868.0,1868.0,1868.0,1868.0,0.0,0.0,0.0,0.0,1.0,1.0,1,1,2021-01-26,1868.0
Rajahmundry APMC,Swarna Masuri (New),2021-01-19,0.5,1888.0,1888.0,1888.0,1888.0,1888.0,1888.0,1888.0,0.0,0.0,0.0,0.0,1.0,1.0,1,1,2021-01-26,1888.0
Atmakur (Nandyal District) APMC,Sona Mahsuri,2021-01-20,0.01,1800.0,1800.0,1800.0,1800.0,1800.0,1800.0,1800.0,0.0,0.0,0.0,0.0,1.0,1.0,1,2,2021-01-27,1800.0
Banaganapalli APMC,Sona Mahsuri,2021-01-20,1.0,1900.0,2000.0,1950.0,1950.0,2000.0,1978.571428571429,1978.571428571429,26.726124191242494,25.677629550654668,0.0,-50.0,0.9855595667870036,0.9855595667870036,1,2,2021-01-27,1970.0
Rajahmundry APMC,Paddy,2021-01-20,0.5,1868.0,1868.0,1868.0,1868.0,1868.0,1868.0,1868.0,0.0,0.0,0.0,0.0,1.0,1.0,1,2,2021-01-27,1868.0
Rajahmundry APMC,Swarna Masuri (New),2021-01-20,0.5,1888.0,1888.0,1888.0,1888.0,1888.0,1888.0,1888.0,0.0,0.0,0.0,0.0,1.0,1.0,1,2,2021-01-27,1888.0
Rajahmundry APMC,Paddy,2021-01-21,0.5,1868.0,1868.0,1868.0,1868.0,1868.0,1868.0,1868.0,0.0,0.0,0.0,0.0,1.0,1.0,1,3,2021-01-28,1868.0
Rajahmundry APMC,Swarna Masuri (New),2021-01-21,0.5,1888.0,1888.0,1888.0,1888.0,1888.0,1888.0,1888.0,0.0,0.0,0.0,0.0,1.0,1.0,1,3,2021-01-28,1888.0
Atmakur (Nandyal District) APMC,Sona Mahsuri,2021-01-21,0.01,1800.0,1800.0,1800.0,1800.0,1800.0,1800.0,1800.0,0.0,0.0,0.0,0.0,1.0,1.0,1,3,2021-01-28,1800.0
Banaganapalli APMC,Sona Mahsuri,2021-01-21,1.0,1900.0,2050.0,1950.0,1950.0,2000.0,1971.4285714285716,1978.571428571429,26.726124191242494,25.677629550654668,0.0,-50.0,0.9891304347826088,0.9855595667870036,1,3,2021-01-28,2000.0
Atmakur (Nandyal District) APMC,Sona Mahsuri,2021-01-22,0.01,1800.0,1800.0,1800.0,1800.0,1800.0,1800.0,1800.0,0.0,0.0,0.0,0.0,1.0,1.0,1,4,2021-01-29,1800.0
Banaganapalli APMC,Sona Mahsuri,2021-01-22,1.0,1950.0,2050.0,2000.0,1950.0,2000.0,1964.2857142857144,1978.571428571429,24.397501823713355,25.677629550654668,50.0,0.0,1.0181818181818183,1.0108303249097472,1,4,2021-01-29,2000.0
Rajahmundry APMC,Paddy,2021-01-22,0.5,1868.0,1868.0,1868.0,1868.0,1868.0,1868.0,1868.0,0.0,0.0,0.0,0.0,1.0,1.0,1,4,2021-01-29,1868.0
Rajahmundry APMC,Swarna Masuri (New),2021-01-22,0.5,1888.0,1888.0,1888.0,1888.0,1888.0,1888.0,1888.0,0.0,0.0,0.0,0.0,1.0,1.0,1,4,2021-01-29,1888.0
Atmakur (Nandyal District) APMC,Sona Mahsuri,2021-01-23,0.01,1800.0,1800.0,1800.0,1800.0,1800.0,1800.0,1800.0,0.0,0.0,0.0,0.0,1.0,1.0,1,5,2021-01-30,1800.0
Banaganapalli APMC,Sona Mahsuri,2021-01-23,1.0,1950.0,2050.0,2000.0,2000.0,2000.0,1964.2857142857144,1982.142857142857,24.397501823713355,24.86225790494221,0.0,0.0,1.0181818181818183,1.009009009009009,1,5,2021-01-30,2000.0
Rajahmundry APMC,Paddy,2021-01-23,0.5,1868.0,1868.0,1868.0,1868.0,1868.0,1868.0,1868.0,0.0,0.0,0.0,0.0,1.0,1.0,1,5,2021-01-30,1868.0
Rajahmundry APMC,Swarna Masuri (New),2021-01-23,0.5,1888.0,1888.0,1888.0,1888.0,1888.0,1888.0,1888.0,0.0,0.0,0.0,0.0,1.0,1.0,1,5,2021-01-30,1888.0
Atmakur (Nandyal District) APMC,Sona Mahsuri,2021-01-24,0.01,1800.0,1800.0,1800.0,1800.0,1800.0,1800.0,1800.0,0.0,0.0,0.0,0.0,1.0,1.0,1,6,2021-01-31,1800.0
Banaganapalli APMC,Sona Mahsuri,2021-01-24,1.0,1950.0,2050.0,2000.0,2000.0,1950.0,1964.2857142857144,1982.142857142857,24.397501823713355,24.86225790494221,0.0,50.0,1.0181818181818183,1.009009009009009,1,6,2021-01-31,2000.0
Rajahmundry APMC,Paddy,2021-01-24,0.5,1868.0,1868.0,1868.0,1868.0,1868.0,1868.0,1868.0,0.0,0.0,0.0,0.0,1.0,1.0,1,6,2021-01-31,1868.0
Rajahmundry APMC,Swarna Masuri (New),2021-01-24,0.5,1888.0,1888.0,1888.0,1888.0,1888.0,1888.0,1888.0,0.0,0.0,0.0,0.0,1.0,1.0,1,6,2021-01-31,1888.0
Rajahmundry APMC,Swarna Masuri (New),2021-01-25,0.5,1888.0,1888.0,1888.0,1888.0,1888.0,1888.0,1888.0,0.0,0.0,0.0,0.0,1.0,1.0,1,0,2021-02-01,1888.0
Rajahmundry APMC,Paddy,2021-01-25,0.5,1868.0,1868.0,1868.0,1868.0,1868.0,1868.0,1868.0,0.0,0.0,0.0,0.0,1.0,1.0,1,0,2021-02-01,1868.0
Atmakur (Nandyal District) APMC,Sona Mahsuri,2021-01-25,0.01,1800.0,1800.0,1800.0,1800.0,1800.0,1800.0,1800.0,0.0,0.0,0.0,0.0,1.0,1.0,1,0,2021-02-05,1800.0
Banaganapalli APMC,Sona Mahsuri,2021-01-25,1.0,1900.0,2050.0,1970.0,2000.0,1950.0,1971.4285714285716,1982.142857142857,26.726124191242494,24.86225790494221,-30.0,20.0,0.9992753623188406,0.993873873873874,1,0,2021-02-01,2000.0
Atmakur (Nandyal District) APMC,Sona Mahsuri,2021-01-26,0.01,1800.0,1800.0,1800.0,1800.0,1800.0,1800.0,1800.0,0.0,0.0,0.0,0.0,1.0,1.0,1,1,2021-02-05,1800.0
Banaganapalli APMC,Sona Mahsuri,2021-01-26,1.0,1900.0,2050.0,1970.0,1970.0,1950.0,1974.2857142857144,1980.0,25.07132682112041,24.494897427831663,0.0,20.0,0.9978292329956584,0.9949494949494948,1,1,2021-02-02,2000.0
Rajahmundry APMC,Paddy,2021-01-26,0.5,1868.0,1868.0,1868.0,1868.0,1868.0,1868.0,1868.0,0.0,0.0,0.0,0.0,1.0,1.0,1,1,2021-02-02,1868.0
Rajahmundry APMC,Swarna Masuri (New),2021-01-26,0.5,1888.0,1888.0,1888.0,1888.0,1888.0,1888.0,1888.0,0.0,0.0,0.0,0.0,1.0,1.0,1,1,2021-02-02,1888.0
Atmakur (Nandyal District) APMC,Sona Mahsuri,2021-01-27,0.01,1800.0,1800.0,1800.0,1800.0,1800.0,1800.0,1800.0,0.0,0.0,0.0,0.0,1.0,1.0,1,2,2021-02-05,1800.0
Banaganapalli APMC,Sona Mahsuri,2021-01-27,1.0,1900.0,2050.0,1970.0,1970.0,1950.0,1977.142857142857,1977.857142857143,22.886885410853257,23.916062008157144,0.0,20.0,0.9963872832369942,0.996027446731672,1,2,2021-02-03,2000.0
Rajahmundry APMC,Paddy,2021-01-27,0.5,1868.0,1868.0,1868.0,1868.0,1868.0,1868.0,1868.0,0.0,0.0,0.0,0.0,1.0,1.0,1,2,2021-02-03,1868.0
Rajahmundry APMC,Swarna Masuri (New),2021-01-27,0.5,1888.0,1888.0,1888.0,1888.0,1888.0,1888.0,1888.0,0.0,0.0,0.0,0.0,1.0,1.0,1,2,2021-02-03,1888.0
Rajahmundry APMC,Swarna Masuri (New),2021-01-28,0.5,1888.0,1888.0,1888.0,1888.0,1888.0,1888.0,1888.0,0.0,0.0,0.0,0.0,1.0,1.0,1,3,2021-02-04,1888.0
Rajahmundry APMC,Paddy,2021-01-28,0.5,1868.0,1868.0,1868.0,1868.0,1868.0,1868.0,1868.0,0.0,0.0,0.0,0.0,1.0,1.0,1,3,2021-02-04,1868.0
Banaganapalli APMC,Sona Mahsuri,2021-01-28,1.0,1900.0,2100.0,2000.0,1970.0,1950.0,1980.0,1975.7142857142856,20.000000000000103,23.109866595589228,30.0,50.0,1.0101010101010102,1.0122921185827911,1,3,2021-02-04,2000.0
Atmakur (Nandyal District) APMC,Sona Mahsuri,2021-01-28,0.01,1800.0,1800.0,1800.0,1800.0,1800.0,1800.0,1800.0,0.0,0.0,0.0,0.0,1.0,1.0,1,3,2021-02-05,1800.0
Atmakur (Nandyal District) APMC,Sona Mahsuri,2021-01-29,0.01,1800.0,1800.0,1800.0,1800.0,1800.0,1800.0,1800.0,0.0,0.0,0.0,0.0,1.0,1.0,1,4,2021-02-05,1800.0
Banaganapalli APMC,Sona Mahsuri,2021-01-29,1.0,1900.0,2100.0,2000.0,2000.0,2000.0,1987.142857142857,1975.7142857142856,16.035674514745704,23.109866595589228,0.0,0.0,1.00647016534867,1.0122921185827911,1,4,2021-02-05,2000.0
Rajahmundry APMC,Paddy,2021-01-29,0.5,1868.0,1868.0,1868.0,1868.0,1868.0,1868.0,1868.0,0.0,0.0,0.0,0.0,1.0,1.0,1,4,2021-02-05,1868.0
Rajahmundry APMC,Swarna Masuri (New),2021-01-29,0.5,1888.0,1888.0,1888.0,1888.0,1888.0,1888.0,1888.0,0.0,0.0,0.0,0.0,1.0,1.0,1,4,2021-02-05,1888.0
Atmakur (Nandyal District) APMC,Sona Mahsuri,2021-01-30,0.01,1800.0,1800.0,1800.0,1800.0,1800.0,1800.0,1800.0,0.0,0.0,0.0,0.0,1.0,1.0,1,5,2021-02-06,1800.0
Banaganapalli APMC,Sona Mahsuri,2021-01-30,1.0,1900.0,2100.0,2000.0,2000.0,2000.0,1987.142857142857,1975.7142857142856,16.035674514745704,23.109866595589228,0.0,0.0,1.00647016534867,1.0122921185827911,1,5,2021-02-06,2000.0
Rajahmundry APMC,Paddy,2021-01-30,0.5,1868.0,1868.0,1868.0,1868.0,1868.0,1868.0,1868.0,0.0,0.0,0.0,0.0,1.0,1.0,1,5,2021-02-06,1868.0
Rajahmundry APMC,Swarna Masuri (New),2021-01-30,0.5,1888.0,1888.0,1888.0,1888.0,1888.0,1888.0,1888.0,0.0,0.0,0.0,0.0,1.0,1.0,1,5,2021-02-06,1888.0
Rajahmundry APMC,Paddy,2021-01-31,0.5,1868.0,1868.0,1868.0,1868.0,1868.0,1868.0,1868.0,0.0,0.0,0.0,0.0,1.0,1.0,1,6,2021-02-07,1868.0
Rajahmundry APMC,Swarna Masuri (New),2021-01-31,0.5,1888.0,1888.0,1888.0,1888.0,1888.0,1888.0,1888.0,0.0,0.0,0.0,0.0,1.0,1.0,1,6,2021-02-07,1888.0
Atmakur (Nandyal District) APMC,Sona Mahsuri,2021-01-31,0.01,1800.0,1800.0,1800.0,1800.0,1800.0,1800.0,1800.0,0.0,0.0,0.0,0.0,1.0,1.0,1,6,2021-02-12,1800.0
Banaganapalli APMC,Sona Mahsuri,2021-01-31,1.0,1900.0,2050.0,2000.0,2000.0,2000.0,1987.142857142857,1975.7142857142856,16.035674514745704,23.109866595589228,0.0,0.0,1.00647016534867,1.0122921185827911,1,6,2021-02-07,2000.0
Rajahmundry APMC,Swarna Masuri (New),2021-02-01,0.5,1888.0,1888.0,1888.0,1888.0,1888.0,1888.0,1888.0,0.0,0.0,0.0,0.0,1.0,1.0,2,0,2021-02-08,1888.0
Rajahmundry APMC,Paddy,2021-02-01,0.5,1868.0,1868.0,1868.0,1868.0,1868.0,1868.0,1868.0,0.0,0.0,0.0,0.0,1.0,1.0,2,0,2021-02-08,1868.0
Banaganapalli APMC,Sona Mahsuri,2021-02-01,1.0,1900.0,2100.0,2000.0,2000.0,1970.0,1987.142857142857,1979.2857142857144,16.035674514745704,22.689979392567967,0.0,30.0,1.00647016534867,1.010465535907615,2,0,2021-02-08,2000.0
Banaganapalli APMC,Sona Mahsuri,2021-02-02,1.0,1900.0,2100.0,2000.0,2000.0,1970.0,1991.4285714285716,1982.857142857143,14.63850109422833,21.63635524139543,0.0,30.0,1.0043041606886658,1.0086455331412103,2,1,2021-02-09,2000.0
Rajahmundry APMC,Paddy,2021-02-02,0.5,1868.0,1868.0,1868.0,1868.0,1868.0,1868.0,1868.0,0.0,0.0,0.0,0.0,1.0,1.0,2,1,2021-02-09,1868.0
Rajahmundry APMC,Swarna Masuri (New),2021-02-02,0.5,1888.0,1888.0,1888.0,1888.0,1888.0,1888.0,1888.0,0.0,0.0,0.0,0.0,1.0,1.0,2,1,2021-02-09,1888.0
Banaganapalli APMC,Sona Mahsuri,2021-02-03,1.0,1900.0,2100.0,2000.0,2000.0,1970.0,1995.7142857142856,1986.4285714285716,11.33893419027726,19.84832597364405,0.0,30.0,1.0021474588403725,1.00683207479324,2,2,2021-02-10,2050.0
Rajahmundry APMC,Paddy,2021-02-03,0.5,1868.0,1868.0,1868.0,1868.0,1868.0,1868.0,1868.0,0.0,0.0,0.0,0.0,1.0,1.0,2,2,2021-02-12,1863.0
Rajahmundry APMC,Swarna Masuri (New),2021-02-03,0.5,1888.0,1888.0,1888.0,1888.0,1888.0,1888.0,1888.0,0.0,0.0,0.0,0.0,1.0,1.0,2,2,2021-02-12,1888.0
Banaganapalli APMC,Sona Mahsuri,2021-02-04,1.0,1900.0,2100.0,2000.0,2000.0,2000.0,2000.0,1990.0,0.0,17.097008285301825,0.0,0.0,1.0,1.0050251256281406,2,3,2021-02-11,2050.0
Rajahmundry APMC,Paddy,2021-02-04,0.5,1868.0,1868.0,1868.0,1868.0,1868.0,1868.0,1868.0,0.0,0.0,0.0,0.0,1.0,1.0,2,3,2021-02-12,1863.0
Rajahmundry APMC,Swarna Masuri (New),2021-02-04,0.5,1888.0,1888.0,1888.0,1888.0,1888.0,1888.0,1888.0,0.0,0.0,0.0,0.0,1.0,1.0,2,3,2021-02-12,1888.0
Rajahmundry APMC,Paddy,2021-02-05,0.5,1868.0,1868.0,1868.0,1868.0,1868.0,1868.0,1868.0,0.0,0.0,0.0,0.0,1.0,1.0,2,4,2021-02-12,1863.0
Rajahmundry APMC,Swarna Masuri (New),2021-02-05,0.5,1888.0,1888.0,1888.0,1888.0,1888.0,1888.0,1888.0,0.0,0.0,0.0,0.0,1.0,1.0,2,4,2021-02-12,1888.0
Atmakur (Nandyal District) APMC,Sona Mahsuri,2021-02-05,0.01,1800.0,1800.0,1800.0,1800.0,1800.0,1800.0,1800.0,0.0,0.0,0.0,0.0,1.0,1.0,2,4,2021-02-12,1800.0
Banaganapalli APMC,Sona Mahsuri,2021-02-05,1.0,1900.0,2100.0,2000.0,2000.0,2000.0,2000.0,1993.571428571429,0.0,12.774459408789022,0.0,0.0,1.0,1.0032246506628448,2,4,2021-02-12,2050.0
Atmakur (Nandyal District) APMC,Sona Mahsuri,2021-02-06,0.01,1800.0,1800.0,1800.0,1800.0,1800.0,1800.0,1800.0,0.0,0.0,0.0,0.0,1.0,1.0,2,5,2021-02-13,1800.0
Banaganapalli APMC,Sona Mahsuri,2021-02-06,1.0,1900.0,2100.0,2000.0,2000.0,2000.0,2000.0,1993.571428571429,0.0,12.774459408789022,0.0,0.0,1.0,1.0032246506628448,2,5,2021-02-13,2050.0
Rajahmundry APMC,Paddy,2021-02-06,0.5,1868.0,1868.0,1868.0,1868.0,1868.0,1868.0,1868.0,0.0,0.0,0.0,0.0,1.0,1.0,2,5,2021-02-13,1863.0
Rajahmundry APMC,Swarna Masuri (New),2021-02-06,0.5,1888.0,1888.0,1888.0,1888.0,1888.0,1888.0,1888.0,0.0,0.0,0.0,0.0,1.0,1.0,2,5,2021-02-13,1888.0
Banaganapalli APMC,Sona Mahsuri,2021-02-07,1.0,1900.0,2100.0,2000.0,2000.0,2000.0,2000.0,1993.571428571429,0.0,12.774459408789022,0.0,0.0,1.0,1.0032246506628448,2,6,2021-02-14,2050.0
Rajahmundry APMC,Paddy,2021-02-07,0.5,1868.0,1868.0,1868.0,1868.0,1868.0,1868.0,1868.0,0.0,0.0,0.0,0.0,1.0,1.0,2,6,2021-02-14,1863.0
Rajahmundry APMC,Swarna Masuri (New),2021-02-07,0.5,1888.0,1888.0,1888.0,1888.0,1888.0,1888.0,1888.0,0.0,0.0,0.0,0.0,1.0,1.0,2,6,2021-02-14,1888.0
Banaganapalli APMC,Sona Mahsuri,2021-02-08,1.0,1950.0,2100.0,2000.0,2000.0,2000.0,2000.0,1993.571428571429,0.0,12.774459408789022,0.0,0.0,1.0,1.0032246506628448,2,0,2021-02-15,2050.0
Rajahmundry APMC,Paddy,2021-02-08,0.5,1868.0,1868.0,1868.0,1868.0,1868.0,1868.0,1868.0,0.0,0.0,0.0,0.0,1.0,1.0,2,0,2021-02-15,1863.0
Rajahmundry APMC,Swarna Masuri (New),2021-02-08,0.5,1888.0,1888.0,1888.0,1888.0,1888.0,1888.0,1888.0,0.0,0.0,0.0,0.0,1.0,1.0,2,0,2021-02-15,1888.0
Rajahmundry APMC,Swarna Masuri (New),2021-02-09,0.5,1888.0,1888.0,1888.0,1888.0,1888.0,1888.0,1888.0,0.0,0.0,0.0,0.0,1.0,1.0,2,1,2021-02-19,1888.0
Banaganapalli APMC,Sona Mahsuri,2021-02-09,1.0,1950.0,2100.0,2000.0,2000.0,2000.0,2000.0,1995.7142857142856,0.0,10.894095588037697,0.0,0.0,1.0,1.0021474588403725,2,1,2021-02-16,2050.0
Rajahmundry APMC,Paddy,2021-02-09,0.5,1868.0,1868.0,1868.0,1868.0,1868.0,1868.0,1868.0,0.0,0.0,0.0,0.0,1.0,1.0,2,1,2021-02-19,1868.0
Banaganapalli APMC,Sona Mahsuri,2021-02-10,1.0,2000.0,2100.0,2050.0,2000.0,2000.0,2000.0,1997.857142857143,0.0,8.017837257371625,50.0,50.0,1.025,1.026099392205935,2,2,2021-02-17,2050.0
Banaganapalli APMC,Sona Mahsuri,2021-02-11,1.0,2000.0,2100.0,2050.0,2050.0,2000.0,2007.142857142857,2003.571428571429,18.898223650461368,13.363062095621205,0.0,50.0,1.0213523131672595,1.0231729055258467,2,3,2021-02-18,2100.0
Atmakur (Nandyal District) APMC,Sona Mahsuri,2021-02-12,0.01,1800.0,1800.0,1800.0,1800.0,1800.0,1800.0,1800.0,0.0,0.0,0.0,0.0,1.0,1.0,2,4,2021-02-19,1800.0
Banaganapalli APMC,Sona Mahsuri,2021-02-12,1.0,2000.0,2100.0,2050.0,2050.0,2000.0,2014.2857142857144,2007.142857142857,24.397501823713355,18.156825980064024,0.0,50.0,1.017730496453901,1.0213523131672595,2,4,2021-02-19,2100.0
Rajahmundry APMC,Paddy,2021-02-12,0.5,1863.0,1863.0,1863.0,1868.0,1868.0,1868.0,1868.0,0.0,0.0,-5.0,-5.0,0.997323340471092,0.997323340471092,2,4,2021-02-19,1868.0
Rajahmundry APMC,Swarna Masuri (New),2021-02-12,0.5,1888.0,1888.0,1888.0,1888.0,1888.0,1888.0,1888.0,0.0,0.0,0.0,0.0,1.0,1.0,2,4,2021-02-19,1888.0
Atmakur (Nandyal District) APMC,Sona Mahsuri,2021-02-13,0.01,1800.0,1800.0,1800.0,1800.0,1800.0,1800.0,1800.0,0.0,0.0,0.0,0.0,1.0,1.0,2,5,2021-02-20,1800.0
Banaganapalli APMC,Sona Mahsuri,2021-02-13,1.0,2000.0,2100.0,2050.0,2050.0,2000.0,2021.4285714285716,2010.7142857142856,26.726124191242494,21.290765681315943,0.0,50.0,1.0141342756183749,1.019538188277087,2,5,2021-02-20,2100.0
Rajahmundry APMC,Paddy,2021-02-13,0.5,1863.0,1863.0,1863.0,1863.0,1868.0,1867.2857142857144,1867.642857142857,1.8898223650461217,1.3363062095621172,0.0,-5.0,0.9977048427817304,0.9975140551497303,2,5,2021-02-20,1868.0
Rajahmundry APMC,Swarna Masuri (New),2021-02-13,0.5,1888.0,1888.0,1888.0,1888.0,1888.0,1888.0,1888.0,0.0,0.0,0.0,0.0,1.0,1.0,2,5,2021-02-20,1888.0
Atmakur (Nandyal District) APMC,Sona Mahsuri,2021-02-14,0.01,1800.0,1800.0,1800.0,1800.0,1800.0,1800.0,1800.0,0.0,0.0,0.0,0.0,1.0,1.0,2,6,2021-02-21,1800.0
Banaganapalli APMC,Sona Mahsuri,2021-02-14,1.0,2000.0,2100.0,2050.0,2050.0,2000.0,2028.571428571429,2014.2857142857144,26.726124191242494,23.44036154692469,0.0,50.0,1.01056338028169,1.017730496453901,2,6,2021-02-21,2100.0
Rajahmundry APMC,Paddy,2021-02-14,0.5,1863.0,1863.0,1863.0,1863.0,1868.0,1866.571428571429,1867.2857142857144,2.4397501823712795,1.8156825980063889,0.0,-5.0,0.99808663707332,0.9977048427817304,2,6,2021-02-21,1868.0
Rajahmundry APMC,Swarna Masuri (New),2021-02-14,0.5,1888.0,1888.0,1888.0,1888.0,1888.0,1888.0,1888.0,0.0,0.0,0.0,0.0,1.0,1.0,2,6,2021-02-21,1888.0
Rajahmundry APMC,Swarna Masuri (New),2021-02-15,0.5,1888.0,1888.0,1888.0,1888.0,1888.0,1888.0,1888.0,0.0,0.0,0.0,0.0,1.0,1.0,2,0,2021-02-22,1888.0
Rajahmundry APMC,Paddy,2021-02-15,0.5,1863.0,1863.0,1863.0,1863.0,1868.0,1865.857142857143,1866.9285714285716,2.6726124191241816,2.1290765681315613,0.0,-5.0,0.9984687236811882,0.9978957034089604,2,0,2021-02-22,1868.0
Banaganapalli APMC,Sona Mahsuri,2021-02-15,1.0,2000.0,2100.0,2050.0,2050.0,2000.0,2035.7142857142856,2017.857142857143,24.397501823713355,24.86225790494226,0.0,50.0,1.0070175438596491,1.015929203539823,2,0,2021-02-22,2100.0
Atmakur (Nandyal District) APMC,Sona Mahsuri,2021-02-15,0.01,1800.0,1800.0,1800.0,1800.0,1800.0,1800.0,1800.0,0.0,0.0,0.0,0.0,1.0,1.0,2,0,2021-02-22,1800.0
Atmakur (Nandyal District) APMC,Sona Mahsuri,2021-02-16,0.01,1800.0,1800.0,1800.0,1800.0,1800.0,1800.0,1800.0,0.0,0.0,0.0,0.0,1.0,1.0,2,1,2021-02-23,1800.0
Banaganapalli APMC,Sona Mahsuri,2021-02-16,1.0,2000.0,2100.0,2050.0,2050.0,2000.0,2042.857142857143,2021.4285714285716,18.898223650461368,25.67762955065468,0.0,50.0,1.0034965034965035,1.0141342756183749,2,1,2021-02-23,2100.0
Atmakur (Nandyal District) APMC,Sona Mahsuri,2021-02-17,0.01,1800.0,1800.0,1800.0,1800.0,1800.0,1800.0,1800.0,0.0,0.0,0.0,0.0,1.0,1.0,2,2,2021-02-24,1800.0
Banaganapalli APMC,Sona Mahsuri,2021-02-17,1.0,2000.0,2100.0,2050.0,2050.0,2050.0,2050.0,2025.0,0.0,25.94372608313841,0.0,0.0,1.0,1.0123456790123455,2,2,2021-02-24,2100.0
Atmakur (Nandyal District) APMC,Sona Mahsuri,2021-02-18,0.01,1800.0,1800.0,1800.0,1800.0,1800.0,1800.0,1800.0,0.0,0.0,0.0,0.0,1.0,1.0,2,3,2021-02-25,1800.0
Banaganapalli APMC,Sona Mahsuri,2021-02-18,1.0,2000.0,2200.0,2100.0,2050.0,2050.0,2050.0,2028.571428571429,0.0,25.677629550654625,50.0,50.0,1.024390243902439,1.0352112676056338,2,3,2021-02-25,2100.0
Atmakur (Nandyal District) APMC,Sona Mahsuri,2021-02-19,0.01,1800.0,1800.0,1800.0,1800.0,1800.0,1800.0,1800.0,0.0,0.0,0.0,0.0,1.0,1.0,2,4,2021-02-26,1800.0
Banaganapalli APMC,Sona Mahsuri,2021-02-19,1.0,2000.0,2200.0,2100.0,2100.0,2050.0,2057.1428571428573,2035.7142857142856,18.89822365046132,30.56249227510617,0.0,50.0,1.0208333333333333,1.031578947368421,2,4,2021-02-26,2100.0
Rajahmundry APMC,Paddy,2021-02-19,0.5,1868.0,1868.0,1868.0,1863.0,1868.0,1865.142857142857,1866.571428571429,2.6726124191241816,2.344036154692429,5.0,0.0,1.001531862745098,1.000765345170672,2,4,2021-02-26,1868.0
Rajahmundry APMC,Swarna Masuri (New),2021-02-19,0.5,1888.0,1888.0,1888.0,1888.0,1888.0,1888.0,1888.0,0.0,0.0,0.0,0.0,1.0,1.0,2,4,2021-02-26,1888.0
Rajahmundry APMC,Swarna Masuri (New),2021-02-20,0.5,1888.0,1888.0,1888.0,1888.0,1888.0,1888.0,1888.0,0.0,0.0,0.0,0.0,1.0,1.0,2,5,2021-02-27,1888.0
Rajahmundry APMC,Paddy,2021-02-20,0.5,1868.0,1868.0,1868.0,1868.0,1868.0,1865.142857142857,1866.571428571429,2.6726124191241816,2.344036154692429,0.0,0.0,1.001531862745098,1.000765345170672,2,5,2021-02-27,1868.0
Banaganapalli APMC,Sona Mahsuri,2021-02-20,1.0,2000.0,2200.0,2100.0,2100.0,2050.0,2064.285714285714,2042.857142857143,24.39750182371328,33.14967720658963,0.0,50.0,1.0173010380622838,1.027972027972028,2,5,2021-02-27,2100.0
Atmakur (Nandyal District) APMC,Sona Mahsuri,2021-02-20,0.01,1800.0,1800.0,1800.0,1800.0,1800.0,1800.0,1800.0,0.0,0.0,0.0,0.0,1.0,1.0,2,5,2021-02-27,1800.0
Atmakur (Nandyal District) APMC,Sona Mahsuri,2021-02-21,0.01,1800.0,1800.0,1800.0,1800.0,1800.0,1800.0,1800.0,0.0,0.0,0.0,0.0,1.0,1.0,2,6,2021-02-28,1800.0
Banaganapalli APMC,Sona Mahsuri,2021-02-21,1.0,2000.0,2150.0,2100.0,2100.0,2050.0,2071.428571428572,2050.0,26.726124191242448,33.96831102433771,0.0,50.0,1.013793103448276,1.024390243902439,2,6,2021-02-28,2100.0
Rajahmundry APMC,Paddy,2021-02-21,0.5,1868.0,1868.0,1868.0,1868.0,1868.0,1865.142857142857,1866.571428571429,2.6726124191241816,2.344036154692429,0.0,0.0,1.001531862745098,1.000765345170672,2,6,2021-02-28,1868.0
Rajahmundry APMC,Swarna Masuri (New),2021-02-21,0.5,1888.0,1888.0,1888.0,1888.0,1888.0,1888.0,1888.0,0.0,0.0,0.0,0.0,1.0,1.0,2,6,2021-02-28,1888.0
Atmakur (Nandyal District) APMC,Sona Mahsuri,2021-02-22,0.01,1800.0,1800.0,1800.0,1800.0,1800.0,1800.0,1800.0,0.0,0.0,0.0,0.0,1.0,1.0,2,0,2021-03-04,1800.0
Banaganapalli APMC,Sona Mahsuri,2021-02-22,1.0,2000.0,2150.0,2100.0,2100.0,2050.0,2078.5714285714284,2057.1428571428573,26.72612419124258,33.149677206589644,0.0,50.0,1.0103092783505154,1.0208333333333333,2,0,2021-03-01,2050.0
Rajahmundry APMC,Paddy,2021-02-22,0.5,1868.0,1868.0,1868.0,1868.0,1863.0,1865.142857142857,1866.571428571429,2.6726124191241816,2.344036154692429,0.0,5.0,1.001531862745098,1.000765345170672,2,0,2021-03-01,1868.0
Rajahmundry APMC,Swarna Masuri (New),2021-02-22,0.5,1888.0,1888.0,1888.0,1888.0,1888.0,1888.0,1888.0,0.0,0.0,0.0,0.0,1.0,1.0,2,0,2021-03-01,1888.0
Rajahmundry APMC,Paddy,2021-02-23,0.5,1868.0,1868.0,1868.0,1868.0,1863.0,1865.857142857143,1866.571428571429,2.6726124191241816,2.344036154692429,0.0,5.0,1.0011484572391087,1.000765345170672,2,1,2021-03-02,1868.0
Rajahmundry APMC,Swarna Masuri (New),2021-02-23,0.5,1888.0,1888.0,1888.0,1888.0,1888.0,1888.0,1888.0,0.0,0.0,0.0,0.0,1.0,1.0,2,1,2021-03-02,1888.0
Atmakur (Nandyal District) APMC,Sona Mahsuri,2021-02-23,0.01,1800.0,1800.0,1800.0,1800.0,1800.0,1800.0,1800.0,0.0,0.0,0.0,0.0,1.0,1.0,2,1,2021-03-04,1800.0
Banaganapalli APMC,Sona Mahsuri,2021-02-23,1.0,2000.0,2150.0,2100.0,2100.0,2050.0,2085.714285714286,2064.285714285714,24.397501823713707,30.5624922751062,0.0,50.0,1.0068493150684932,1.0173010380622838,2,1,2021-03-02,2050.0
Atmakur (Nandyal District) APMC,Sona Mahsuri,2021-02-24,0.01,1800.0,1800.0,1800.0,1800.0,1800.0,1800.0,1800.0,0.0,0.0,0.0,0.0,1.0,1.0,2,2,2021-03-04,1800.0
Banaganapalli APMC,Sona Mahsuri,2021-02-24,1.0,2000.0,2150.0,2100.0,2100.0,2050.0,2092.8571428571427,2071.428571428572,18.89822365046225,25.677629550654668,0.0,50.0,1.0034129692832765,1.013793103448276,2,2,2021-03-03,2100.0
Rajahmundry APMC,Paddy,2021-02-24,0.5,1868.0,1868.0,1868.0,1868.0,1863.0,1866.571428571429,1866.571428571429,2.4397501823712333,2.344036154692429,0.0,5.0,1.000765345170672,1.000765345170672,2,2,2021-03-03,1868.0
Rajahmundry APMC,Swarna Masuri (New),2021-02-24,0.5,1888.0,1888.0,1888.0,1888.0,1888.0,1888.0,1888.0,0.0,0.0,0.0,0.0,1.0,1.0,2,2,2021-03-03,1888.0
Atmakur (Nandyal District) APMC,Sona Mahsuri,2021-02-25,0.01,1800.0,1800.0,1800.0,1800.0,1800.0,1800.0,1800.0,0.0,0.0,0.0,0.0,1.0,1.0,2,3,2021-03-04,1800.0
Banaganapalli APMC,Sona Mahsuri,2021-02-25,1.0,2000.0,2150.0,2100.0,2100.0,2100.0,2100.0,2075.0,0.0,25.94372608313846,0.0,0.0,1.0,1.0120481927710845,2,3,2021-03-04,2050.0
Rajahmundry APMC,Paddy,2021-02-25,0.5,1868.0,1868.0,1868.0,1868.0,1863.0,1867.2857142857144,1866.571428571429,1.889822365045969,2.344036154692429,0.0,5.0,1.000382526203045,1.000765345170672,2,3,2021-03-04,1868.0
Rajahmundry APMC,Swarna Masuri (New),2021-02-25,0.5,1888.0,1888.0,1888.0,1888.0,1888.0,1888.0,1888.0,0.0,0.0,0.0,0.0,1.0,1.0,2,3,2021-03-04,1888.0
Rajahmundry APMC,Swarna Masuri (New),2021-02-26,0.5,1888.0,1888.0,1888.0,1888.0,1888.0,1888.0,1888.0,0.0,0.0,0.0,0.0,1.0,1.0,2,4,2021-03-05,1888.0
Atmakur (Nandyal District) APMC,Sona Mahsuri,2021-02-26,0.01,1800.0,1800.0,1800.0,1800.0,1800.0,1800.0,1800.0,0.0,0.0,0.0,0.0,1.0,1.0,2,4,2021-03-05,1800.0
Banaganapalli APMC,Sona Mahsuri,2021-02-26,1.0,2000.0,2150.0,2100.0,2100.0,2100.0,2100.0,2078.5714285714284,0.0,25.677629550654668,0.0,0.0,1.0,1.0103092783505154,2,4,2021-03-05,2050.0
Rajahmundry APMC,Paddy,2021-02-26,0.5,1868.0,1868.0,1868.0,1868.0,1868.0,1868.0,1866.571428571429,0.0,2.344036154692429,0.0,0.0,1.0,1.000765345170672,2,4,2021-03-05,1868.0
Rajahmundry APMC,Swarna Masuri (New),2021-02-27,0.5,1888.0,1888.0,1888.0,1888.0,1888.0,1888.0,1888.0,0.0,0.0,0.0,0.0,1.0,1.0,2,5,2021-03-06,1888.0
Rajahmundry APMC,Paddy,2021-02-27,0.5,1868.0,1868.0,1868.0,1868.0,1868.0,1868.0,1866.571428571429,0.0,2.344036154692429,0.0,0.0,1.0,1.000765345170672,2,5,2021-03-06,1868.0
Atmakur (Nandyal District) APMC,Sona Mahsuri,2021-02-27,0.01,1800.0,1800.0,1800.0,1800.0,1800.0,1800.0,1800.0,0.0,0.0,0.0,0.0,1.0,1.0,2,5,2021-03-06,1800.0
Banaganapalli APMC,Sona Mahsuri,2021-02-27,1.0,2000.0,2150.0,2100.0,2100.0,2100.0,2100.0,2082.1428571428573,0.0,24.8622579049422,0.0,0.0,1.0,1.008576329331046,2,5,2021-03-06,2050.0
Atmakur (Nandyal District) APMC,Sona Mahsuri,2021-02-28,0.01,1800.0,1800.0,1800.0,1800.0,1800.0,1800.0,1800.0,0.0,0.0,0.0,0.0,1.0,1.0,2,6,2021-03-07,1800.0
Banaganapalli APMC,Sona Mahsuri,2021-02-28,1.0,2000.0,2150.0,2100.0,2100.0,2100.0,2100.0,2085.714285714286,0.0,23.4403615469246,0.0,0.0,1.0,1.0068493150684932,2,6,2021-03-07,2050.0
Rajahmundry APMC,Paddy,2021-02-28,0.5,1868.0,1868.0,1868.0,1868.0,1868.0,1868.0,1866.571428571429,0.0,2.344036154692429,0.0,0.0,1.0,1.000765345170672,2,6,2021-03-07,1868.0
Rajahmundry APMC,Swarna Masuri (New),2021-02-28,0.5,1888.0,1888.0,1888.0,1888.0,1888.0,1888.0,1888.0,0.0,0.0,0.0,0.0,1.0,1.0,2,6,2021-03-07,1888.0
Banaganapalli APMC,Sona Mahsuri,2021-03-01,1.0,2000.0,2100.0,2050.0,2100.0,2100.0,2100.0,2089.285714285714,0.0,21.2907656813158,-50.0,-50.0,0.9761904761904762,0.9811965811965812,3,0,2021-03-08,2100.0
Rajahmundry APMC,Paddy,2021-03-01,0.5,1868.0,1868.0,1868.0,1868.0,1868.0,1868.0,1866.571428571429,0.0,2.344036154692429,0.0,0.0,1.0,1.000765345170672,3,0,2021-03-08,1868.0
Rajahmundry APMC,Swarna Masuri (New),2021-03-01,0.5,1888.0,1888.0,1888.0,1888.0,1888.0,1888.0,1888.0,0.0,0.0,0.0,0.0,1.0,1.0,3,0,2021-03-08,1888.0
Banaganapalli APMC,Sona Mahsuri,2021-03-02,1.0,2000.0,2100.0,2050.0,2050.0,2100.0,2092.8571428571427,2089.285714285714,18.89822365046132,21.2907656813158,0.0,-50.0,0.9795221843003414,0.9811965811965812,3,1,2021-03-09,2100.0
Rajahmundry APMC,Paddy,2021-03-02,0.5,1868.0,1886.0,1868.0,1868.0,1868.0,1868.0,1866.9285714285716,0.0,2.1290765681315613,0.0,0.0,1.0,1.0005738990702835,3,1,2021-03-09,1868.0
Rajahmundry APMC,Swarna Masuri (New),2021-03-02,0.5,1888.0,1888.0,1888.0,1888.0,1888.0,1888.0,1888.0,0.0,0.0,0.0,0.0,1.0,1.0,3,1,2021-03-09,1888.0
Rajahmundry APMC,Swarna Masuri (New),2021-03-03,0.5,1888.0,1888.0,1888.0,1888.0,1888.0,1888.0,1888.0,0.0,0.0,0.0,0.0,1.0,1.0,3,2,2021-03-10,1888.0
Rajahmundry APMC,Paddy,2021-03-03,0.5,1868.0,1868.0,1868.0,1868.0,1868.0,1868.0,1867.2857142857144,0.0,1.8156825980063889,0.0,0.0,1.0,1.000382526203045,3,2,2021-03-10,1868.0
Banaganapalli APMC,Sona Mahsuri,2021-03-03,1.0,2000.0,2150.0,2100.0,2050.0,2100.0,2085.714285714286,2089.285714285714,24.39750182371328,21.2907656813158,50.0,0.0,1.0068493150684932,1.005128205128205,3,2,2021-03-13,2100.0
Atmakur (Nandyal District) APMC,Sona Mahsuri,2021-03-04,0.01,1800.0,1800.0,1800.0,1800.0,1800.0,1800.0,1800.0,0.0,0.0,0.0,0.0,1.0,1.0,3,3,2021-03-11,1800.0
Banaganapalli APMC,Sona Mahsuri,2021-03-04,1.0,2000.0,2100.0,2050.0,2100.0,2100.0,2085.714285714286,2092.8571428571427,24.39750182371328,18.15682598006382,-50.0,-50.0,0.982876712328767,0.9795221843003414,3,3,2021-03-13,2100.0
Rajahmundry APMC,Paddy,2021-03-04,0.5,1868.0,1868.0,1868.0,1868.0,1868.0,1868.0,1867.642857142857,0.0,1.3363062095621174,0.0,0.0,1.0,1.000191226526944,3,3,2021-03-13,1868.0
Rajahmundry APMC,Swarna Masuri (New),2021-03-04,0.5,1888.0,1888.0,1888.0,1888.0,1888.0,1888.0,1888.0,0.0,0.0,0.0,0.0,1.0,1.0,3,3,2021-03-13,1888.0
Atmakur (Nandyal District) APMC,Sona Mahsuri,2021-03-05,0.01,1800.0,1800.0,1800.0,1800.0,1800.0,1800.0,1800.0,0.0,0.0,0.0,0.0,1.0,1.0,3,4,2021-03-12,1800.0
Banaganapalli APMC,Sona Mahsuri,2021-03-05,1.0,2000.0,2100.0,2050.0,2050.0,2100.0,2078.5714285714284,2089.285714285714,26.726124191242448,21.2907656813158,0.0,-50.0,0.986254295532646,0.9811965811965812,3,4,2021-03-13,2100.0
Rajahmundry APMC,Paddy,2021-03-05,0.5,1868.0,1868.0,1868.0,1868.0,1868.0,1868.0,1868.0,0.0,0.0,0.0,0.0,1.0,1.0,3,4,2021-03-13,1868.0
Rajahmundry APMC,Swarna Masuri (New),2021-03-05,0.5,1888.0,1888.0,1888.0,1888.0,1888.0,1888.0,1888.0,0.0,0.0,0.0,0.0,1.0,1.0,3,4,2021-03-13,1888.0
Atmakur (Nandyal District) APMC,Sona Mahsuri,2021-03-06,0.01,1800.0,1800.0,1800.0,1800.0,1800.0,1800.0,1800.0,0.0,0.0,0.0,0.0,1.0,1.0,3,5,2021-03-13,1800.0
Banaganapalli APMC,Sona Mahsuri,2021-03-06,1.0,2000.0,2100.0,2050.0,2050.0,2100.0,2071.428571428572,2085.714285714286,26.72612419124258,23.4403615469246,0.0,-50.0,0.9896551724137932,0.982876712328767,3,5,2021-03-13,2100.0
Rajahmundry APMC,Paddy,2021-03-06,0.5,1868.0,1868.0,1868.0,1868.0,1868.0,1868.0,1868.0,0.0,0.0,0.0,0.0,1.0,1.0,3,5,2021-03-13,1868.0
Rajahmundry APMC,Swarna Masuri (New),2021-03-06,0.5,1888.0,1888.0,1888.0,1888.0,1888.0,1888.0,1888.0,0.0,0.0,0.0,0.0,1.0,1.0,3,5,2021-03-13,1888.0
Rajahmundry APMC,Swarna Masuri (New),2021-03-07,0.5,1888.0,1888.0,1888.0,1888.0,1888.0,1888.0,1888.0,0.0,0.0,0.0,0.0,1.0,1.0,3,6,2021-03-14,1888.0
Rajahmundry APMC,Paddy,2021-03-07,0.5,1868.0,1868.0,1868.0,1868.0,1868.0,1868.0,1868.0,0.0,0.0,0.0,0.0,1.0,1.0,3,6,2021-03-14,1868.0
Banaganapalli APMC,Sona Mahsuri,2021-03-07,1.0,2000.0,2100.0,2050.0,2050.0,2100.0,2064.285714285714,2082.1428571428573,24.397501823713707,24.8622579049422,0.0,-50.0,0.9930795847750864,0.9845626072041166,3,6,2021-03-14,2100.0
Atmakur (Nandyal District) APMC,Sona Mahsuri,2021-03-07,0.01,1800.0,1800.0,1800.0,1800.0,1800.0,1800.0,1800.0,0.0,0.0,0.0,0.0,1.0,1.0,3,6,2021-03-14,1800.0
Atmakur (Nandyal District) APMC,Sona Mahsuri,2021-03-08,0.01,1800.0,1800.0,1800.0,1800.0,1800.0,1800.0,1800.0,0.0,0.0,0.0,0.0,1.0,1.0,3,0,2021-03-15,1800.0
Banaganapalli APMC,Sona Mahsuri,2021-03-08,1.0,2000.0,2150.0,2100.0,2050.0,2050.0,2057.1428571428573,2078.5714285714284,18.89822365046225,25.677629550654668,50.0,50.0,1.0208333333333333,1.0103092783505154,3,0,2021-03-15,2100.0
Rajahmundry APMC,Paddy,2021-03-08,0.5,1868.0,1868.0,1868.0,1868.0,1868.0,1868.0,1868.0,0.0,0.0,0.0,0.0,1.0,1.0,3,0,2021-03-15,1868.0
Rajahmundry APMC,Swarna Masuri (New),2021-03-08,0.5,1888.0,1888.0,1888.0,1888.0,1888.0,1888.0,1888.0,0.0,0.0,0.0,0.0,1.0,1.0,3,0,2021-03-15,1888.0
Atmakur (Nandyal District) APMC,Sona Mahsuri,2021-03-09,0.01,1800.0,1800.0,1800.0,1800.0,1800.0,1800.0,1800.0,0.0,0.0,0.0,0.0,1.0,1.0,3,1,2021-03-16,1800.0
Banaganapalli APMC,Sona Mahsuri,2021-03-09,1.0,2000.0,2150.0,2100.0,2100.0,2050.0,2064.285714285714,2078.5714285714284,24.39750182371358,25.677629550654668,0.0,50.0,1.0173010380622838,1.0103092783505154,3,1,2021-03-16,2050.0
Rajahmundry APMC,Paddy,2021-03-09,0.5,1868.0,1868.0,1868.0,1868.0,1868.0,1868.0,1868.0,0.0,0.0,0.0,0.0,1.0,1.0,3,1,2021-03-16,1868.0
Rajahmundry APMC,Swarna Masuri (New),2021-03-09,0.5,1888.0,1888.0,1888.0,1888.0,1888.0,1888.0,1888.0,0.0,0.0,0.0,0.0,1.0,1.0,3,1,2021-03-16,1888.0
Atmakur (Nandyal District) APMC,Sona Mahsuri,2021-03-10,0.01,1800.0,1800.0,1800.0,1800.0,1800.0,1800.0,1800.0,0.0,0.0,0.0,0.0,1.0,1.0,3,2,2021-03-17,1800.0
Rajahmundry APMC,Paddy,2021-03-10,0.5,1868.0,1868.0,1868.0,1868.0,1868.0,1868.0,1868.0,0.0,0.0,0.0,0.0,1.0,1.0,3,2,2021-03-17,1868.0
Rajahmundry APMC,Swarna Masuri (New),2021-03-10,0.5,1888.0,1888.0,1888.0,1888.0,1888.0,1888.0,1888.0,0.0,0.0,0.0,0.0,1.0,1.0,3,2,2021-03-17,1888.0
Atmakur (Nandyal District) APMC,Sona Mahsuri,2021-03-11,0.01,1800.0,1800.0,1800.0,1800.0,1800.0,1800.0,1800.0,0.0,0.0,0.0,0.0,1.0,1.0,3,3,2021-03-18,1800.0
Atmakur (Nandyal District) APMC,Sona Mahsuri,2021-03-12,0.01,1800.0,1800.0,1800.0,1800.0,1800.0,1800.0,1800.0,0.0,0.0,0.0,0.0,1.0,1.0,3,4,2021-03-19,1800.0
Atmakur (Nandyal District) APMC,Sona Mahsuri,2021-03-13,0.01,1800.0,1800.0,1800.0,1800.0,1800.0,1800.0,1800.0,0.0,0.0,0.0,0.0,1.0,1.0,3,5,2021-03-20,1800.0
Banaganapalli APMC,Sona Mahsuri,2021-03-13,1.0,2000.0,2150.0,2100.0,2100.0,2100.0,2071.428571428572,2078.5714285714284,26.726124191242217,25.677629550654668,0.0,0.0,1.013793103448276,1.0103092783505154,3,5,2021-03-20,2100.0
Rajahmundry APMC,Paddy,2021-03-13,0.5,1868.0,1868.0,1868.0,1868.0,1868.0,1868.0,1868.0,0.0,0.0,0.0,0.0,1.0,1.0,3,5,2021-03-20,1868.0
Rajahmundry APMC,Swarna Masuri (New),2021-03-13,0.5,1888.0,1888.0,1888.0,1888.0,1888.0,1888.0,1888.0,0.0,0.0,0.0,0.0,1.0,1.0,3,5,2021-03-20,1888.0
Atmakur (Nandyal District) APMC,Sona Mahsuri,2021-03-14,0.01,1800.0,1800.0,1800.0,1800.0,1800.0,1800.0,1800.0,0.0,0.0,0.0,0.0,1.0,1.0,3,6,2021-03-21,1800.0
Banaganapalli APMC,Sona Mahsuri,2021-03-14,1.0,2000.0,2150.0,2100.0,2100.0,2050.0,2071.428571428572,2078.5714285714284,26.726124191242217,25.677629550654668,0.0,50.0,1.013793103448276,1.0103092783505154,3,6,2021-03-21,2100.0
Rajahmundry APMC,Paddy,2021-03-14,0.5,1868.0,1868.0,1868.0,1868.0,1868.0,1868.0,1868.0,0.0,0.0,0.0,0.0,1.0,1.0,3,6,2021-03-21,1868.0
Rajahmundry APMC,Swarna Masuri (New),2021-03-14,0.5,1888.0,1888.0,1888.0,1888.0,1888.0,1888.0,1888.0,0.0,0.0,0.0,0.0,1.0,1.0,3,6,2021-03-21,1888.0
Atmakur (Nandyal District) APMC,Sona Mahsuri,2021-03-15,0.01,1800.0,1800.0,1800.0,1800.0,1800.0,1800.0,1800.0,0.0,0.0,0.0,0.0,1.0,1.0,3,0,2021-03-22,1800.0
Banaganapalli APMC,Sona Mahsuri,2021-03-15,1.0,2000.0,2150.0,2100.0,2100.0,2050.0,2078.5714285714284,2078.5714285714284,26.72612419124173,25.677629550654668,0.0,50.0,1.0103092783505154,1.0103092783505154,3,0,2021-03-22,2100.0
Rajahmundry APMC,Paddy,2021-03-15,0.5,1868.0,1868.0,1868.0,1868.0,1868.0,1868.0,1868.0,0.0,0.0,0.0,0.0,1.0,1.0,3,0,2021-03-22,1868.0
Rajahmundry APMC,Swarna Masuri (New),2021-03-15,0.5,1888.0,1888.0,1888.0,1888.0,1888.0,1888.0,1888.0,0.0,0.0,0.0,0.0,1.0,1.0,3,0,2021-03-22,1888.0
Rajahmundry APMC,Swarna Masuri (New),2021-03-16,0.5,1888.0,1888.0,1888.0,1888.0,1888.0,1888.0,1888.0,0.0,0.0,0.0,0.0,1.0,1.0,3,1,2021-03-23,1888.0
Rajahmundry APMC,Paddy,2021-03-16,0.5,1868.0,1868.0,1868.0,1868.0,1868.0,1868.0,1868.0,0.0,0.0,0.0,0.0,1.0,1.0,3,1,2021-03-23,1868.0
Banaganapalli APMC,Sona Mahsuri,2021-03-16,1.0,2000.0,2100.0,2050.0,2100.0,2050.0,2085.714285714286,2078.5714285714284,24.397501823711963,25.677629550654668,-50.0,0.0,0.982876712328767,0.986254295532646,3,1,2021-03-23,2100.0
Atmakur (Nandyal District) APMC,Sona Mahsuri,2021-03-16,0.01,1800.0,1800.0,1800.0,1800.0,1800.0,1800.0,1800.0,0.0,0.0,0.0,0.0,1.0,1.0,3,1,2021-03-23,1800.0
Atmakur (Nandyal District) APMC,Sona Mahsuri,2021-03-17,0.01,1800.0,1800.0,1800.0,1800.0,1800.0,1800.0,1800.0,0.0,0.0,0.0,0.0,1.0,1.0,3,2,2021-03-24,1800.0
Banaganapalli APMC,Sona Mahsuri,2021-03-17,1.0,2000.0,2100.0,2050.0,2050.0,2050.0,2085.714285714286,2075.0,24.397501823711963,25.94372608313846,0.0,0.0,0.982876712328767,0.9879518072289156,3,2,2021-03-24,2100.0
Rajahmundry APMC,Paddy,2021-03-17,0.5,1868.0,1868.0,1868.0,1868.0,1868.0,1868.0,1868.0,0.0,0.0,0.0,0.0,1.0,1.0,3,2,2021-03-24,1868.0
Rajahmundry APMC,Swarna Masuri (New),2021-03-17,0.5,1888.0,1888.0,1888.0,1888.0,1888.0,1888.0,1888.0,0.0,0.0,0.0,0.0,1.0,1.0,3,2,2021-03-24,1888.0
Atmakur (Nandyal District) APMC,Sona Mahsuri,2021-03-18,0.01,1800.0,1800.0,1800.0,1800.0,1800.0,1800.0,1800.0,0.0,0.0,0.0,0.0,1.0,1.0,3,3,2021-03-25,1800.0
Banaganapalli APMC,Sona Mahsuri,2021-03-18,1.0,2000.0,2100.0,2050.0,2050.0,2100.0,2085.714285714286,2071.428571428572,24.397501823711963,25.677629550654668,0.0,-50.0,0.982876712328767,0.9896551724137932,3,3,2021-03-25,2100.0
Rajahmundry APMC,Paddy,2021-03-18,0.5,1868.0,1868.0,1868.0,1868.0,1868.0,1868.0,1868.0,0.0,0.0,0.0,0.0,1.0,1.0,3,3,2021-03-25,1868.0
Rajahmundry APMC,Swarna Masuri (New),2021-03-18,0.5,1888.0,1888.0,1888.0,1888.0,1888.0,1888.0,1888.0,0.0,0.0,0.0,0.0,1.0,1.0,3,3,2021-03-25,1888.0
Rajahmundry APMC,Paddy,2021-03-19,0.5,1868.0,1868.0,1868.0,1868.0,1868.0,1868.0,1868.0,0.0,0.0,0.0,0.0,1.0,1.0,3,4,2021-03-26,1868.0
Rajahmundry APMC,Swarna Masuri (New),2021-03-19,0.5,1888.0,1888.0,1888.0,1888.0,1888.0,1888.0,1888.0,0.0,0.0,0.0,0.0,1.0,1.0,3,4,2021-03-26,1888.0
Atmakur (Nandyal District) APMC,Sona Mahsuri,2021-03-19,0.01,1800.0,1800.0,1800.0,1800.0,1800.0,1800.0,1800.0,0.0,0.0,0.0,0.0,1.0,1.0,3,4,2021-03-26,1800.0
Banaganapalli APMC,Sona Mahsuri,2021-03-19,1.0,2000.0,2100.0,2050.0,2050.0,2100.0,2078.5714285714284,2071.428571428572,26.72612419124184,25.677629550654668,0.0,-50.0,0.986254295532646,0.9896551724137932,3,4,2021-03-26,2050.0
Atmakur (Nandyal District) APMC,Sona Mahsuri,2021-03-20,0.01,1800.0,1800.0,1800.0,1800.0,1800.0,1800.0,1800.0,0.0,0.0,0.0,0.0,1.0,1.0,3,5,2021-03-27,1800.0
Banaganapalli APMC,Sona Mahsuri,2021-03-20,1.0,2000.0,2150.0,2100.0,2050.0,2100.0,2071.428571428572,2071.428571428572,26.726124191242555,25.677629550654668,50.0,0.0,1.013793103448276,1.013793103448276,3,5,2021-03-27,2050.0
Rajahmundry APMC,Paddy,2021-03-20,0.5,1868.0,1868.0,1868.0,1868.0,1868.0,1868.0,1868.0,0.0,0.0,0.0,0.0,1.0,1.0,3,5,2021-03-29,1868.0
Rajahmundry APMC,Swarna Masuri (New),2021-03-20,0.5,1888.0,1888.0,1888.0,1888.0,1888.0,1888.0,1888.0,0.0,0.0,0.0,0.0,1.0,1.0,3,5,2021-03-29,1888.0
Atmakur (Nandyal District) APMC,Sona Mahsuri,2021-03-21,0.01,1800.0,1800.0,1800.0,1800.0,1800.0,1800.0,1800.0,0.0,0.0,0.0,0.0,1.0,1.0,3,6,2021-03-28,1800.0
Banaganapalli APMC,Sona Mahsuri,2021-03-21,1.0,2000.0,2150.0,2100.0,2100.0,2100.0,2071.428571428572,2071.428571428572,26.726124191242555,25.677629550654668,0.0,0.0,1.013793103448276,1.013793103448276,3,6,2021-03-28,2050.0
Rajahmundry APMC,Paddy,2021-03-21,0.5,1868.0,1868.0,1868.0,1868.0,1868.0,1868.0,1868.0,0.0,0.0,0.0,0.0,1.0,1.0,3,6,2021-03-29,1868.0
Rajahmundry APMC,Swarna Masuri (New),2021-03-21,0.5,1888.0,1888.0,1888.0,1888.0,1888.0,1888.0,1888.0,0.0,0.0,0.0,0.0,1.0,1.0,3,6,2021-03-29,1888.0
Rajahmundry APMC,Swarna Masuri (New),2021-03-22,0.5,1888.0,1888.0,1888.0,1888.0,1888.0,1888.0,1888.0,0.0,0.0,0.0,0.0,1.0,1.0,3,0,2021-03-29,1888.0
Atmakur (Nandyal District) APMC,Sona Mahsuri,2021-03-22,0.01,1800.0,1800.0,1800.0,1800.0,1800.0,1800.0,1800.0,0.0,0.0,0.0,0.0,1.0,1.0,3,0,2021-03-29,1800.0
Banaganapalli APMC,Sona Mahsuri,2021-03-22,1.0,2050.0,2150.0,2100.0,2100.0,2100.0,2071.428571428572,2075.0,26.726124191242555,25.94372608313846,0.0,0.0,1.013793103448276,1.0120481927710845,3,0,2021-03-29,2050.0
Rajahmundry APMC,Paddy,2021-03-22,0.5,1868.0,1868.0,1868.0,1868.0,1868.0,1868.0,1868.0,0.0,0.0,0.0,0.0,1.0,1.0,3,0,2021-03-29,1868.0
Rajahmundry APMC,Swarna Masuri (New),2021-03-23,0.5,1888.0,1888.0,1888.0,1888.0,1888.0,1888.0,1888.0,0.0,0.0,0.0,0.0,1.0,1.0,3,1,2021-03-30,1888.0
Rajahmundry APMC,Paddy,2021-03-23,0.5,1868.0,1868.0,1868.0,1868.0,1868.0,1868.0,1868.0,0.0,0.0,0.0,0.0,1.0,1.0,3,1,2021-03-30,1868.0
Banaganapalli APMC,Sona Mahsuri,2021-03-23,1.0,2050.0,2150.0,2100.0,2100.0,2050.0,2071.428571428572,2078.5714285714284,26.726124191242555,25.677629550654668,0.0,50.0,1.013793103448276,1.0103092783505154,3,1,2021-03-30,1900.0
Atmakur (Nandyal District) APMC,Sona Mahsuri,2021-03-23,0.01,1800.0,1800.0,1800.0,1800.0,1800.0,1800.0,1800.0,0.0,0.0,0.0,0.0,1.0,1.0,3,1,2021-03-30,1800.0
Atmakur (Nandyal District) APMC,Sona Mahsuri,2021-03-24,0.01,1800.0,1800.0,1800.0,1800.0,1800.0,1800.0,1800.0,0.0,0.0,0.0,0.0,1.0,1.0,3,2,2021-03-31,1800.0
Banaganapalli APMC,Sona Mahsuri,2021-03-24,1.0,2000.0,2150.0,2100.0,2100.0,2050.0,2078.5714285714284,2082.1428571428573,26.72612419124184,24.8622579049422,0.0,50.0,1.0103092783505154,1.008576329331046,3,2,2021-03-31,1900.0
Rajahmundry APMC,Paddy,2021-03-24,0.5,1868.0,1868.0,1868.0,1868.0,1868.0,1868.0,1868.0,0.0,0.0,0.0,0.0,1.0,1.0,3,2,2021-03-31,1868.0
Rajahmundry APMC,Swarna Masuri (New),2021-03-24,0.5,1888.0,1888.0,1888.0,1888.0,1888.0,1888.0,1888.0,0.0,0.0,0.0,0.0,1.0,1.0,3,2,2021-03-31,1888.0
Atmakur (Nandyal District) APMC,Sona Mahsuri,2021-03-25,0.01,1800.0,1800.0,1800.0,1800.0,1800.0,1800.0,1800.0,0.0,0.0,0.0,0.0,1.0,1.0,3,3,2021-04-07,1800.0
Banaganapalli APMC,Sona Mahsuri,2021-03-25,1.0,2000.0,2150.0,2100.0,2100.0,2050.0,2085.714285714286,2085.714285714286,24.397501823711963,23.4403615469246,0.0,50.0,1.0068493150684932,1.0068493150684932,3,3,2021-04-01,1900.0
Rajahmundry APMC,Paddy,2021-03-25,0.5,1868.0,1868.0,1868.0,1868.0,1868.0,1868.0,1868.0,0.0,0.0,0.0,0.0,1.0,1.0,3,3,2021-04-01,1868.0
Rajahmundry APMC,Swarna Masuri (New),2021-03-25,0.5,1888.0,1888.0,1888.0,1888.0,1888.0,1888.0,1888.0,0.0,0.0,0.0,0.0,1.0,1.0,3,3,2021-04-01,1888.0
Rajahmundry APMC,Paddy,2021-03-26,0.5,1868.0,1868.0,1868.0,1868.0,1868.0,1868.0,1868.0,0.0,0.0,0.0,0.0,1.0,1.0,3,4,2021-04-03,1868.0
Rajahmundry APMC,Swarna Masuri (New),2021-03-26,0.5,1888.0,1888.0,1888.0,1888.0,1888.0,1888.0,1888.0,0.0,0.0,0.0,0.0,1.0,1.0,3,4,2021-04-03,1888.0
Atmakur (Nandyal District) APMC,Sona Mahsuri,2021-03-26,0.01,1800.0,1800.0,1800.0,1800.0,1800.0,1800.0,1800.0,0.0,0.0,0.0,0.0,1.0,1.0,3,4,2021-04-07,1800.0
Banaganapalli APMC,Sona Mahsuri,2021-03-26,1.0,1950.0,2150.0,2050.0,2100.0,2050.0,2092.8571428571427,2085.714285714286,18.898223650458792,23.4403615469246,-50.0,0.0,0.9795221843003414,0.982876712328767,3,4,2021-04-02,1900.0
Atmakur (Nandyal District) APMC,Sona Mahsuri,2021-03-27,0.01,1800.0,1800.0,1800.0,1800.0,1800.0,1800.0,1800.0,0.0,0.0,0.0,0.0,1.0,1.0,3,5,2021-04-07,1800.0
Banaganapalli APMC,Sona Mahsuri,2021-03-27,1.0,1950.0,2150.0,2050.0,2050.0,2100.0,2092.8571428571427,2082.1428571428573,18.89822365046132,24.8622579049422,0.0,-50.0,0.9795221843003414,0.9845626072041166,3,5,2021-04-03,1900.0
Atmakur (Nandyal District) APMC,Sona Mahsuri,2021-03-28,0.01,1800.0,1800.0,1800.0,1800.0,1800.0,1800.0,1800.0,0.0,0.0,0.0,0.0,1.0,1.0,3,6,2021-04-07,1800.0
Banaganapalli APMC,Sona Mahsuri,2021-03-28,1.0,1950.0,2100.0,2050.0,2050.0,2100.0,2085.714285714286,2078.5714285714284,24.39750182371328,25.677629550654668,0.0,-50.0,0.982876712328767,0.986254295532646,3,6,2021-04-04,1900.0
Atmakur (Nandyal District) APMC,Sona Mahsuri,2021-03-29,0.01,1800.0,1800.0,1800.0,1800.0,1800.0,1800.0,1800.0,0.0,0.0,0.0,0.0,1.0,1.0,3,0,2021-04-07,1800.0
Banaganapalli APMC,Sona Mahsuri,2021-03-29,1.0,1950.0,2100.0,2050.0,2050.0,2100.0,2078.5714285714284,2075.0,26.726124191242448,25.94372608313846,0.0,-50.0,0.986254295532646,0.9879518072289156,3,0,2021-04-05,1900.0
Rajahmundry APMC,Paddy,2021-03-29,0.5,1868.0,1868.0,1868.0,1868.0,1868.0,1868.0,1868.0,0.0,0.0,0.0,0.0,1.0,1.0,3,0,2021-04-05,1868.0
Rajahmundry APMC,Swarna Masuri (New),2021-03-29,0.5,1888.0,1888.0,1888.0,1888.0,1888.0,1888.0,1888.0,0.0,0.0,0.0,0.0,1.0,1.0,3,0,2021-04-05,1888.0
Atmakur (Nandyal District) APMC,Sona Mahsuri,2021-03-30,0.01,1800.0,1800.0,1800.0,1800.0,1800.0,1800.0,1800.0,0.0,0.0,0.0,0.0,1.0,1.0,3,1,2021-04-07,1800.0
Banaganapalli APMC,Sona Mahsuri,2021-03-30,1.0,1800.0,2000.0,1900.0,2050.0,2100.0,2071.428571428572,2071.428571428572,26.72612419124258,25.677629550654668,-150.0,-200.0,0.9172413793103448,0.9172413793103448,3,1,2021-04-06,1900.0
Rajahmundry APMC,Paddy,2021-03-30,0.5,1868.0,1868.0,1868.0,1868.0,1868.0,1868.0,1868.0,0.0,0.0,0.0,0.0,1.0,1.0,3,1,2021-04-06,1868.0
Rajahmundry APMC,Swarna Masuri (New),2021-03-30,0.5,1888.0,1888.0,1888.0,1888.0,1888.0,1888.0,1888.0,0.0,0.0,0.0,0.0,1.0,1.0,3,1,2021-04-06,1888.0
Rajahmundry APMC,Swarna Masuri (New),2021-03-31,0.5,1888.0,1888.0,1888.0,1888.0,1888.0,1888.0,1888.0,0.0,0.0,0.0,0.0,1.0,1.0,3,2,2021-04-07,1888.0
Rajahmundry APMC,Paddy,2021-03-31,0.5,1868.0,1868.0,1868.0,1868.0,1868.0,1868.0,1868.0,0.0,0.0,0.0,0.0,1.0,1.0,3,2,2021-04-07,1868.0
Banaganapalli APMC,Sona Mahsuri,2021-03-31,1.0,1800.0,2000.0,1900.0,1900.0,2100.0,2042.857142857143,2060.714285714286,67.25927091345532,52.54511405439138,0.0,-200.0,0.93006993006993,0.9220103986135182,3,2,2021-04-07,1950.0
Atmakur (Nandyal District) APMC,Sona Mahsuri,2021-03-31,0.01,1800.0,1800.0,1800.0,1800.0,1800.0,1800.0,1800.0,0.0,0.0,0.0,0.0,1.0,1.0,3,2,2021-04-07,1800.0
Banaganapalli APMC,Sona Mahsuri,2021-04-01,1.0,1800.0,1950.0,1900.0,1900.0,2100.0,2014.2857142857144,2050.0,80.17837257372793,67.93662204867557,0.0,-200.0,0.9432624113475178,0.926829268292683,4,3,2021-04-08,1950.0
Rajahmundry APMC,Paddy,2021-04-01,0.5,1868.0,1868.0,1868.0,1868.0,1868.0,1868.0,1868.0,0.0,0.0,0.0,0.0,1.0,1.0,4,3,2021-04-08,1868.0
Rajahmundry APMC,Swarna Masuri (New),2021-04-01,0.5,1888.0,1888.0,1888.0,1888.0,1888.0,1888.0,1888.0,0.0,0.0,0.0,0.0,1.0,1.0,4,3,2021-04-08,1888.0
Banaganapalli APMC,Sona Mahsuri,2021-04-02,1.0,1800.0,2000.0,1900.0,1900.0,2050.0,1985.7142857142856,2039.2857142857144,80.17837257372817,78.88299862788837,0.0,-150.0,0.9568345323741008,0.9316987740805605,4,4,2021-04-09,1900.0
Banaganapalli APMC,Sona Mahsuri,2021-04-03,1.0,1800.0,2000.0,1900.0,1900.0,2050.0,1964.2857142857144,2028.571428571429,80.17837257372835,87.07707839849438,0.0,-150.0,0.9672727272727272,0.9366197183098592,4,5,2021-04-10,1900.0
Rajahmundry APMC,Paddy,2021-04-03,0.5,1868.0,1868.0,1868.0,1868.0,1868.0,1868.0,1868.0,0.0,0.0,0.0,0.0,1.0,1.0,4,5,2021-04-10,1868.0
Rajahmundry APMC,Swarna Masuri (New),2021-04-03,0.5,1888.0,1888.0,1888.0,1888.0,1888.0,1888.0,1888.0,0.0,0.0,0.0,0.0,1.0,1.0,4,5,2021-04-10,1888.0
Banaganapalli APMC,Sona Mahsuri,2021-04-04,1.0,1800.0,1950.0,1900.0,1900.0,2050.0,1942.857142857143,2014.2857142857144,73.19250547114132,90.78412990032,0.0,-150.0,0.9779411764705882,0.9432624113475178,4,6,2021-04-11,1900.0
Rajahmundry APMC,Paddy,2021-04-04,0.5,1868.0,1868.0,1868.0,1868.0,1868.0,1868.0,1868.0,0.0,0.0,0.0,0.0,1.0,1.0,4,6,2021-04-11,1868.0
Rajahmundry APMC,Swarna Masuri (New),2021-04-04,0.5,1888.0,1888.0,1888.0,1888.0,1888.0,1888.0,1888.0,0.0,0.0,0.0,0.0,1.0,1.0,4,6,2021-04-11,1888.0
Rajahmundry APMC,Swarna Masuri (New),2021-04-05,0.5,1888.0,1888.0,1888.0,1888.0,1888.0,1888.0,1888.0,0.0,0.0,0.0,0.0,1.0,1.0,4,0,2021-04-12,1888.0
Rajahmundry APMC,Paddy,2021-04-05,0.5,1868.0,1868.0,1868.0,1868.0,1868.0,1868.0,1868.0,0.0,0.0,0.0,0.0,1.0,1.0,4,0,2021-04-12,1868.0
Banaganapalli APMC,Sona Mahsuri,2021-04-05,1.0,1800.0,1950.0,1900.0,1900.0,2050.0,1921.4285714285716,2000.0,56.69467095138599,91.98662110077954,0.0,-150.0,0.9888475836431228,0.95,4,0,2021-04-12,1950.0
Banaganapalli APMC,Sona Mahsuri,2021-04-06,1.0,1850.0,1950.0,1900.0,1900.0,1900.0,1900.0,1985.7142857142856,0.0,90.78412990031984,0.0,0.0,1.0,0.9568345323741008,4,1,2021-04-13,1900.0
Rajahmundry APMC,Paddy,2021-04-06,0.5,1868.0,1868.0,1868.0,1868.0,1868.0,1868.0,1868.0,0.0,0.0,0.0,0.0,1.0,1.0,4,1,2021-04-13,1868.0
Rajahmundry APMC,Swarna Masuri (New),2021-04-06,0.5,1888.0,1888.0,1888.0,1888.0,1888.0,1888.0,1888.0,0.0,0.0,0.0,0.0,1.0,1.0,4,1,2021-04-13,1888.0
Atmakur (Nandyal District) APMC,Sona Mahsuri,2021-04-07,0.01,1800.0,1800.0,1800.0,1800.0,1800.0,1800.0,1800.0,0.0,0.0,0.0,0.0,1.0,1.0,4,2,2021-04-14,1800.0
Banaganapalli APMC,Sona Mahsuri,2021-04-07,1.0,1800.0,2100.0,1950.0,1900.0,1900.0,1900.0,1971.4285714285716,0.0,87.07707839849404,50.0,50.0,1.0263157894736843,0.9891304347826088,4,2,2021-04-14,1900.0
Rajahmundry APMC,Paddy,2021-04-07,0.5,1868.0,1868.0,1868.0,1868.0,1868.0,1868.0,1868.0,0.0,0.0,0.0,0.0,1.0,1.0,4,2,2021-04-14,1868.0
Rajahmundry APMC,Swarna Masuri (New),2021-04-07,0.5,1888.0,1888.0,1888.0,1888.0,1888.0,1888.0,1888.0,0.0,0.0,0.0,0.0,1.0,1.0,4,2,2021-04-14,1888.0
Atmakur (Nandyal District) APMC,Sona Mahsuri,2021-04-08,0.01,1800.0,1800.0,1800.0,1800.0,1800.0,1800.0,1800.0,0.0,0.0,0.0,0.0,1.0,1.0,4,3,2021-04-15,1800.0
Banaganapalli APMC,Sona Mahsuri,2021-04-08,1.0,1800.0,2100.0,1950.0,1950.0,1900.0,1907.142857142857,1960.7142857142856,18.898223650461368,78.88299862788789,0.0,50.0,1.0224719101123596,0.994535519125683,4,3,2021-04-15,1700.0
Rajahmundry APMC,Paddy,2021-04-08,0.5,1868.0,1868.0,1868.0,1868.0,1868.0,1868.0,1868.0,0.0,0.0,0.0,0.0,1.0,1.0,4,3,2021-04-15,1868.0
Rajahmundry APMC,Swarna Masuri (New),2021-04-08,0.5,1888.0,1888.0,1888.0,1888.0,1888.0,1888.0,1888.0,0.0,0.0,0.0,0.0,1.0,1.0,4,3,2021-04-15,1888.0
Rajahmundry APMC,Swarna Masuri (New),2021-04-09,0.5,1888.0,1888.0,1888.0,1888.0,1888.0,1888.0,1888.0,0.0,0.0,0.0,0.0,1.0,1.0,4,4,2021-04-16,1888.0
Rajahmundry APMC,Paddy,2021-04-09,0.5,1868.0,1868.0,1868.0,1868.0,1868.0,1868.0,1868.0,0.0,0.0,0.0,0.0,1.0,1.0,4,4,2021-04-16,1868.0
Banaganapalli APMC,Sona Mahsuri,2021-04-09,1.0,1800.0,2000.0,1900.0,1950.0,1900.0,1914.2857142857144,1950.0,24.397501823713355,67.93662204867485,-50.0,0.0,0.9925373134328358,0.9743589743589745,4,4,2021-04-16,1700.0
Atmakur (Nandyal District) APMC,Sona Mahsuri,2021-04-09,0.01,1800.0,1800.0,1800.0,1800.0,1800.0,1800.0,1800.0,0.0,0.0,0.0,0.0,1.0,1.0,4,4,2021-04-16,1800.0
Atmakur (Nandyal District) APMC,Sona Mahsuri,2021-04-10,0.01,1800.0,1800.0,1800.0,1800.0,1800.0,1800.0,1800.0,0.0,0.0,0.0,0.0,1.0,1.0,4,5,2021-04-17,1800.0
Banaganapalli APMC,Sona Mahsuri,2021-04-10,1.0,1800.0,2000.0,1900.0,1900.0,1900.0,1914.2857142857144,1939.2857142857144,24.397501823713355,62.56864362310434,0.0,0.0,0.9925373134328358,0.9797421731123388,4,5,2021-04-17,1700.0
Rajahmundry APMC,Paddy,2021-04-10,0.5,1868.0,1868.0,1868.0,1868.0,1868.0,1868.0,1868.0,0.0,0.0,0.0,0.0,1.0,1.0,4,5,2021-04-17,1868.0
Rajahmundry APMC,Swarna Masuri (New),2021-04-10,0.5,1888.0,1888.0,1888.0,1888.0,1888.0,1888.0,1888.0,0.0,0.0,0.0,0.0,1.0,1.0,4,5,2021-04-17,1888.0
Atmakur (Nandyal District) APMC,Sona Mahsuri,2021-04-11,0.01,1800.0,1800.0,1800.0,1800.0,1800.0,1800.0,1800.0,0.0,0.0,0.0,0.0,1.0,1.0,4,6,2021-04-18,1800.0
Banaganapalli APMC,Sona Mahsuri,2021-04-11,1.0,1800.0,2000.0,1900.0,1900.0,1900.0,1914.2857142857144,1928.571428571429,24.397501823713355,54.47047794019097,0.0,0.0,0.9925373134328358,0.9851851851851852,4,6,2021-04-18,1700.0
Rajahmundry APMC,Paddy,2021-04-11,0.5,1868.0,1868.0,1868.0,1868.0,1868.0,1868.0,1868.0,0.0,0.0,0.0,0.0,1.0,1.0,4,6,2021-04-21,1868.0
Rajahmundry APMC,Swarna Masuri (New),2021-04-11,0.5,1888.0,1888.0,1888.0,1888.0,1888.0,1888.0,1888.0,0.0,0.0,0.0,0.0,1.0,1.0,4,6,2021-04-21,1888.0
Rajahmundry APMC,Paddy,2021-04-12,0.5,1868.0,1868.0,1868.0,1868.0,1868.0,1868.0,1868.0,0.0,0.0,0.0,0.0,1.0,1.0,4,0,2021-04-21,1868.0
Rajahmundry APMC,Swarna Masuri (New),2021-04-12,0.5,1888.0,1888.0,1888.0,1888.0,1888.0,1888.0,1888.0,0.0,0.0,0.0,0.0,1.0,1.0,4,0,2021-04-21,1888.0
Atmakur (Nandyal District) APMC,Sona Mahsuri,2021-04-12,0.01,1800.0,1800.0,1800.0,1800.0,1800.0,1800.0,1800.0,0.0,0.0,0.0,0.0,1.0,1.0,4,0,2021-04-19,1800.0
Banaganapalli APMC,Sona Mahsuri,2021-04-12,1.0,1800.0,2000.0,1950.0,1900.0,1900.0,1914.2857142857144,1917.857142857143,24.397501823713355,42.09486930705305,50.0,50.0,1.0186567164179106,1.0167597765363128,4,0,2021-04-19,1700.0
Atmakur (Nandyal District) APMC,Sona Mahsuri,2021-04-13,0.01,1800.0,1800.0,1800.0,1800.0,1800.0,1800.0,1800.0,0.0,0.0,0.0,0.0,1.0,1.0,4,1,2021-04-20,1800.0
Banaganapalli APMC,Sona Mahsuri,2021-04-13,1.0,1800.0,2000.0,1900.0,1950.0,1900.0,1921.4285714285716,1910.7142857142856,26.726124191242494,21.290765681312443,-50.0,0.0,0.9888475836431228,0.994392523364486,4,1,2021-04-20,1800.0
Rajahmundry APMC,Paddy,2021-04-13,0.5,1868.0,1868.0,1868.0,1868.0,1868.0,1868.0,1868.0,0.0,0.0,0.0,0.0,1.0,1.0,4,1,2021-04-21,1868.0
Rajahmundry APMC,Swarna Masuri (New),2021-04-13,0.5,1888.0,1888.0,1888.0,1888.0,1888.0,1888.0,1888.0,0.0,0.0,0.0,0.0,1.0,1.0,4,1,2021-04-21,1888.0
Atmakur (Nandyal District) APMC,Sona Mahsuri,2021-04-14,0.01,1800.0,1800.0,1800.0,1800.0,1800.0,1800.0,1800.0,0.0,0.0,0.0,0.0,1.0,1.0,4,2,2021-04-21,1800.0
Banaganapalli APMC,Sona Mahsuri,2021-04-14,1.0,1800.0,2000.0,1900.0,1900.0,1950.0,1921.4285714285716,1910.7142857142856,26.726124191242494,21.290765681312443,0.0,-50.0,0.9888475836431228,0.994392523364486,4,2,2021-04-21,1800.0
Rajahmundry APMC,Paddy,2021-04-14,0.5,1868.0,1868.0,1868.0,1868.0,1868.0,1868.0,1868.0,0.0,0.0,0.0,0.0,1.0,1.0,4,2,2021-04-21,1868.0
Rajahmundry APMC,Swarna Masuri (New),2021-04-14,0.5,1888.0,1888.0,1888.0,1888.0,1888.0,1888.0,1888.0,0.0,0.0,0.0,0.0,1.0,1.0,4,2,2021-04-21,1888.0
Atmakur (Nandyal District) APMC,Sona Mahsuri,2021-04-15,0.01,1800.0,1800.0,1800.0,1800.0,1800.0,1800.0,1800.0,0.0,0.0,0.0,0.0,1.0,1.0,4,3,2021-04-22,1800.0
Banaganapalli APMC,Sona Mahsuri,2021-04-15,1.0,1600.0,1800.0,1700.0,1900.0,1950.0,1914.2857142857144,1910.7142857142856,24.397501823713355,21.290765681312443,-200.0,-250.0,0.8880597014925373,0.8897196261682243,4,3,2021-04-22,1750.0
Rajahmundry APMC,Paddy,2021-04-15,0.5,1868.0,1868.0,1868.0,1868.0,1868.0,1868.0,1868.0,0.0,0.0,0.0,0.0,1.0,1.0,4,3,2021-04-22,1868.0
Rajahmundry APMC,Swarna Masuri (New),2021-04-15,0.5,1888.0,1888.0,1888.0,1888.0,1888.0,1888.0,1888.0,0.0,0.0,0.0,0.0,1.0,1.0,4,3,2021-04-22,1888.0
Rajahmundry APMC,Swarna Masuri (New),2021-04-16,0.5,1888.0,1888.0,1888.0,1888.0,1888.0,1888.0,1888.0,0.0,0.0,0.0,0.0,1.0,1.0,4,4,2021-04-23,1888.0
Rajahmundry APMC,Paddy,2021-04-16,0.5,1868.0,1868.0,1868.0,1868.0,1868.0,1868.0,1868.0,0.0,0.0,0.0,0.0,1.0,1.0,4,4,2021-04-23,1868.0
Banaganapalli APMC,Sona Mahsuri,2021-04-16,1.0,1600.0,1800.0,1700.0,1700.0,1900.0,1878.571428571429,1896.4285714285716,80.91735937126867,60.3333232145365,0.0,-200.0,0.9049429657794676,0.896421845574388,4,4,2021-04-23,1750.0
Atmakur (Nandyal District) APMC,Sona Mahsuri,2021-04-16,0.01,1800.0,1800.0,1800.0,1800.0,1800.0,1800.0,1800.0,0.0,0.0,0.0,0.0,1.0,1.0,4,4,2021-04-23,1800.0
Atmakur (Nandyal District) APMC,Sona Mahsuri,2021-04-17,0.01,1800.0,1800.0,1800.0,1800.0,1800.0,1800.0,1800.0,0.0,0.0,0.0,0.0,1.0,1.0,4,5,2021-04-24,1800.0
Banaganapalli APMC,Sona Mahsuri,2021-04-17,1.0,1600.0,1800.0,1700.0,1700.0,1900.0,1850.0,1882.142857142857,104.08329997330654,79.92097745499903,0.0,-200.0,0.918918918918919,0.9032258064516128,4,5,2021-04-24,1600.0
Rajahmundry APMC,Paddy,2021-04-17,0.5,1868.0,1868.0,1868.0,1868.0,1868.0,1868.0,1868.0,0.0,0.0,0.0,0.0,1.0,1.0,4,5,2021-04-24,1868.0
Rajahmundry APMC,Swarna Masuri (New),2021-04-17,0.5,1888.0,1888.0,1888.0,1888.0,1888.0,1888.0,1888.0,0.0,0.0,0.0,0.0,1.0,1.0,4,5,2021-04-24,1888.0
Atmakur (Nandyal District) APMC,Sona Mahsuri,2021-04-18,0.01,1800.0,1800.0,1800.0,1800.0,1800.0,1800.0,1800.0,0.0,0.0,0.0,0.0,1.0,1.0,4,6,2021-04-25,1800.0
Banaganapalli APMC,Sona Mahsuri,2021-04-18,1.0,1600.0,1800.0,1700.0,1700.0,1900.0,1821.4285714285716,1867.857142857143,114.95340671022188,93.2472784860489,0.0,-200.0,0.9333333333333332,0.9101338432122372,4,6,2021-04-25,1700.0
Atmakur (Nandyal District) APMC,Sona Mahsuri,2021-04-19,0.01,1800.0,1800.0,1800.0,1800.0,1800.0,1800.0,1800.0,0.0,0.0,0.0,0.0,1.0,1.0,4,0,2021-04-26,1800.0
Banaganapalli APMC,Sona Mahsuri,2021-04-19,1.0,1500.0,1800.0,1700.0,1700.0,1950.0,1792.857142857143,1853.571428571429,117.00630833624382,102.77736527653651,0.0,-250.0,0.948207171314741,0.9171483622350672,4,0,2021-04-26,1700.0
Atmakur (Nandyal District) APMC,Sona Mahsuri,2021-04-20,0.01,1800.0,1800.0,1800.0,1800.0,1800.0,1800.0,1800.0,0.0,0.0,0.0,0.0,1.0,1.0,4,1,2021-04-27,1800.0
Banaganapalli APMC,Sona Mahsuri,2021-04-20,1.0,1600.0,1900.0,1800.0,1700.0,1900.0,1757.142857142857,1839.2857142857144,97.59000729485318,109.5068867321048,100.0,-100.0,1.024390243902439,0.9786407766990292,4,1,2021-04-27,1800.0
Rajahmundry APMC,Swarna Masuri (New),2021-04-21,0.5,1888.0,1888.0,1888.0,1888.0,1888.0,1888.0,1888.0,0.0,0.0,0.0,0.0,1.0,1.0,4,2,2021-05-01,1888.0
Rajahmundry APMC,Paddy,2021-04-21,0.5,1868.0,1868.0,1868.0,1868.0,1868.0,1868.0,1868.0,0.0,0.0,0.0,0.0,1.0,1.0,4,2,2021-05-01,1868.0
Atmakur (Nandyal District) APMC,Sona Mahsuri,2021-04-21,0.01,1800.0,1800.0,1800.0,1800.0,1800.0,1800.0,1800.0,0.0,0.0,0.0,0.0,1.0,1.0,4,2,2021-04-28,1800.0
Banaganapalli APMC,Sona Mahsuri,2021-04-21,1.0,1600.0,1900.0,1800.0,1800.0,1900.0,1742.857142857143,1832.142857142857,78.67957924694413,108.49874663781976,0.0,-100.0,1.0327868852459017,0.9824561403508772,4,2,2021-04-28,1800.0
Atmakur (Nandyal District) APMC,Sona Mahsuri,2021-04-22,0.01,1800.0,1800.0,1800.0,1800.0,1800.0,1800.0,1800.0,0.0,0.0,0.0,0.0,1.0,1.0,4,3,2021-04-29,1800.0
Banaganapalli APMC,Sona Mahsuri,2021-04-22,1.0,1600.0,1900.0,1750.0,1800.0,1700.0,1728.571428571429,1821.4285714285716,48.79500364742636,103.2440829265311,-50.0,50.0,1.012396694214876,0.9607843137254902,4,3,2021-04-29,1750.0
Rajahmundry APMC,Paddy,2021-04-22,0.5,1868.0,1868.0,1868.0,1868.0,1868.0,1868.0,1868.0,0.0,0.0,0.0,0.0,1.0,1.0,4,3,2021-05-01,1868.0
Rajahmundry APMC,Swarna Masuri (New),2021-04-22,0.5,1888.0,1888.0,1888.0,1888.0,1888.0,1888.0,1888.0,0.0,0.0,0.0,0.0,1.0,1.0,4,3,2021-05-01,1888.0
Atmakur (Nandyal District) APMC,Sona Mahsuri,2021-04-23,0.01,1800.0,1800.0,1800.0,1800.0,1800.0,1800.0,1800.0,0.0,0.0,0.0,0.0,1.0,1.0,4,4,2021-04-30,1800.0
Banaganapalli APMC,Sona Mahsuri,2021-04-23,1.0,1600.0,1900.0,1750.0,1750.0,1700.0,1735.7142857142858,1807.142857142857,47.55948656056677,97.77750027710528,0.0,50.0,1.008230452674897,0.9683794466403164,4,4,2021-04-30,1750.0
Rajahmundry APMC,Paddy,2021-04-23,0.5,1868.0,1868.0,1868.0,1868.0,1868.0,1868.0,1868.0,0.0,0.0,0.0,0.0,1.0,1.0,4,4,2021-05-01,1868.0
Rajahmundry APMC,Swarna Masuri (New),2021-04-23,0.5,1888.0,1888.0,1888.0,1888.0,1888.0,1888.0,1888.0,0.0,0.0,0.0,0.0,1.0,1.0,4,4,2021-05-01,1888.0
Rajahmundry APMC,Paddy,2021-04-24,0.5,1868.0,1868.0,1868.0,1868.0,1868.0,1868.0,1868.0,0.0,0.0,0.0,0.0,1.0,1.0,4,5,2021-05-01,1868.0
Atmakur (Nandyal District) APMC,Sona Mahsuri,2021-04-24,0.01,1800.0,1800.0,1800.0,1800.0,1800.0,1800.0,1800.0,0.0,0.0,0.0,0.0,1.0,1.0,4,5,2021-05-04,1800.0
Banaganapalli APMC,Sona Mahsuri,2021-04-24,1.0,1400.0,1800.0,1600.0,1750.0,1700.0,1742.857142857143,1796.428571428571,44.98677054212151,94.99855406649635,-150.0,-100.0,0.918032786885246,0.8906560636182903,4,5,2021-05-01,1750.0
Rajahmundry APMC,Swarna Masuri (New),2021-04-24,0.5,1888.0,1888.0,1888.0,1888.0,1888.0,1888.0,1888.0,0.0,0.0,0.0,0.0,1.0,1.0,4,5,2021-05-01,1888.0
Rajahmundry APMC,Swarna Masuri (New),2021-04-25,0.5,1888.0,1888.0,1888.0,1888.0,1888.0,1888.0,1888.0,0.0,0.0,0.0,0.0,1.0,1.0,4,6,2021-05-02,1888.0
Rajahmundry APMC,Paddy,2021-04-25,0.5,1868.0,1868.0,1868.0,1868.0,1868.0,1868.0,1868.0,0.0,0.0,0.0,0.0,1.0,1.0,4,6,2021-05-02,1868.0
Banaganapalli APMC,Sona Mahsuri,2021-04-25,1.0,1500.0,1900.0,1700.0,1600.0,1700.0,1728.571428571429,1775.0,69.86381310057698,103.31058475817794,100.0,0.0,0.9834710743801652,0.9577464788732394,4,6,2021-05-02,1800.0
Atmakur (Nandyal District) APMC,Sona Mahsuri,2021-04-25,0.01,1800.0,1800.0,1800.0,1800.0,1800.0,1800.0,1800.0,0.0,0.0,0.0,0.0,1.0,1.0,4,6,2021-05-04,1800.0
Atmakur (Nandyal District) APMC,Sona Mahsuri,2021-04-26,0.01,1800.0,1800.0,1800.0,1800.0,1800.0,1800.0,1800.0,0.0,0.0,0.0,0.0,1.0,1.0,4,0,2021-05-04,1800.0
Banaganapalli APMC,Sona Mahsuri,2021-04-26,1.0,1500.0,1900.0,1700.0,1700.0,1700.0,1728.571428571429,1760.7142857142858,69.86381310057698,98.40765180648135,0.0,0.0,0.9834710743801652,0.9655172413793104,4,0,2021-05-03,1800.0
Rajahmundry APMC,Paddy,2021-04-26,0.5,1868.0,1868.0,1868.0,1868.0,1868.0,1868.0,1868.0,0.0,0.0,0.0,0.0,1.0,1.0,4,0,2021-05-03,1868.0
Rajahmundry APMC,Swarna Masuri (New),2021-04-26,0.5,1888.0,1888.0,1888.0,1888.0,1888.0,1888.0,1888.0,0.0,0.0,0.0,0.0,1.0,1.0,4,0,2021-05-03,1888.0
Atmakur (Nandyal District) APMC,Sona Mahsuri,2021-04-27,0.01,1800.0,1800.0,1800.0,1800.0,1800.0,1800.0,1800.0,0.0,0.0,0.0,0.0,1.0,1.0,4,1,2021-05-04,1800.0
Banaganapalli APMC,Sona Mahsuri,2021-04-27,1.0,1600.0,2000.0,1800.0,1700.0,1800.0,1728.571428571429,1742.857142857143,69.86381310057698,82.87419301647287,100.0,0.0,1.0413223140495866,1.0327868852459017,4,1,2021-05-04,1800.0
Atmakur (Nandyal District) APMC,Sona Mahsuri,2021-04-28,0.01,1800.0,1800.0,1800.0,1800.0,1800.0,1800.0,1800.0,0.0,0.0,0.0,0.0,1.0,1.0,4,2,2021-05-05,1800.0
Banaganapalli APMC,Sona Mahsuri,2021-04-28,1.0,1600.0,2000.0,1800.0,1800.0,1800.0,1728.571428571429,1735.7142857142858,69.86381310057698,71.86678763403089,0.0,0.0,1.0413223140495866,1.037037037037037,4,2,2021-05-05,1800.0
Atmakur (Nandyal District) APMC,Sona Mahsuri,2021-04-29,0.01,1800.0,1800.0,1800.0,1800.0,1800.0,1800.0,1800.0,0.0,0.0,0.0,0.0,1.0,1.0,4,3,2021-05-06,1800.0
Banaganapalli APMC,Sona Mahsuri,2021-04-29,1.0,1600.0,1900.0,1750.0,1800.0,1750.0,1728.571428571429,1728.571428571429,69.86381310057698,57.89342235218158,-50.0,0.0,1.012396694214876,1.012396694214876,4,3,2021-05-06,1800.0
Atmakur (Nandyal District) APMC,Sona Mahsuri,2021-04-30,0.01,1800.0,1800.0,1800.0,1800.0,1800.0,1800.0,1800.0,0.0,0.0,0.0,0.0,1.0,1.0,4,4,2021-05-07,1800.0
Banaganapalli APMC,Sona Mahsuri,2021-04-30,1.0,1600.0,1900.0,1750.0,1750.0,1750.0,1728.571428571429,1732.142857142857,69.86381310057698,57.53641942664913,0.0,0.0,1.012396694214876,1.0103092783505154,4,4,2021-05-07,1800.0
Rajahmundry APMC,Swarna Masuri (New),2021-05-01,0.5,1888.0,1888.0,1888.0,1888.0,1888.0,1888.0,1888.0,0.0,0.0,0.0,0.0,1.0,1.0,5,5,2021-05-09,1888.0
Banaganapalli APMC,Sona Mahsuri,2021-05-01,1.0,1600.0,1900.0,1750.0,1750.0,1600.0,1728.571428571429,1735.7142857142858,69.86381310057698,56.93644036781689,0.0,150.0,1.012396694214876,1.008230452674897,5,5,2021-05-08,1800.0
Rajahmundry APMC,Paddy,2021-05-01,0.5,1868.0,1868.0,1868.0,1868.0,1868.0,1868.0,1868.0,0.0,0.0,0.0,0.0,1.0,1.0,5,5,2021-05-09,1868.0
Banaganapalli APMC,Sona Mahsuri,2021-05-02,1.0,1600.0,2000.0,1800.0,1750.0,1700.0,1750.0,1739.2857142857142,40.82482904638591,56.085687974777706,50.0,100.0,1.0285714285714285,1.0349075975359343,5,6,2021-05-09,1800.0
Rajahmundry APMC,Paddy,2021-05-02,0.5,1868.0,1868.0,1868.0,1868.0,1868.0,1868.0,1868.0,0.0,0.0,0.0,0.0,1.0,1.0,5,6,2021-05-09,1868.0
Rajahmundry APMC,Swarna Masuri (New),2021-05-02,0.5,1888.0,1888.0,1888.0,1888.0,1888.0,1888.0,1888.0,0.0,0.0,0.0,0.0,1.0,1.0,5,6,2021-05-09,1888.0
Banaganapalli APMC,Sona Mahsuri,2021-05-03,1.0,1600.0,2000.0,1800.0,1800.0,1700.0,1764.2857142857142,1746.428571428571,37.79644730092232,57.056940905504526,0.0,100.0,1.0202429149797572,1.030674846625767,5,0,2021-05-10,1700.0
Rajahmundry APMC,Paddy,2021-05-03,0.5,1868.0,1868.0,1868.0,1868.0,1868.0,1868.0,1868.0,0.0,0.0,0.0,0.0,1.0,1.0,5,0,2021-05-10,1868.0
Rajahmundry APMC,Swarna Masuri (New),2021-05-03,0.5,1888.0,1888.0,1888.0,1888.0,1888.0,1888.0,1888.0,0.0,0.0,0.0,0.0,1.0,1.0,5,0,2021-05-10,1888.0
Atmakur (Nandyal District) APMC,Sona Mahsuri,2021-05-04,0.01,1800.0,1800.0,1800.0,1800.0,1800.0,1800.0,1800.0,0.0,0.0,0.0,0.0,1.0,1.0,5,1,2021-05-11,1800.0
Banaganapalli APMC,Sona Mahsuri,2021-05-04,1.0,1600.0,2000.0,1800.0,1800.0,1800.0,1778.571428571429,1753.571428571429,26.72612419124188,57.056940905504526,0.0,0.0,1.0120481927710845,1.0264765784114052,5,1,2021-05-11,1800.0
Rajahmundry APMC,Paddy,2021-05-04,0.5,1868.0,1868.0,1868.0,1868.0,1868.0,1868.0,1868.0,0.0,0.0,0.0,0.0,1.0,1.0,5,1,2021-05-11,1868.0
Rajahmundry APMC,Swarna Masuri (New),2021-05-04,0.5,1888.0,1888.0,1888.0,1888.0,1888.0,1888.0,1888.0,0.0,0.0,0.0,0.0,1.0,1.0,5,1,2021-05-11,1888.0
Rajahmundry APMC,Swarna Masuri (New),2021-05-05,0.5,1888.0,1888.0,1888.0,1888.0,1888.0,1888.0,1888.0,0.0,0.0,0.0,0.0,1.0,1.0,5,2,2021-05-14,1888.0
Rajahmundry APMC,Paddy,2021-05-05,0.5,1868.0,1868.0,1868.0,1868.0,1868.0,1868.0,1868.0,0.0,0.0,0.0,0.0,1.0,1.0,5,2,2021-05-14,1868.0
Atmakur (Nandyal District) APMC,Sona Mahsuri,2021-05-05,0.01,1800.0,1800.0,1800.0,1800.0,1800.0,1800.0,1800.0,0.0,0.0,0.0,0.0,1.0,1.0,5,2,2021-05-12,1800.0
Banaganapalli APMC,Sona Mahsuri,2021-05-05,1.0,1600.0,2000.0,1800.0,1800.0,1800.0,1778.571428571429,1753.571428571429,26.72612419124188,57.056940905504526,0.0,0.0,1.0120481927710845,1.0264765784114052,5,2,2021-05-12,1800.0
Atmakur (Nandyal District) APMC,Sona Mahsuri,2021-05-06,0.01,1800.0,1800.0,1800.0,1800.0,1800.0,1800.0,1800.0,0.0,0.0,0.0,0.0,1.0,1.0,5,3,2021-05-14,1800.0
Banaganapalli APMC,Sona Mahsuri,2021-05-06,1.0,1600.0,2000.0,1800.0,1800.0,1750.0,1778.571428571429,1753.571428571429,26.72612419124188,57.056940905504526,0.0,50.0,1.0120481927710845,1.0264765784114052,5,3,2021-05-13,1800.0
Atmakur (Nandyal District) APMC,Sona Mahsuri,2021-05-07,0.01,1800.0,1800.0,1800.0,1800.0,1800.0,1800.0,1800.0,0.0,0.0,0.0,0.0,1.0,1.0,5,4,2021-05-14,1800.0
Banaganapalli APMC,Sona Mahsuri,2021-05-07,1.0,1600.0,2000.0,1800.0,1800.0,1750.0,1785.7142857142858,1757.142857142857,24.39750182371268,58.36602955995153,0.0,50.0,1.008,1.024390243902439,5,4,2021-05-14,1900.0
Rajahmundry APMC,Paddy,2021-05-07,0.5,1868.0,1868.0,1868.0,1868.0,1868.0,1868.0,1868.0,0.0,0.0,0.0,0.0,1.0,1.0,5,4,2021-05-14,1868.0
Rajahmundry APMC,Swarna Masuri (New),2021-05-07,0.5,1888.0,1888.0,1888.0,1888.0,1888.0,1888.0,1888.0,0.0,0.0,0.0,0.0,1.0,1.0,5,4,2021-05-14,1888.0
Atmakur (Nandyal District) APMC,Sona Mahsuri,2021-05-08,0.01,1800.0,1800.0,1800.0,1800.0,1800.0,1800.0,1800.0,0.0,0.0,0.0,0.0,1.0,1.0,5,5,2021-05-15,1800.0
Banaganapalli APMC,Sona Mahsuri,2021-05-08,1.0,1600.0,2000.0,1800.0,1800.0,1750.0,1792.857142857143,1760.7142857142858,18.89822365046049,59.4156526533161,0.0,50.0,1.00398406374502,1.022312373225152,5,5,2021-05-15,1900.0
Rajahmundry APMC,Swarna Masuri (New),2021-05-09,0.5,1888.0,1888.0,1888.0,1888.0,1888.0,1888.0,1888.0,0.0,0.0,0.0,0.0,1.0,1.0,5,6,2021-05-16,1888.0
Rajahmundry APMC,Paddy,2021-05-09,0.5,1868.0,1868.0,1868.0,1868.0,1868.0,1868.0,1868.0,0.0,0.0,0.0,0.0,1.0,1.0,5,6,2021-05-16,1868.0
Atmakur (Nandyal District) APMC,Sona Mahsuri,2021-05-09,0.01,1800.0,1800.0,1800.0,1800.0,1800.0,1800.0,1800.0,0.0,0.0,0.0,0.0,1.0,1.0,5,6,2021-05-16,1800.0
Banaganapalli APMC,Sona Mahsuri,2021-05-09,1.0,1600.0,2000.0,1800.0,1800.0,1800.0,1800.0,1775.0,0.0,37.9777262656339,0.0,0.0,1.0,1.0140845070422535,5,6,2021-05-16,1900.0
Atmakur (Nandyal District) APMC,Sona Mahsuri,2021-05-10,0.01,1800.0,1800.0,1800.0,1800.0,1800.0,1800.0,1800.0,0.0,0.0,0.0,0.0,1.0,1.0,5,0,2021-05-17,1800.0
Banaganapalli APMC,Sona Mahsuri,2021-05-10,1.0,1600.0,1800.0,1700.0,1800.0,1800.0,1800.0,1782.142857142857,0.0,31.66618468882824,-100.0,-100.0,0.9444444444444444,0.9539078156312626,5,0,2021-05-17,1800.0
Rajahmundry APMC,Paddy,2021-05-10,0.5,1868.0,1868.0,1868.0,1868.0,1868.0,1868.0,1868.0,0.0,0.0,0.0,0.0,1.0,1.0,5,0,2021-05-17,1868.0
Rajahmundry APMC,Swarna Masuri (New),2021-05-10,0.5,1888.0,1888.0,1888.0,1888.0,1888.0,1888.0,1888.0,0.0,0.0,0.0,0.0,1.0,1.0,5,0,2021-05-17,1888.0
Atmakur (Nandyal District) APMC,Sona Mahsuri,2021-05-11,0.01,1800.0,1800.0,1800.0,1800.0,1800.0,1800.0,1800.0,0.0,0.0,0.0,0.0,1.0,1.0,5,1,2021-05-18,1800.0
Banaganapalli APMC,Sona Mahsuri,2021-05-11,1.0,1700.0,1900.0,1800.0,1700.0,1800.0,1785.7142857142858,1782.142857142857,37.796447300922736,31.66618468882824,100.0,0.0,1.008,1.0100200400801604,5,1,2021-05-18,1800.0
Rajahmundry APMC,Paddy,2021-05-11,0.5,1868.0,1868.0,1868.0,1868.0,1868.0,1868.0,1868.0,0.0,0.0,0.0,0.0,1.0,1.0,5,1,2021-05-18,1868.0
Rajahmundry APMC,Swarna Masuri (New),2021-05-11,0.5,1888.0,1888.0,1888.0,1888.0,1888.0,1888.0,1888.0,0.0,0.0,0.0,0.0,1.0,1.0,5,1,2021-05-18,1888.0
Atmakur (Nandyal District) APMC,Sona Mahsuri,2021-05-12,0.01,1800.0,1800.0,1800.0,1800.0,1800.0,1800.0,1800.0,0.0,0.0,0.0,0.0,1.0,1.0,5,2,2021-05-19,1800.0
Banaganapalli APMC,Sona Mahsuri,2021-05-12,1.0,1700.0,1900.0,1800.0,1800.0,1800.0,1785.7142857142858,1782.142857142857,37.796447300922736,31.66618468882824,0.0,0.0,1.008,1.0100200400801604,5,2,2021-05-19,1800.0
Banaganapalli APMC,Sona Mahsuri,2021-05-13,1.0,1700.0,1900.0,1800.0,1800.0,1800.0,1785.7142857142858,1782.142857142857,37.796447300922736,31.66618468882824,0.0,0.0,1.008,1.0100200400801604,5,3,2021-05-20,1800.0
Rajahmundry APMC,Paddy,2021-05-14,0.5,1868.0,1868.0,1868.0,1868.0,1868.0,1868.0,1868.0,0.0,0.0,0.0,0.0,1.0,1.0,5,4,2021-05-22,1868.0
Rajahmundry APMC,Swarna Masuri (New),2021-05-14,0.5,1888.0,1888.0,1888.0,1888.0,1888.0,1888.0,1888.0,0.0,0.0,0.0,0.0,1.0,1.0,5,4,2021-05-22,1888.0
Atmakur (Nandyal District) APMC,Sona Mahsuri,2021-05-14,0.01,1800.0,1800.0,1800.0,1800.0,1800.0,1800.0,1800.0,0.0,0.0,0.0,0.0,1.0,1.0,5,4,2021-05-21,1800.0
Banaganapalli APMC,Sona Mahsuri,2021-05-14,1.0,1800.0,2000.0,1900.0,1800.0,1800.0,1785.7142857142858,1785.7142857142858,37.796447300922736,30.562492275101874,100.0,100.0,1.064,1.064,5,4,2021-05-21,1800.0
Atmakur (Nandyal District) APMC,Sona Mahsuri,2021-05-15,0.01,1800.0,1800.0,1800.0,1800.0,1800.0,1800.0,1800.0,0.0,0.0,0.0,0.0,1.0,1.0,5,5,2021-05-22,1800.0
Banaganapalli APMC,Sona Mahsuri,2021-05-15,1.0,1800.0,2000.0,1900.0,1900.0,1800.0,1800.0,1796.428571428571,57.73502691896253,41.43709650823399,0.0,100.0,1.0555555555555556,1.0576540755467196,5,5,2021-05-22,1800.0
Rajahmundry APMC,Paddy,2021-05-15,0.5,1868.0,1868.0,1868.0,1868.0,1868.0,1868.0,1868.0,0.0,0.0,0.0,0.0,1.0,1.0,5,5,2021-05-22,1868.0
Rajahmundry APMC,Swarna Masuri (New),2021-05-15,0.5,1888.0,1888.0,1888.0,1888.0,1888.0,1888.0,1888.0,0.0,0.0,0.0,0.0,1.0,1.0,5,5,2021-05-22,1888.0
Atmakur (Nandyal District) APMC,Sona Mahsuri,2021-05-16,0.01,1800.0,1800.0,1800.0,1800.0,1800.0,1800.0,1800.0,0.0,0.0,0.0,0.0,1.0,1.0,5,6,2021-05-23,1800.0
Banaganapalli APMC,Sona Mahsuri,2021-05-16,1.0,1800.0,2000.0,1900.0,1900.0,1800.0,1814.2857142857144,1807.142857142857,69.00655593423534,47.46311465492951,0.0,100.0,1.0472440944881891,1.051383399209486,5,6,2021-05-23,1700.0
Rajahmundry APMC,Paddy,2021-05-16,0.5,1868.0,1868.0,1868.0,1868.0,1868.0,1868.0,1868.0,0.0,0.0,0.0,0.0,1.0,1.0,5,6,2021-05-23,1868.0
Rajahmundry APMC,Swarna Masuri (New),2021-05-16,0.5,1888.0,1888.0,1888.0,1888.0,1888.0,1888.0,1888.0,0.0,0.0,0.0,0.0,1.0,1.0,5,6,2021-05-23,1888.0
Atmakur (Nandyal District) APMC,Sona Mahsuri,2021-05-17,0.01,1800.0,1800.0,1800.0,1800.0,1800.0,1800.0,1800.0,0.0,0.0,0.0,0.0,1.0,1.0,5,0,2021-05-24,1800.0
Banaganapalli APMC,Sona Mahsuri,2021-05-17,1.0,1700.0,1900.0,1800.0,1900.0,1700.0,1828.571428571429,1814.2857142857144,75.59289460184532,53.45224838248237,-100.0,100.0,0.984375,0.9921259842519684,5,0,2021-05-24,1700.0
Rajahmundry APMC,Paddy,2021-05-17,0.5,1868.0,1868.0,1868.0,1868.0,1868.0,1868.0,1868.0,0.0,0.0,0.0,0.0,1.0,1.0,5,0,2021-05-24,1868.0
Rajahmundry APMC,Swarna Masuri (New),2021-05-17,0.5,1888.0,1888.0,1888.0,1888.0,1888.0,1888.0,1888.0,0.0,0.0,0.0,0.0,1.0,1.0,5,0,2021-05-24,1888.0
Rajahmundry APMC,Swarna Masuri (New),2021-05-18,0.5,1888.0,1888.0,1888.0,1888.0,1888.0,1888.0,1888.0,0.0,0.0,0.0,0.0,1.0,1.0,5,1,2021-05-25,1888.0
Rajahmundry APMC,Paddy,2021-05-18,0.5,1868.0,1868.0,1868.0,1868.0,1868.0,1868.0,1868.0,0.0,0.0,0.0,0.0,1.0,1.0,5,1,2021-05-25,1868.0
Atmakur (Nandyal District) APMC,Sona Mahsuri,2021-05-18,0.01,1800.0,1800.0,1800.0,1800.0,1800.0,1800.0,1800.0,0.0,0.0,0.0,0.0,1.0,1.0,5,1,2021-05-25,1800.0
Banaganapalli APMC,Sona Mahsuri,2021-05-18,1.0,1700.0,1900.0,1800.0,1800.0,1800.0,1842.857142857143,1814.2857142857144,53.4522483824846,53.45224838248237,0.0,0.0,0.9767441860465116,0.9921259842519684,5,1,2021-05-25,1800.0
Atmakur (Nandyal District) APMC,Sona Mahsuri,2021-05-19,0.01,1800.0,1800.0,1800.0,1800.0,1800.0,1800.0,1800.0,0.0,0.0,0.0,0.0,1.0,1.0,5,2,2021-05-26,1800.0
Banaganapalli APMC,Sona Mahsuri,2021-05-19,1.0,1700.0,1900.0,1800.0,1800.0,1800.0,1842.857142857143,1814.2857142857144,53.4522483824846,53.45224838248237,0.0,0.0,0.9767441860465116,0.9921259842519684,5,2,2021-05-26,1800.0
Rajahmundry APMC,Paddy,2021-05-19,0.5,1868.0,1868.0,1868.0,1868.0,1868.0,1868.0,1868.0,0.0,0.0,0.0,0.0,1.0,1.0,5,2,2021-05-26,1868.0
Rajahmundry APMC,Swarna Masuri (New),2021-05-19,0.5,1888.0,1888.0,1888.0,1888.0,1888.0,1888.0,1888.0,0.0,0.0,0.0,0.0,1.0,1.0,5,2,2021-05-26,1888.0
Atmakur (Nandyal District) APMC,Sona Mahsuri,2021-05-20,0.01,1800.0,1800.0,1800.0,1800.0,1800.0,1800.0,1800.0,0.0,0.0,0.0,0.0,1.0,1.0,5,3,2021-05-27,1800.0
Banaganapalli APMC,Sona Mahsuri,2021-05-20,1.0,1700.0,1900.0,1800.0,1800.0,1800.0,1842.857142857143,1814.2857142857144,53.4522483824846,53.45224838248237,0.0,0.0,0.9767441860465116,0.9921259842519684,5,3,2021-05-27,1800.0
Rajahmundry APMC,Paddy,2021-05-20,0.5,1868.0,1868.0,1868.0,1868.0,1868.0,1868.0,1868.0,0.0,0.0,0.0,0.0,1.0,1.0,5,3,2021-05-28,1868.0
Rajahmundry APMC,Swarna Masuri (New),2021-05-20,0.5,1888.0,1888.0,1888.0,1888.0,1888.0,1888.0,1888.0,0.0,0.0,0.0,0.0,1.0,1.0,5,3,2021-05-28,1888.0
Atmakur (Nandyal District) APMC,Sona Mahsuri,2021-05-21,0.01,1800.0,1800.0,1800.0,1800.0,1800.0,1800.0,1800.0,0.0,0.0,0.0,0.0,1.0,1.0,5,4,2021-05-28,1800.0
Banaganapalli APMC,Sona Mahsuri,2021-05-21,1.0,1600.0,2000.0,1800.0,1800.0,1900.0,1842.857142857143,1814.2857142857144,53.4522483824846,53.45224838248237,0.0,-100.0,0.9767441860465116,0.9921259842519684,5,4,2021-05-28,1800.0
Rajahmundry APMC,Swarna Masuri (New),2021-05-22,0.5,1888.0,1888.0,1888.0,1888.0,1888.0,1888.0,1888.0,0.0,0.0,0.0,0.0,1.0,1.0,5,5,2021-05-30,1868.0
Rajahmundry APMC,Paddy,2021-05-22,0.5,1868.0,1868.0,1868.0,1868.0,1868.0,1868.0,1868.0,0.0,0.0,0.0,0.0,1.0,1.0,5,5,2021-05-30,1868.0
Atmakur (Nandyal District) APMC,Sona Mahsuri,2021-05-22,0.01,1800.0,1800.0,1800.0,1800.0,1800.0,1800.0,1800.0,0.0,0.0,0.0,0.0,1.0,1.0,5,5,2021-05-31,1800.0
Banaganapalli APMC,Sona Mahsuri,2021-05-22,1.0,1600.0,2000.0,1800.0,1800.0,1900.0,1828.571428571429,1814.2857142857144,48.79500364742653,53.45224838248237,0.0,-100.0,0.984375,0.9921259842519684,5,5,2021-05-29,1850.0
Atmakur (Nandyal District) APMC,Sona Mahsuri,2021-05-23,0.01,1800.0,1800.0,1800.0,1800.0,1800.0,1800.0,1800.0,0.0,0.0,0.0,0.0,1.0,1.0,5,6,2021-05-31,1800.0
Banaganapalli APMC,Sona Mahsuri,2021-05-23,1.0,1500.0,1900.0,1700.0,1800.0,1900.0,1814.2857142857144,1814.2857142857144,37.79644730092282,53.45224838248237,-100.0,-200.0,0.937007874015748,0.937007874015748,5,6,2021-05-30,1800.0
Rajahmundry APMC,Paddy,2021-05-23,0.5,1868.0,1868.0,1868.0,1868.0,1868.0,1868.0,1868.0,0.0,0.0,0.0,0.0,1.0,1.0,5,6,2021-05-30,1868.0
Rajahmundry APMC,Swarna Masuri (New),2021-05-23,0.5,1888.0,1888.0,1888.0,1888.0,1888.0,1888.0,1888.0,0.0,0.0,0.0,0.0,1.0,1.0,5,6,2021-05-30,1868.0
Atmakur (Nandyal District) APMC,Sona Mahsuri,2021-05-24,0.01,1800.0,1800.0,1800.0,1800.0,1800.0,1800.0,1800.0,0.0,0.0,0.0,0.0,1.0,1.0,5,0,2021-05-31,1800.0
Banaganapalli APMC,Sona Mahsuri,2021-05-24,1.0,1500.0,1900.0,1700.0,1700.0,1800.0,1785.7142857142858,1807.142857142857,37.796447300922736,61.57279262148601,0.0,-100.0,0.952,0.9407114624505928,5,0,2021-05-31,1800.0
Rajahmundry APMC,Paddy,2021-05-24,0.5,1868.0,1868.0,1868.0,1868.0,1868.0,1868.0,1868.0,0.0,0.0,0.0,0.0,1.0,1.0,5,0,2021-05-31,1868.0
Rajahmundry APMC,Swarna Masuri (New),2021-05-24,0.5,1888.0,1888.0,1888.0,1888.0,1888.0,1888.0,1888.0,0.0,0.0,0.0,0.0,1.0,1.0,5,0,2021-05-31,1888.0
Rajahmundry APMC,Paddy,2021-05-25,0.5,1868.0,1868.0,1868.0,1868.0,1868.0,1868.0,1868.0,0.0,0.0,0.0,0.0,1.0,1.0,5,1,2021-06-01,1868.0
Atmakur (Nandyal District) APMC,Sona Mahsuri,2021-05-25,0.01,1800.0,1800.0,1800.0,1800.0,1800.0,1800.0,1800.0,0.0,0.0,0.0,0.0,1.0,1.0,5,1,2021-06-05,1800.0
Banaganapalli APMC,Sona Mahsuri,2021-05-25,1.0,1600.0,2000.0,1800.0,1700.0,1800.0,1771.428571428571,1807.142857142857,48.79500364742671,61.57279262148601,100.0,0.0,1.0161290322580645,0.9960474308300395,5,1,2021-06-01,1800.0
Rajahmundry APMC,Swarna Masuri (New),2021-05-25,0.5,1888.0,1888.0,1888.0,1888.0,1888.0,1888.0,1888.0,0.0,0.0,0.0,0.0,1.0,1.0,5,1,2021-06-01,1888.0
Rajahmundry APMC,Swarna Masuri (New),2021-05-26,0.5,1888.0,1888.0,1888.0,1888.0,1888.0,1888.0,1888.0,0.0,0.0,0.0,0.0,1.0,1.0,5,2,2021-06-02,1888.0
Rajahmundry APMC,Paddy,2021-05-26,0.5,1868.0,1868.0,1868.0,1868.0,1868.0,1868.0,1868.0,0.0,0.0,0.0,0.0,1.0,1.0,5,2,2021-06-02,1868.0
Atmakur (Nandyal District) APMC,Sona Mahsuri,2021-05-26,0.01,1800.0,1800.0,1800.0,1800.0,1800.0,1800.0,1800.0,0.0,0.0,0.0,0.0,1.0,1.0,5,2,2021-06-05,1800.0
Banaganapalli APMC,Sona Mahsuri,2021-05-26,1.0,1600.0,1900.0,1800.0,1800.0,1800.0,1771.428571428571,1807.142857142857,48.79500364742672,61.57279262148601,0.0,0.0,1.0161290322580645,0.9960474308300395,5,2,2021-06-02,1750.0
Atmakur (Nandyal District) APMC,Sona Mahsuri,2021-05-27,0.01,1800.0,1800.0,1800.0,1800.0,1800.0,1800.0,1800.0,0.0,0.0,0.0,0.0,1.0,1.0,5,3,2021-06-05,1800.0
Banaganapalli APMC,Sona Mahsuri,2021-05-27,1.0,1600.0,1900.0,1800.0,1800.0,1800.0,1771.428571428571,1807.142857142857,48.79500364742672,61.57279262148601,0.0,0.0,1.0161290322580645,0.9960474308300395,5,3,2021-06-03,1750.0
Rajahmundry APMC,Swarna Masuri (New),2021-05-28,0.5,1888.0,1888.0,1888.0,1888.0,1888.0,1888.0,1888.0,0.0,0.0,0.0,0.0,1.0,1.0,5,4,2021-06-04,1888.0
Atmakur (Nandyal District) APMC,Sona Mahsuri,2021-05-28,0.01,1800.0,1800.0,1800.0,1800.0,1800.0,1800.0,1800.0,0.0,0.0,0.0,0.0,1.0,1.0,5,4,2021-06-05,1800.0
Banaganapalli APMC,Sona Mahsuri,2021-05-28,1.0,1700.0,1950.0,1800.0,1800.0,1800.0,1771.428571428571,1807.142857142857,48.79500364742672,61.57279262148601,0.0,0.0,1.0161290322580645,0.9960474308300395,5,4,2021-06-04,1650.0
Rajahmundry APMC,Paddy,2021-05-28,0.5,1868.0,1868.0,1868.0,1868.0,1868.0,1868.0,1868.0,0.0,0.0,0.0,0.0,1.0,1.0,5,4,2021-06-04,1868.0
Banaganapalli APMC,Sona Mahsuri,2021-05-29,1.0,1700.0,2000.0,1850.0,1800.0,1800.0,1771.428571428571,1800.0,48.79500364742672,55.47001962252049,50.0,50.0,1.0443548387096775,1.0277777777777777,5,5,2021-06-05,1600.0
Rajahmundry APMC,Paddy,2021-05-30,0.5,1868.0,1868.0,1868.0,1868.0,1868.0,1868.0,1868.0,0.0,0.0,0.0,0.0,1.0,1.0,5,6,2021-06-06,1868.0
Banaganapalli APMC,Sona Mahsuri,2021-05-30,1.0,1700.0,1900.0,1800.0,1850.0,1700.0,1778.571428571429,1796.428571428571,56.694670951384126,49.862448157541024,-50.0,100.0,1.0120481927710845,1.001988071570577,5,6,2021-06-06,1600.0
Rajahmundry APMC,Swarna Masuri (New),2021-05-30,0.5,1868.0,1868.0,1868.0,1888.0,1888.0,1888.0,1888.0,0.0,0.0,-20.0,-20.0,0.989406779661017,0.989406779661017,5,6,2021-06-06,1888.0
Rajahmundry APMC,Swarna Masuri (New),2021-05-31,0.5,1888.0,1888.0,1888.0,1868.0,1888.0,1885.142857142857,1886.571428571429,7.559289460184537,5.345224838248502,20.0,0.0,1.001515610791149,1.0007572315614115,5,0,2021-06-07,1888.0
Rajahmundry APMC,Paddy,2021-05-31,0.5,1868.0,1868.0,1868.0,1868.0,1868.0,1868.0,1868.0,0.0,0.0,0.0,0.0,1.0,1.0,5,0,2021-06-07,1868.0
Banaganapalli APMC,Sona Mahsuri,2021-05-31,1.0,1700.0,1900.0,1800.0,1800.0,1700.0,1792.857142857143,1789.2857142857142,44.98677054212189,40.08918628686032,0.0,100.0,1.00398406374502,1.0059880239520955,5,0,2021-06-07,1700.0
Atmakur (Nandyal District) APMC,Sona Mahsuri,2021-05-31,0.01,1800.0,1800.0,1800.0,1800.0,1800.0,1800.0,1800.0,0.0,0.0,0.0,0.0,1.0,1.0,5,0,2021-06-07,1800.0
Banaganapalli APMC,Sona Mahsuri,2021-06-01,1.0,1700.0,1900.0,1800.0,1800.0,1800.0,1807.142857142857,1789.2857142857142,18.898223650461343,40.08918628686032,0.0,0.0,0.9960474308300395,1.0059880239520955,6,1,2021-06-08,1600.0
Rajahmundry APMC,Paddy,2021-06-01,0.5,1868.0,1868.0,1868.0,1868.0,1868.0,1868.0,1868.0,0.0,0.0,0.0,0.0,1.0,1.0,6,1,2021-06-08,1868.0
Rajahmundry APMC,Swarna Masuri (New),2021-06-01,0.5,1888.0,1888.0,1888.0,1888.0,1888.0,1885.142857142857,1886.571428571429,7.559289460184537,5.345224838248502,0.0,0.0,1.001515610791149,1.0007572315614115,6,1,2021-06-08,1888.0
Banaganapalli APMC,Sona Mahsuri,2021-06-02,1.0,1600.0,1900.0,1750.0,1800.0,1800.0,1807.142857142857,1789.2857142857142,18.898223650461343,40.08918628686032,-50.0,-50.0,0.9683794466403164,0.9780439121756488,6,2,2021-06-09,1600.0
Rajahmundry APMC,Paddy,2021-06-02,0.5,1868.0,1868.0,1868.0,1868.0,1868.0,1868.0,1868.0,0.0,0.0,0.0,0.0,1.0,1.0,6,2,2021-06-09,1868.0
Rajahmundry APMC,Swarna Masuri (New),2021-06-02,0.5,1888.0,1888.0,1888.0,1888.0,1888.0,1885.142857142857,1886.571428571429,7.559289460184537,5.345224838248502,0.0,0.0,1.001515610791149,1.0007572315614115,6,2,2021-06-09,1888.0
Banaganapalli APMC,Sona Mahsuri,2021-06-03,1.0,1600.0,1900.0,1750.0,1750.0,1800.0,1800.0,1785.7142857142858,28.86751345948133,41.27101529277461,0.0,-50.0,0.9722222222222222,0.98,6,3,2021-06-10,1600.0
Rajahmundry APMC,Paddy,2021-06-03,0.5,1868.0,1868.0,1868.0,1868.0,1868.0,1868.0,1868.0,0.0,0.0,0.0,0.0,1.0,1.0,6,3,2021-06-10,1868.0
Rajahmundry APMC,Swarna Masuri (New),2021-06-03,0.5,1888.0,1888.0,1888.0,1888.0,1888.0,1885.142857142857,1886.571428571429,7.559289460184537,5.345224838248502,0.0,0.0,1.001515610791149,1.0007572315614115,6,3,2021-06-10,1888.0
Banaganapalli APMC,Sona Mahsuri,2021-06-04,1.0,1500.0,1800.0,1650.0,1750.0,1800.0,1792.857142857143,1782.142857142857,34.5032779671178,42.09486930705161,-100.0,-150.0,0.9203187250996016,0.9258517034068136,6,4,2021-06-11,1600.0
Rajahmundry APMC,Paddy,2021-06-04,0.5,1868.0,1868.0,1868.0,1868.0,1868.0,1868.0,1868.0,0.0,0.0,0.0,0.0,1.0,1.0,6,4,2021-06-11,1868.0
Rajahmundry APMC,Swarna Masuri (New),2021-06-04,0.5,1888.0,1888.0,1888.0,1888.0,1888.0,1885.142857142857,1886.571428571429,7.559289460184537,5.345224838248502,0.0,0.0,1.001515610791149,1.0007572315614115,6,4,2021-06-11,1888.0
Banaganapalli APMC,Sona Mahsuri,2021-06-05,1.0,1400.0,1800.0,1600.0,1650.0,1850.0,1771.428571428571,1771.428571428571,63.62090102803535,54.47047794018981,-50.0,-250.0,0.903225806451613,0.903225806451613,6,5,2021-06-12,1600.0
Atmakur (Nandyal District) APMC,Sona Mahsuri,2021-06-05,0.01,1800.0,1800.0,1800.0,1800.0,1800.0,1800.0,1800.0,0.0,0.0,0.0,0.0,1.0,1.0,6,5,2021-06-12,1800.0
Atmakur (Nandyal District) APMC,Sona Mahsuri,2021-06-06,0.01,1800.0,1800.0,1800.0,1800.0,1800.0,1800.0,1800.0,0.0,0.0,0.0,0.0,1.0,1.0,6,6,2021-06-13,1800.0
Banaganapalli APMC,Sona Mahsuri,2021-06-06,1.0,1400.0,1800.0,1600.0,1600.0,1800.0,1735.7142857142858,1757.142857142857,80.17837257372761,70.32108464077245,0.0,-200.0,0.9218106995884772,0.910569105691057,6,6,2021-06-13,1600.0
Rajahmundry APMC,Paddy,2021-06-06,0.5,1868.0,1868.0,1868.0,1868.0,1868.0,1868.0,1868.0,0.0,0.0,0.0,0.0,1.0,1.0,6,6,2021-06-13,1868.0
Rajahmundry APMC,Swarna Masuri (New),2021-06-06,0.5,1888.0,1888.0,1888.0,1888.0,1888.0,1885.142857142857,1886.571428571429,7.559289460184537,5.345224838248502,0.0,0.0,1.001515610791149,1.0007572315614115,6,6,2021-06-13,1888.0
Atmakur (Nandyal District) APMC,Sona Mahsuri,2021-06-07,0.01,1800.0,1800.0,1800.0,1800.0,1800.0,1800.0,1800.0,0.0,0.0,0.0,0.0,1.0,1.0,6,0,2021-06-14,1800.0
Banaganapalli APMC,Sona Mahsuri,2021-06-07,1.0,1500.0,1900.0,1700.0,1600.0,1800.0,1707.142857142857,1750.0,88.64052604279225,80.86075400626237,100.0,-100.0,0.99581589958159,0.9714285714285714,6,0,2021-06-14,1800.0
Rajahmundry APMC,Paddy,2021-06-07,0.5,1868.0,1868.0,1868.0,1868.0,1868.0,1868.0,1868.0,0.0,0.0,0.0,0.0,1.0,1.0,6,0,2021-06-14,1868.0
Rajahmundry APMC,Swarna Masuri (New),2021-06-07,0.5,1888.0,1888.0,1888.0,1888.0,1868.0,1885.142857142857,1886.571428571429,7.559289460184537,5.345224838248502,0.0,20.0,1.001515610791149,1.0007572315614115,6,0,2021-06-14,1888.0
Atmakur (Nandyal District) APMC,Sona Mahsuri,2021-06-08,0.01,1800.0,1800.0,1800.0,1800.0,1800.0,1800.0,1800.0,0.0,0.0,0.0,0.0,1.0,1.0,6,1,2021-06-15,1800.0
Banaganapalli APMC,Sona Mahsuri,2021-06-08,1.0,1400.0,1800.0,1600.0,1700.0,1800.0,1692.857142857143,1750.0,78.67957924694487,80.86075400626237,-100.0,-200.0,0.9451476793248944,0.9142857142857144,6,1,2021-06-15,1800.0
Rajahmundry APMC,Paddy,2021-06-08,0.5,1868.0,1868.0,1868.0,1868.0,1868.0,1868.0,1868.0,0.0,0.0,0.0,0.0,1.0,1.0,6,1,2021-06-15,1868.0
Rajahmundry APMC,Swarna Masuri (New),2021-06-08,0.5,1888.0,1888.0,1888.0,1888.0,1888.0,1888.0,1886.571428571429,0.0,5.345224838248502,0.0,0.0,1.0,1.0007572315614115,6,1,2021-06-15,1888.0
Rajahmundry APMC,Swarna Masuri (New),2021-06-09,0.5,1888.0,1888.0,1888.0,1888.0,1888.0,1888.0,1886.571428571429,0.0,5.345224838248502,0.0,0.0,1.0,1.0007572315614115,6,2,2021-06-16,1888.0
Rajahmundry APMC,Paddy,2021-06-09,0.5,1868.0,1868.0,1868.0,1868.0,1868.0,1868.0,1868.0,0.0,0.0,0.0,0.0,1.0,1.0,6,2,2021-06-16,1868.0
Atmakur (Nandyal District) APMC,Sona Mahsuri,2021-06-09,0.01,1800.0,1800.0,1800.0,1800.0,1800.0,1800.0,1800.0,0.0,0.0,0.0,0.0,1.0,1.0,6,2,2021-06-16,1800.0
Banaganapalli APMC,Sona Mahsuri,2021-06-09,1.0,1400.0,1800.0,1600.0,1600.0,1750.0,1664.2857142857142,1735.7142857142858,69.00655593423626,88.64052604279037,0.0,-150.0,0.96137339055794,0.9218106995884772,6,2,2021-06-16,1800.0
Atmakur (Nandyal District) APMC,Sona Mahsuri,2021-06-10,0.01,1800.0,1800.0,1800.0,1800.0,1800.0,1800.0,1800.0,0.0,0.0,0.0,0.0,1.0,1.0,6,3,2021-06-17,1800.0
Banaganapalli APMC,Sona Mahsuri,2021-06-10,1.0,1400.0,1800.0,1600.0,1600.0,1750.0,1642.857142857143,1721.428571428571,60.74928962939671,93.4679824125004,0.0,-150.0,0.9739130434782608,0.9294605809128632,6,3,2021-06-17,1800.0
Rajahmundry APMC,Paddy,2021-06-10,0.5,1868.0,1868.0,1868.0,1868.0,1868.0,1868.0,1868.0,0.0,0.0,0.0,0.0,1.0,1.0,6,3,2021-06-17,1868.0
Rajahmundry APMC,Swarna Masuri (New),2021-06-10,0.5,1888.0,1888.0,1888.0,1888.0,1888.0,1888.0,1886.571428571429,0.0,5.345224838248502,0.0,0.0,1.0,1.0007572315614115,6,3,2021-06-17,1888.0
Atmakur (Nandyal District) APMC,Sona Mahsuri,2021-06-11,0.01,1800.0,1800.0,1800.0,1800.0,1800.0,1800.0,1800.0,0.0,0.0,0.0,0.0,1.0,1.0,6,4,2021-06-18,1800.0
Banaganapalli APMC,Sona Mahsuri,2021-06-11,1.0,1400.0,1800.0,1600.0,1600.0,1650.0,1621.428571428571,1707.142857142857,39.33978962347416,95.7905223695117,0.0,-50.0,0.986784140969163,0.9372384937238494,6,4,2021-06-18,1800.0
Rajahmundry APMC,Paddy,2021-06-11,0.5,1868.0,1868.0,1868.0,1868.0,1868.0,1868.0,1868.0,0.0,0.0,0.0,0.0,1.0,1.0,6,4,2021-06-18,1868.0
Rajahmundry APMC,Swarna Masuri (New),2021-06-11,0.5,1888.0,1888.0,1888.0,1888.0,1888.0,1888.0,1886.571428571429,0.0,5.345224838248502,0.0,0.0,1.0,1.0007572315614115,6,4,2021-06-18,1888.0
Rajahmundry APMC,Swarna Masuri (New),2021-06-12,0.5,1888.0,1888.0,1888.0,1888.0,1888.0,1888.0,1886.571428571429,0.0,5.345224838248502,0.0,0.0,1.0,1.0007572315614115,6,5,2021-06-22,1888.0
Rajahmundry APMC,Paddy,2021-06-12,0.5,1868.0,1868.0,1868.0,1868.0,1868.0,1868.0,1868.0,0.0,0.0,0.0,0.0,1.0,1.0,6,5,2021-06-22,1868.0
Banaganapalli APMC,Sona Mahsuri,2021-06-12,1.0,1400.0,1750.0,1600.0,1600.0,1600.0,1614.2857142857142,1692.857142857143,37.79644730092487,95.79052236951176,0.0,0.0,0.991150442477876,0.9451476793248944,6,5,2021-06-19,1800.0
Atmakur (Nandyal District) APMC,Sona Mahsuri,2021-06-12,0.01,1800.0,1800.0,1800.0,1800.0,1800.0,1800.0,1800.0,0.0,0.0,0.0,0.0,1.0,1.0,6,5,2021-06-19,1800.0
Atmakur (Nandyal District) APMC,Sona Mahsuri,2021-06-13,0.01,1800.0,1800.0,1800.0,1800.0,1800.0,1800.0,1800.0,0.0,0.0,0.0,0.0,1.0,1.0,6,6,2021-06-20,1800.0
Banaganapalli APMC,Sona Mahsuri,2021-06-13,1.0,1400.0,1750.0,1600.0,1600.0,1600.0,1614.2857142857142,1675.0,37.79644730092487,87.15591687403449,0.0,0.0,0.991150442477876,0.9552238805970148,6,6,2021-06-20,1850.0
Rajahmundry APMC,Paddy,2021-06-13,0.5,1868.0,1868.0,1868.0,1868.0,1868.0,1868.0,1868.0,0.0,0.0,0.0,0.0,1.0,1.0,6,6,2021-06-22,1868.0
Rajahmundry APMC,Swarna Masuri (New),2021-06-13,0.5,1888.0,1888.0,1888.0,1888.0,1888.0,1888.0,1886.571428571429,0.0,5.345224838248502,0.0,0.0,1.0,1.0007572315614115,6,6,2021-06-22,1888.0
Atmakur (Nandyal District) APMC,Sona Mahsuri,2021-06-14,0.01,1800.0,1800.0,1800.0,1800.0,1800.0,1800.0,1800.0,0.0,0.0,0.0,0.0,1.0,1.0,6,0,2021-06-21,1800.0
Banaganapalli APMC,Sona Mahsuri,2021-06-14,1.0,1700.0,1900.0,1800.0,1600.0,1700.0,1614.2857142857142,1660.7142857142858,37.79644730092487,81.28433340529175,200.0,100.0,1.1150442477876106,1.0838709677419354,6,0,2021-06-21,1800.0
Rajahmundry APMC,Paddy,2021-06-14,0.5,1868.0,1868.0,1868.0,1868.0,1868.0,1868.0,1868.0,0.0,0.0,0.0,0.0,1.0,1.0,6,0,2021-06-22,1868.0
Rajahmundry APMC,Swarna Masuri (New),2021-06-14,0.5,1888.0,1888.0,1888.0,1888.0,1888.0,1888.0,1886.571428571429,0.0,5.345224838248502,0.0,0.0,1.0,1.0007572315614115,6,0,2021-06-22,1888.0
Rajahmundry APMC,Paddy,2021-06-15,0.5,1868.0,1868.0,1868.0,1868.0,1868.0,1868.0,1868.0,0.0,0.0,0.0,0.0,1.0,1.0,6,1,2021-06-22,1868.0
Rajahmundry APMC,Swarna Masuri (New),2021-06-15,0.5,1888.0,1888.0,1888.0,1888.0,1888.0,1888.0,1888.0,0.0,0.0,0.0,0.0,1.0,1.0,6,1,2021-06-22,1888.0
Atmakur (Nandyal District) APMC,Sona Mahsuri,2021-06-15,0.01,1800.0,1800.0,1800.0,1800.0,1800.0,1800.0,1800.0,0.0,0.0,0.0,0.0,1.0,1.0,6,1,2021-06-22,1800.0
Banaganapalli APMC,Sona Mahsuri,2021-06-15,1.0,1700.0,1900.0,1800.0,1800.0,1600.0,1628.571428571429,1660.7142857142858,75.59289460184543,81.28433340529175,0.0,200.0,1.1052631578947367,1.0838709677419354,6,1,2021-06-22,1800.0
Rajahmundry APMC,Swarna Masuri (New),2021-06-16,0.5,1888.0,1888.0,1888.0,1888.0,1888.0,1888.0,1888.0,0.0,0.0,0.0,0.0,1.0,1.0,6,2,2021-06-23,1888.0
Rajahmundry APMC,Paddy,2021-06-16,0.5,1868.0,1868.0,1868.0,1868.0,1868.0,1868.0,1868.0,0.0,0.0,0.0,0.0,1.0,1.0,6,2,2021-06-23,1868.0
Banaganapalli APMC,Sona Mahsuri,2021-06-16,1.0,1700.0,1900.0,1800.0,1800.0,1600.0,1657.142857142857,1660.7142857142858,97.59000729485324,81.28433340529175,0.0,200.0,1.0862068965517242,1.0838709677419354,6,2,2021-06-23,1850.0
Atmakur (Nandyal District) APMC,Sona Mahsuri,2021-06-16,0.01,1800.0,1800.0,1800.0,1800.0,1800.0,1800.0,1800.0,0.0,0.0,0.0,0.0,1.0,1.0,6,2,2021-06-23,1800.0
Atmakur (Nandyal District) APMC,Sona Mahsuri,2021-06-17,0.01,1800.0,1800.0,1800.0,1800.0,1800.0,1800.0,1800.0,0.0,0.0,0.0,0.0,1.0,1.0,6,3,2021-06-24,1800.0
Banaganapalli APMC,Sona Mahsuri,2021-06-17,1.0,1700.0,1900.0,1800.0,1800.0,1600.0,1685.7142857142858,1664.2857142857142,106.9044967649696,86.44378215075528,0.0,200.0,1.0677966101694916,1.0815450643776825,6,3,2021-06-25,1800.0
Rajahmundry APMC,Paddy,2021-06-17,0.5,1868.0,1868.0,1868.0,1868.0,1868.0,1868.0,1868.0,0.0,0.0,0.0,0.0,1.0,1.0,6,3,2021-06-24,1868.0
Rajahmundry APMC,Swarna Masuri (New),2021-06-17,0.5,1888.0,1888.0,1888.0,1888.0,1888.0,1888.0,1888.0,0.0,0.0,0.0,0.0,1.0,1.0,6,3,2021-06-24,1888.0
Atmakur (Nandyal District) APMC,Sona Mahsuri,2021-06-18,0.01,1800.0,1800.0,1800.0,1800.0,1800.0,1800.0,1800.0,0.0,0.0,0.0,0.0,1.0,1.0,6,4,2021-06-25,1800.0
Banaganapalli APMC,Sona Mahsuri,2021-06-18,1.0,1600.0,2000.0,1800.0,1800.0,1600.0,1714.2857142857142,1667.857142857143,106.90449676496948,91.16161231812065,0.0,200.0,1.05,1.0792291220556745,6,4,2021-06-25,1800.0
Rajahmundry APMC,Paddy,2021-06-18,0.5,1868.0,1868.0,1868.0,1868.0,1868.0,1868.0,1868.0,0.0,0.0,0.0,0.0,1.0,1.0,6,4,2021-06-25,1868.0
Rajahmundry APMC,Swarna Masuri (New),2021-06-18,0.5,1888.0,1888.0,1888.0,1888.0,1888.0,1888.0,1888.0,0.0,0.0,0.0,0.0,1.0,1.0,6,4,2021-06-25,1888.0
Atmakur (Nandyal District) APMC,Sona Mahsuri,2021-06-19,0.01,1800.0,1800.0,1800.0,1800.0,1800.0,1800.0,1800.0,0.0,0.0,0.0,0.0,1.0,1.0,6,5,2021-06-26,1800.0
Banaganapalli APMC,Sona Mahsuri,2021-06-19,1.0,1600.0,2000.0,1800.0,1800.0,1600.0,1742.857142857143,1678.571428571429,97.59000729485292,97.49612559222167,0.0,200.0,1.0327868852459017,1.0723404255319149,6,5,2021-06-26,1850.0
Atmakur (Nandyal District) APMC,Sona Mahsuri,2021-06-20,0.01,1800.0,1800.0,1800.0,1800.0,1800.0,1800.0,1800.0,0.0,0.0,0.0,0.0,1.0,1.0,6,6,2021-06-27,1800.0
Banaganapalli APMC,Sona Mahsuri,2021-06-20,1.0,1700.0,2000.0,1850.0,1800.0,1600.0,1771.428571428571,1692.857142857143,75.5928946018448,99.7248963150862,50.0,250.0,1.0443548387096775,1.0928270042194093,6,6,2021-06-27,1850.0
Banaganapalli APMC,Sona Mahsuri,2021-06-21,1.0,1700.0,1900.0,1800.0,1850.0,1800.0,1807.142857142857,1710.7142857142858,18.898223650461368,104.10529327518285,-50.0,0.0,0.9960474308300395,1.0521920668058455,6,0,2021-06-28,1800.0
Atmakur (Nandyal District) APMC,Sona Mahsuri,2021-06-21,0.01,1800.0,1800.0,1800.0,1800.0,1800.0,1800.0,1800.0,0.0,0.0,0.0,0.0,1.0,1.0,6,0,2021-06-28,1800.0
Atmakur (Nandyal District) APMC,Sona Mahsuri,2021-06-22,0.01,1800.0,1800.0,1800.0,1800.0,1800.0,1800.0,1800.0,0.0,0.0,0.0,0.0,1.0,1.0,6,1,2021-06-29,1800.0
Banaganapalli APMC,Sona Mahsuri,2021-06-22,1.0,1700.0,1900.0,1800.0,1800.0,1800.0,1807.142857142857,1717.857142857143,18.898223650461368,106.7115862376826,0.0,0.0,0.9960474308300395,1.047817047817048,6,1,2021-06-29,1750.0
Rajahmundry APMC,Paddy,2021-06-22,0.5,1868.0,1868.0,1868.0,1868.0,1868.0,1868.0,1868.0,0.0,0.0,0.0,0.0,1.0,1.0,6,1,2021-07-03,1868.0
Rajahmundry APMC,Swarna Masuri (New),2021-06-22,0.5,1888.0,1888.0,1888.0,1888.0,1888.0,1888.0,1888.0,0.0,0.0,0.0,0.0,1.0,1.0,6,1,2021-07-03,1888.0
Atmakur (Nandyal District) APMC,Sona Mahsuri,2021-06-23,0.01,1800.0,1800.0,1800.0,1800.0,1800.0,1800.0,1800.0,0.0,0.0,0.0,0.0,1.0,1.0,6,2,2021-06-30,1800.0
Banaganapalli APMC,Sona Mahsuri,2021-06-23,1.0,1700.0,2000.0,1850.0,1800.0,1800.0,1807.142857142857,1732.142857142857,18.898223650461368,103.0443199217288,50.0,50.0,1.023715415019763,1.068041237113402,6,2,2021-06-30,1750.0
Rajahmundry APMC,Paddy,2021-06-23,0.5,1868.0,1868.0,1868.0,1868.0,1868.0,1868.0,1868.0,0.0,0.0,0.0,0.0,1.0,1.0,6,2,2021-07-03,1868.0
Rajahmundry APMC,Swarna Masuri (New),2021-06-23,0.5,1888.0,1888.0,1888.0,1888.0,1888.0,1888.0,1888.0,0.0,0.0,0.0,0.0,1.0,1.0,6,2,2021-07-03,1888.0
Atmakur (Nandyal District) APMC,Sona Mahsuri,2021-06-24,0.01,1800.0,1800.0,1800.0,1800.0,1800.0,1800.0,1800.0,0.0,0.0,0.0,0.0,1.0,1.0,6,3,2021-07-04,1800.0
Rajahmundry APMC,Paddy,2021-06-24,0.5,1868.0,1868.0,1868.0,1868.0,1868.0,1868.0,1868.0,0.0,0.0,0.0,0.0,1.0,1.0,6,3,2021-07-03,1868.0
Rajahmundry APMC,Swarna Masuri (New),2021-06-24,0.5,1888.0,1888.0,1888.0,1888.0,1888.0,1888.0,1888.0,0.0,0.0,0.0,0.0,1.0,1.0,6,3,2021-07-03,1888.0
Rajahmundry APMC,Swarna Masuri (New),2021-06-25,0.5,1888.0,1888.0,1888.0,1888.0,1888.0,1888.0,1888.0,0.0,0.0,0.0,0.0,1.0,1.0,6,4,2021-07-03,1888.0
Banaganapalli APMC,Sona Mahsuri,2021-06-25,1.0,1600.0,2000.0,1800.0,1850.0,1800.0,1814.2857142857144,1750.0,24.397501823713355,99.9999999999986,-50.0,0.0,0.9921259842519684,1.0285714285714285,6,4,2021-07-02,1800.0
Atmakur (Nandyal District) APMC,Sona Mahsuri,2021-06-25,0.01,1800.0,1800.0,1800.0,1800.0,1800.0,1800.0,1800.0,0.0,0.0,0.0,0.0,1.0,1.0,6,4,2021-07-04,1800.0
Rajahmundry APMC,Paddy,2021-06-25,0.5,1868.0,1868.0,1868.0,1868.0,1868.0,1868.0,1868.0,0.0,0.0,0.0,0.0,1.0,1.0,6,4,2021-07-03,1868.0
Atmakur (Nandyal District) APMC,Sona Mahsuri,2021-06-26,0.01,1800.0,1800.0,1800.0,1800.0,1800.0,1800.0,1800.0,0.0,0.0,0.0,0.0,1.0,1.0,6,5,2021-07-04,1800.0
Banaganapalli APMC,Sona Mahsuri,2021-06-26,1.0,1600.0,1900.0,1850.0,1800.0,1800.0,1814.2857142857144,1764.2857142857142,24.397501823713355,90.78412990031876,50.0,50.0,1.0196850393700787,1.048582995951417,6,5,2021-07-03,1800.0
Rajahmundry APMC,Paddy,2021-06-26,0.5,1868.0,1868.0,1868.0,1868.0,1868.0,1868.0,1868.0,0.0,0.0,0.0,0.0,1.0,1.0,6,5,2021-07-03,1868.0
Rajahmundry APMC,Swarna Masuri (New),2021-06-26,0.5,1888.0,1888.0,1888.0,1888.0,1888.0,1888.0,1888.0,0.0,0.0,0.0,0.0,1.0,1.0,6,5,2021-07-03,1888.0
Atmakur (Nandyal District) APMC,Sona Mahsuri,2021-06-27,0.01,1800.0,1800.0,1800.0,1800.0,1800.0,1800.0,1800.0,0.0,0.0,0.0,0.0,1.0,1.0,6,6,2021-07-04,1800.0
Banaganapalli APMC,Sona Mahsuri,2021-06-27,1.0,1600.0,1900.0,1850.0,1850.0,1800.0,1821.4285714285716,1782.142857142857,26.726124191242494,79.92097745499821,0.0,50.0,1.015686274509804,1.0380761523046091,6,6,2021-07-04,1800.0
Atmakur (Nandyal District) APMC,Sona Mahsuri,2021-06-28,0.01,1800.0,1800.0,1800.0,1800.0,1800.0,1800.0,1800.0,0.0,0.0,0.0,0.0,1.0,1.0,6,0,2021-07-05,1800.0
Banaganapalli APMC,Sona Mahsuri,2021-06-28,1.0,1700.0,1900.0,1800.0,1850.0,1850.0,1828.571428571429,1800.0,26.726124191242494,62.01736729460163,-50.0,-50.0,0.984375,1.0,6,0,2021-07-05,1800.0
Atmakur (Nandyal District) APMC,Sona Mahsuri,2021-06-29,0.01,1800.0,1800.0,1800.0,1800.0,1800.0,1800.0,1800.0,0.0,0.0,0.0,0.0,1.0,1.0,6,1,2021-07-06,1800.0
Banaganapalli APMC,Sona Mahsuri,2021-06-29,1.0,1600.0,1900.0,1750.0,1800.0,1800.0,1821.4285714285716,1814.2857142857144,26.726124191242494,23.440361546917583,-50.0,-50.0,0.9607843137254902,0.9645669291338584,6,1,2021-07-06,1700.0
Banaganapalli APMC,Sona Mahsuri,2021-06-30,1.0,1600.0,1850.0,1750.0,1750.0,1800.0,1814.2857142857144,1810.7142857142856,37.79644730092276,28.946711176086183,0.0,-50.0,0.9645669291338584,0.9664694280078896,6,2,2021-07-07,1700.0
Atmakur (Nandyal District) APMC,Sona Mahsuri,2021-06-30,0.01,1800.0,1800.0,1800.0,1800.0,1800.0,1800.0,1800.0,0.0,0.0,0.0,0.0,1.0,1.0,6,2,2021-07-07,1800.0
Banaganapalli APMC,Sona Mahsuri,2021-07-01,1.0,1600.0,2000.0,1800.0,1750.0,1850.0,1807.142857142857,1807.142857142857,44.98677054212188,33.14967720658479,50.0,-50.0,0.9960474308300395,0.9960474308300395,7,3,2021-07-08,1700.0
Banaganapalli APMC,Sona Mahsuri,2021-07-02,1.0,1600.0,1900.0,1800.0,1800.0,1800.0,1800.0,1807.142857142857,40.82482904638631,33.14967720658479,0.0,0.0,1.0,0.9960474308300395,7,4,2021-07-09,1700.0
Banaganapalli APMC,Sona Mahsuri,2021-07-03,1.0,1700.0,1900.0,1800.0,1800.0,1850.0,1800.0,1807.142857142857,40.82482904638631,33.14967720658479,0.0,-50.0,1.0,0.9960474308300395,7,5,2021-07-10,1750.0
Rajahmundry APMC,Paddy,2021-07-03,0.5,1868.0,1868.0,1868.0,1868.0,1868.0,1868.0,1868.0,0.0,0.0,0.0,0.0,1.0,1.0,7,5,2021-07-11,1868.0
Rajahmundry APMC,Swarna Masuri (New),2021-07-03,0.5,1888.0,1888.0,1888.0,1888.0,1888.0,1888.0,1888.0,0.0,0.0,0.0,0.0,1.0,1.0,7,5,2021-07-11,1888.0
Atmakur (Nandyal District) APMC,Sona Mahsuri,2021-07-04,0.01,1800.0,1800.0,1800.0,1800.0,1800.0,1800.0,1800.0,0.0,0.0,0.0,0.0,1.0,1.0,7,6,2021-07-11,1800.0
Banaganapalli APMC,Sona Mahsuri,2021-07-04,1.0,1700.0,1900.0,1800.0,1800.0,1850.0,1792.857142857143,1807.142857142857,34.50327796711773,33.14967720658479,0.0,-50.0,1.00398406374502,0.9960474308300395,7,6,2021-07-11,1800.0
Rajahmundry APMC,Paddy,2021-07-04,0.5,1868.0,1868.0,1868.0,1868.0,1868.0,1868.0,1868.0,0.0,0.0,0.0,0.0,1.0,1.0,7,6,2021-07-11,1868.0
Rajahmundry APMC,Swarna Masuri (New),2021-07-04,0.5,1888.0,1888.0,1888.0,1888.0,1888.0,1888.0,1888.0,0.0,0.0,0.0,0.0,1.0,1.0,7,6,2021-07-11,1888.0
Banaganapalli APMC,Sona Mahsuri,2021-07-05,1.0,1700.0,1950.0,1800.0,1800.0,1800.0,1785.7142857142858,1807.142857142857,24.397501823713384,33.14967720658479,0.0,0.0,1.008,0.9960474308300395,7,0,2021-07-12,1800.0
Rajahmundry APMC,Paddy,2021-07-05,0.5,1868.0,1868.0,1868.0,1868.0,1868.0,1868.0,1868.0,0.0,0.0,0.0,0.0,1.0,1.0,7,0,2021-07-12,1868.0
Atmakur (Nandyal District) APMC,Sona Mahsuri,2021-07-05,0.01,1800.0,1800.0,1800.0,1800.0,1800.0,1800.0,1800.0,0.0,0.0,0.0,0.0,1.0,1.0,7,0,2021-07-12,1800.0
Rajahmundry APMC,Swarna Masuri (New),2021-07-05,0.5,1888.0,1888.0,1888.0,1888.0,1888.0,1888.0,1888.0,0.0,0.0,0.0,0.0,1.0,1.0,7,0,2021-07-12,1888.0
Rajahmundry APMC,Swarna Masuri (New),2021-07-06,0.5,1888.0,1888.0,1888.0,1888.0,1888.0,1888.0,1888.0,0.0,0.0,0.0,0.0,1.0,1.0,7,1,2021-07-13,1888.0
Rajahmundry APMC,Paddy,2021-07-06,0.5,1868.0,1868.0,1868.0,1868.0,1868.0,1868.0,1868.0,0.0,0.0,0.0,0.0,1.0,1.0,7,1,2021-07-13,1868.0
Banaganapalli APMC,Sona Mahsuri,2021-07-06,1.0,1600.0,1850.0,1700.0,1800.0,1750.0,1785.7142857142858,1803.571428571429,24.397501823713384,30.786396310738755,-100.0,-50.0,0.952,0.9425742574257424,7,1,2021-07-13,1800.0
Atmakur (Nandyal District) APMC,Sona Mahsuri,2021-07-06,0.01,1800.0,1800.0,1800.0,1800.0,1800.0,1800.0,1800.0,0.0,0.0,0.0,0.0,1.0,1.0,7,1,2021-07-13,1800.0
Atmakur (Nandyal District) APMC,Sona Mahsuri,2021-07-07,0.01,1800.0,1800.0,1800.0,1800.0,1800.0,1800.0,1800.0,0.0,0.0,0.0,0.0,1.0,1.0,7,2,2021-07-14,1800.0
Banaganapalli APMC,Sona Mahsuri,2021-07-07,1.0,1600.0,1850.0,1700.0,1700.0,1750.0,1778.571428571429,1796.428571428571,39.33978962347221,41.43709650823335,0.0,-50.0,0.9558232931726908,0.9463220675944336,7,2,2021-07-14,1700.0
Rajahmundry APMC,Paddy,2021-07-07,0.5,1868.0,1868.0,1868.0,1868.0,1868.0,1868.0,1868.0,0.0,0.0,0.0,0.0,1.0,1.0,7,2,2021-07-14,1868.0
Rajahmundry APMC,Swarna Masuri (New),2021-07-07,0.5,1888.0,1888.0,1888.0,1888.0,1888.0,1888.0,1888.0,0.0,0.0,0.0,0.0,1.0,1.0,7,2,2021-07-14,1888.0
Atmakur (Nandyal District) APMC,Sona Mahsuri,2021-07-08,0.01,1800.0,1800.0,1800.0,1800.0,1800.0,1800.0,1800.0,0.0,0.0,0.0,0.0,1.0,1.0,7,3,2021-07-15,1800.0
Banaganapalli APMC,Sona Mahsuri,2021-07-08,1.0,1600.0,1900.0,1700.0,1700.0,1800.0,1771.428571428571,1789.2857142857142,48.795003647426725,48.748062796108215,0.0,-100.0,0.9596774193548387,0.9500998003992016,7,3,2021-07-15,1600.0
Atmakur (Nandyal District) APMC,Sona Mahsuri,2021-07-09,0.01,1800.0,1800.0,1800.0,1800.0,1800.0,1800.0,1800.0,0.0,0.0,0.0,0.0,1.0,1.0,7,4,2021-07-16,1800.0
Banaganapalli APMC,Sona Mahsuri,2021-07-09,1.0,1600.0,1900.0,1700.0,1700.0,1800.0,1757.142857142857,1778.571428571429,53.45224838248495,50.817492878115054,0.0,-100.0,0.967479674796748,0.9558232931726908,7,4,2021-07-16,1750.0
Atmakur (Nandyal District) APMC,Sona Mahsuri,2021-07-10,0.01,1800.0,1800.0,1800.0,1800.0,1800.0,1800.0,1800.0,0.0,0.0,0.0,0.0,1.0,1.0,7,5,2021-07-17,1800.0
Banaganapalli APMC,Sona Mahsuri,2021-07-10,1.0,1550.0,1850.0,1750.0,1700.0,1800.0,1742.857142857143,1771.428571428571,53.45224838248495,54.47047794018944,50.0,-50.0,1.0040983606557377,0.9879032258064516,7,5,2021-07-17,1750.0
Atmakur (Nandyal District) APMC,Sona Mahsuri,2021-07-11,0.01,1800.0,1800.0,1800.0,1800.0,1800.0,1800.0,1800.0,0.0,0.0,0.0,0.0,1.0,1.0,7,6,2021-07-18,1800.0
Banaganapalli APMC,Sona Mahsuri,2021-07-11,1.0,1700.0,1900.0,1800.0,1750.0,1800.0,1735.7142857142858,1764.2857142857142,47.5594865605672,49.724515809881694,50.0,0.0,1.037037037037037,1.0202429149797572,7,6,2021-07-18,1700.0
Banaganapalli APMC,Sona Mahsuri,2021-07-12,1.0,1700.0,1900.0,1800.0,1800.0,1800.0,1735.7142857142858,1760.7142857142858,47.5594865605672,44.62911876519575,0.0,0.0,1.037037037037037,1.022312373225152,7,0,2021-07-19,1700.0
Atmakur (Nandyal District) APMC,Sona Mahsuri,2021-07-12,0.01,1800.0,1800.0,1800.0,1800.0,1800.0,1800.0,1800.0,0.0,0.0,0.0,0.0,1.0,1.0,7,0,2021-07-19,1800.0
Atmakur (Nandyal District) APMC,Sona Mahsuri,2021-07-13,0.01,1800.0,1800.0,1800.0,1800.0,1800.0,1800.0,1800.0,0.0,0.0,0.0,0.0,1.0,1.0,7,1,2021-07-20,1800.0
Banaganapalli APMC,Sona Mahsuri,2021-07-13,1.0,1700.0,1950.0,1800.0,1800.0,1700.0,1735.7142857142858,1760.7142857142858,47.5594865605672,44.62911876519575,0.0,100.0,1.037037037037037,1.022312373225152,7,1,2021-07-20,1600.0
Atmakur (Nandyal District) APMC,Sona Mahsuri,2021-07-14,0.01,1800.0,1800.0,1800.0,1800.0,1800.0,1800.0,1800.0,0.0,0.0,0.0,0.0,1.0,1.0,7,2,2021-07-21,1800.0
Banaganapalli APMC,Sona Mahsuri,2021-07-14,1.0,1600.0,1800.0,1700.0,1800.0,1700.0,1750.0,1764.2857142857142,50.00000000000008,45.69367667316552,-100.0,0.0,0.9714285714285714,0.9635627530364372,7,2,2021-07-21,1800.0
Rajahmundry APMC,Paddy,2021-07-14,0.5,1868.0,1868.0,1868.0,1868.0,1868.0,1868.0,1868.0,0.0,0.0,0.0,0.0,1.0,1.0,7,2,2021-07-28,1868.0
Rajahmundry APMC,Swarna Masuri (New),2021-07-14,0.5,1888.0,1888.0,1888.0,1888.0,1888.0,1888.0,1888.0,0.0,0.0,0.0,0.0,1.0,1.0,7,2,2021-07-28,1888.0
Atmakur (Nandyal District) APMC,Sona Mahsuri,2021-07-15,0.01,1800.0,1800.0,1800.0,1800.0,1800.0,1800.0,1800.0,0.0,0.0,0.0,0.0,1.0,1.0,7,3,2021-07-22,1800.0
Banaganapalli APMC,Sona Mahsuri,2021-07-15,1.0,1500.0,1800.0,1600.0,1700.0,1700.0,1750.0,1760.7142857142858,50.00000000000008,48.74806279610844,-100.0,-100.0,0.9142857142857144,0.9087221095334684,7,3,2021-07-22,1800.0
Atmakur (Nandyal District) APMC,Sona Mahsuri,2021-07-16,0.01,1800.0,1800.0,1800.0,1800.0,1800.0,1800.0,1800.0,0.0,0.0,0.0,0.0,1.0,1.0,7,4,2021-07-23,1800.0
Banaganapalli APMC,Sona Mahsuri,2021-07-16,1.0,1500.0,1900.0,1750.0,1600.0,1700.0,1735.7142857142858,1746.428571428571,74.80132415430958,63.44072252682019,150.0,50.0,1.008230452674897,1.0020449897750512,7,4,2021-07-23,1800.0
Atmakur (Nandyal District) APMC,Sona Mahsuri,2021-07-17,0.01,1800.0,1800.0,1800.0,1800.0,1800.0,1800.0,1800.0,0.0,0.0,0.0,0.0,1.0,1.0,7,5,2021-07-24,1800.0
Banaganapalli APMC,Sona Mahsuri,2021-07-17,1.0,1500.0,1900.0,1750.0,1750.0,1750.0,1742.857142857143,1742.857142857143,73.19250547114002,61.57279262148591,0.0,0.0,1.0040983606557377,1.0040983606557377,7,5,2021-07-24,1850.0
Banaganapalli APMC,Sona Mahsuri,2021-07-18,1.0,1600.0,1800.0,1700.0,1750.0,1800.0,1742.857142857143,1739.2857142857142,73.19250547114002,59.41565265331604,-50.0,-100.0,0.9754098360655736,0.9774127310061602,7,6,2021-07-25,1800.0
Atmakur (Nandyal District) APMC,Sona Mahsuri,2021-07-18,0.01,1800.0,1800.0,1800.0,1800.0,1800.0,1800.0,1800.0,0.0,0.0,0.0,0.0,1.0,1.0,7,6,2021-07-25,1800.0
Atmakur (Nandyal District) APMC,Sona Mahsuri,2021-07-19,0.01,1800.0,1800.0,1800.0,1800.0,1800.0,1800.0,1800.0,0.0,0.0,0.0,0.0,1.0,1.0,7,0,2021-07-26,1800.0
Banaganapalli APMC,Sona Mahsuri,2021-07-19,1.0,1600.0,1800.0,1700.0,1700.0,1800.0,1728.571428571429,1732.142857142857,69.86381310057718,57.536419426649125,0.0,-100.0,0.9834710743801652,0.9814432989690722,7,0,2021-07-26,1700.0
Atmakur (Nandyal District) APMC,Sona Mahsuri,2021-07-20,0.01,1800.0,1800.0,1800.0,1800.0,1800.0,1800.0,1800.0,0.0,0.0,0.0,0.0,1.0,1.0,7,1,2021-07-27,1800.0
Banaganapalli APMC,Sona Mahsuri,2021-07-20,1.0,1400.0,1800.0,1600.0,1700.0,1800.0,1714.2857142857142,1725.0,62.678317052800764,54.59642140991444,-100.0,-200.0,0.9333333333333332,0.927536231884058,7,1,2021-07-27,1600.0
Atmakur (Nandyal District) APMC,Sona Mahsuri,2021-07-21,0.01,1800.0,1800.0,1800.0,1800.0,1800.0,1800.0,1800.0,0.0,0.0,0.0,0.0,1.0,1.0,7,2,2021-07-28,1800.0
Banaganapalli APMC,Sona Mahsuri,2021-07-21,1.0,1600.0,1900.0,1800.0,1600.0,1700.0,1685.7142857142858,1717.857142857143,62.67831705280057,63.87229704394598,200.0,100.0,1.0677966101694916,1.047817047817048,7,2,2021-07-28,1500.0
Atmakur (Nandyal District) APMC,Sona Mahsuri,2021-07-22,0.01,1800.0,1800.0,1800.0,1800.0,1800.0,1800.0,1800.0,0.0,0.0,0.0,0.0,1.0,1.0,7,3,2021-07-29,1800.0
Banaganapalli APMC,Sona Mahsuri,2021-07-22,1.0,1600.0,1900.0,1800.0,1800.0,1600.0,1700.0,1725.0,76.3762615825972,67.22522420364622,0.0,200.0,1.0588235294117647,1.0434782608695652,7,3,2021-07-29,1600.0
Atmakur (Nandyal District) APMC,Sona Mahsuri,2021-07-23,0.01,1800.0,1800.0,1800.0,1800.0,1800.0,1800.0,1800.0,0.0,0.0,0.0,0.0,1.0,1.0,7,4,2021-07-30,1800.0
Banaganapalli APMC,Sona Mahsuri,2021-07-23,1.0,1600.0,1900.0,1800.0,1800.0,1750.0,1728.571428571429,1732.142857142857,69.86381310057727,69.6340512888689,0.0,50.0,1.0413223140495866,1.0391752577319588,7,4,2021-07-30,1500.0
Atmakur (Nandyal District) APMC,Sona Mahsuri,2021-07-24,0.01,1800.0,1800.0,1800.0,1800.0,1800.0,1800.0,1800.0,0.0,0.0,0.0,0.0,1.0,1.0,7,5,2021-07-31,1800.0
Banaganapalli APMC,Sona Mahsuri,2021-07-24,1.0,1700.0,2000.0,1850.0,1800.0,1750.0,1735.7142857142858,1739.2857142857142,74.80132415430971,71.19467198239656,50.0,100.0,1.0658436213991769,1.0636550308008217,7,5,2021-07-31,1600.0
Banaganapalli APMC,Sona Mahsuri,2021-07-25,1.0,1700.0,1900.0,1800.0,1850.0,1700.0,1750.0,1746.428571428571,86.60254037844412,77.12199555121687,-50.0,100.0,1.0285714285714285,1.030674846625767,7,6,2021-08-01,1700.0
Atmakur (Nandyal District) APMC,Sona Mahsuri,2021-07-25,0.01,1800.0,1800.0,1800.0,1800.0,1800.0,1800.0,1800.0,0.0,0.0,0.0,0.0,1.0,1.0,7,6,2021-08-08,1800.0
Atmakur (Nandyal District) APMC,Sona Mahsuri,2021-07-26,0.01,1800.0,1800.0,1800.0,1800.0,1800.0,1800.0,1800.0,0.0,0.0,0.0,0.0,1.0,1.0,7,0,2021-08-08,1800.0
Banaganapalli APMC,Sona Mahsuri,2021-07-26,1.0,1600.0,1850.0,1700.0,1800.0,1700.0,1764.2857142857142,1746.428571428571,85.21681032463506,77.12199555121687,-100.0,0.0,0.9635627530364372,0.9734151329243356,7,0,2021-08-02,1650.0
Atmakur (Nandyal District) APMC,Sona Mahsuri,2021-07-27,0.01,1800.0,1800.0,1800.0,1800.0,1800.0,1800.0,1800.0,0.0,0.0,0.0,0.0,1.0,1.0,7,1,2021-08-08,1800.0
Banaganapalli APMC,Sona Mahsuri,2021-07-27,1.0,1400.0,1800.0,1600.0,1700.0,1600.0,1764.2857142857142,1739.2857142857142,85.21681032463506,76.406230687764,-100.0,0.0,0.9068825910931174,0.919917864476386,7,1,2021-08-03,1800.0
Atmakur (Nandyal District) APMC,Sona Mahsuri,2021-07-28,0.01,1800.0,1800.0,1800.0,1800.0,1800.0,1800.0,1800.0,0.0,0.0,0.0,0.0,1.0,1.0,7,2,2021-08-08,1800.0
Banaganapalli APMC,Sona Mahsuri,2021-07-28,1.0,1300.0,1700.0,1500.0,1600.0,1800.0,1764.2857142857142,1725.0,85.21681032463506,82.62519638054006,-100.0,-300.0,0.8502024291497976,0.8695652173913043,7,2,2021-08-04,1400.0
Rajahmundry APMC,Paddy,2021-07-28,0.5,1868.0,1868.0,1868.0,1868.0,1868.0,1868.0,1868.0,0.0,0.0,0.0,0.0,1.0,1.0,7,2,2021-08-04,1868.0
Rajahmundry APMC,Swarna Masuri (New),2021-07-28,0.5,1888.0,1888.0,1888.0,1888.0,1888.0,1888.0,1888.0,0.0,0.0,0.0,0.0,1.0,1.0,7,2,2021-08-04,1888.0
Atmakur (Nandyal District) APMC,Sona Mahsuri,2021-07-29,0.01,1800.0,1800.0,1800.0,1800.0,1800.0,1800.0,1800.0,0.0,0.0,0.0,0.0,1.0,1.0,7,3,2021-08-08,1800.0
Banaganapalli APMC,Sona Mahsuri,2021-07-29,1.0,1400.0,1800.0,1600.0,1500.0,1800.0,1721.428571428571,1710.7142857142858,128.63754913562002,102.24136493267513,100.0,-200.0,0.9294605809128632,0.9352818371607516,7,3,2021-08-05,1400.0
Rajahmundry APMC,Paddy,2021-07-29,0.5,1868.0,1868.0,1868.0,1868.0,1868.0,1868.0,1868.0,0.0,0.0,0.0,0.0,1.0,1.0,7,3,2021-08-05,1868.0
Rajahmundry APMC,Swarna Masuri (New),2021-07-29,0.5,1888.0,1888.0,1888.0,1888.0,1888.0,1888.0,1888.0,0.0,0.0,0.0,0.0,1.0,1.0,7,3,2021-08-05,1888.0
Rajahmundry APMC,Swarna Masuri (New),2021-07-30,0.5,1888.0,1888.0,1888.0,1888.0,1888.0,1888.0,1888.0,0.0,0.0,0.0,0.0,1.0,1.0,7,4,2021-08-06,1888.0
Rajahmundry APMC,Paddy,2021-07-30,0.5,1868.0,1868.0,1868.0,1868.0,1868.0,1868.0,1868.0,0.0,0.0,0.0,0.0,1.0,1.0,7,4,2021-08-06,1868.0
Banaganapalli APMC,Sona Mahsuri,2021-07-30,1.0,1300.0,1700.0,1500.0,1600.0,1800.0,1692.857142857143,1710.7142857142858,130.47532151257374,102.24136493267513,-100.0,-300.0,0.8860759493670886,0.8768267223382046,7,4,2021-08-06,1600.0
Atmakur (Nandyal District) APMC,Sona Mahsuri,2021-07-30,0.01,1800.0,1800.0,1800.0,1800.0,1800.0,1800.0,1800.0,0.0,0.0,0.0,0.0,1.0,1.0,7,4,2021-08-08,1800.0
Atmakur (Nandyal District) APMC,Sona Mahsuri,2021-07-31,0.01,1800.0,1800.0,1800.0,1800.0,1800.0,1800.0,1800.0,0.0,0.0,0.0,0.0,1.0,1.0,7,5,2021-08-08,1800.0
Banaganapalli APMC,Sona Mahsuri,2021-07-31,1.0,1400.0,1800.0,1600.0,1500.0,1850.0,1650.0,1692.857142857143,138.44373104863422,115.7868447043669,100.0,-250.0,0.9696969696969696,0.9451476793248944,7,5,2021-08-07,1600.0
Rajahmundry APMC,Paddy,2021-07-31,0.5,1868.0,1868.0,1868.0,1868.0,1868.0,1868.0,1868.0,0.0,0.0,0.0,0.0,1.0,1.0,7,5,2021-08-07,1868.0
Rajahmundry APMC,Swarna Masuri (New),2021-07-31,0.5,1888.0,1888.0,1888.0,1888.0,1888.0,1888.0,1888.0,0.0,0.0,0.0,0.0,1.0,1.0,7,5,2021-08-07,1888.0
Banaganapalli APMC,Sona Mahsuri,2021-08-01,1.0,1500.0,1900.0,1700.0,1600.0,1800.0,1614.2857142857142,1682.142857142857,106.904496764969,117.02587297283762,100.0,-100.0,1.0530973451327434,1.010615711252654,8,6,2021-08-08,1800.0
Rajahmundry APMC,Paddy,2021-08-01,0.5,1868.0,1868.0,1868.0,1868.0,1868.0,1868.0,1868.0,0.0,0.0,0.0,0.0,1.0,1.0,8,6,2021-08-08,1868.0
Rajahmundry APMC,Swarna Masuri (New),2021-08-01,0.5,1888.0,1888.0,1888.0,1888.0,1888.0,1888.0,1888.0,0.0,0.0,0.0,0.0,1.0,1.0,8,6,2021-08-08,1888.0
Banaganapalli APMC,Sona Mahsuri,2021-08-02,1.0,1500.0,1800.0,1650.0,1700.0,1700.0,1600.0,1682.142857142857,81.64965809277147,117.02587297283762,-50.0,-50.0,1.03125,0.9808917197452228,8,0,2021-08-09,1800.0
Rajahmundry APMC,Paddy,2021-08-02,0.5,1868.0,1868.0,1868.0,1868.0,1868.0,1868.0,1868.0,0.0,0.0,0.0,0.0,1.0,1.0,8,0,2021-08-09,1868.0
Rajahmundry APMC,Swarna Masuri (New),2021-08-02,0.5,1888.0,1888.0,1888.0,1888.0,1888.0,1888.0,1888.0,0.0,0.0,0.0,0.0,1.0,1.0,8,0,2021-08-09,1888.0
Rajahmundry APMC,Paddy,2021-08-03,0.5,1868.0,1868.0,1868.0,1868.0,1868.0,1868.0,1868.0,0.0,0.0,0.0,0.0,1.0,1.0,8,1,2021-08-10,1868.0
Rajahmundry APMC,Swarna Masuri (New),2021-08-03,0.5,1888.0,1888.0,1888.0,1888.0,1888.0,1888.0,1888.0,0.0,0.0,0.0,0.0,1.0,1.0,8,1,2021-08-10,1888.0
Banaganapalli APMC,Sona Mahsuri,2021-08-03,1.0,1700.0,2000.0,1800.0,1650.0,1600.0,1592.857142857143,1678.571428571429,73.19250547113866,117.20180773462292,150.0,200.0,1.1300448430493273,1.0723404255319149,8,1,2021-08-10,1800.0
Banaganapalli APMC,Sona Mahsuri,2021-08-04,1.0,1200.0,1600.0,1400.0,1800.0,1500.0,1621.428571428571,1692.857142857143,107.4598485371113,119.06227016071864,-400.0,-100.0,0.8634361233480177,0.8270042194092827,8,2,2021-08-11,1600.0
Rajahmundry APMC,Paddy,2021-08-04,0.5,1868.0,1868.0,1868.0,1868.0,1868.0,1868.0,1868.0,0.0,0.0,0.0,0.0,1.0,1.0,8,2,2021-08-15,1868.0
Rajahmundry APMC,Swarna Masuri (New),2021-08-04,0.5,1888.0,1888.0,1888.0,1888.0,1888.0,1888.0,1888.0,0.0,0.0,0.0,0.0,1.0,1.0,8,2,2021-08-15,1888.0
Banaganapalli APMC,Sona Mahsuri,2021-08-05,1.0,1200.0,1600.0,1400.0,1400.0,1600.0,1607.142857142857,1664.2857142857142,130.47532151257323,137.8803430913515,0.0,-200.0,0.8711111111111112,0.8412017167381974,8,3,2021-08-12,1800.0
Rajahmundry APMC,Paddy,2021-08-05,0.5,1868.0,1868.0,1868.0,1868.0,1868.0,1868.0,1868.0,0.0,0.0,0.0,0.0,1.0,1.0,8,3,2021-08-15,1868.0
Rajahmundry APMC,Swarna Masuri (New),2021-08-05,0.5,1888.0,1888.0,1888.0,1888.0,1888.0,1888.0,1888.0,0.0,0.0,0.0,0.0,1.0,1.0,8,3,2021-08-15,1888.0
Banaganapalli APMC,Sona Mahsuri,2021-08-06,1.0,1400.0,1800.0,1600.0,1400.0,1500.0,1578.571428571429,1635.7142857142858,152.36235005501032,148.62002586432257,200.0,100.0,1.013574660633484,0.9781659388646288,8,4,2021-08-13,1800.0
Rajahmundry APMC,Paddy,2021-08-06,0.5,1868.0,1868.0,1868.0,1868.0,1868.0,1868.0,1868.0,0.0,0.0,0.0,0.0,1.0,1.0,8,4,2021-08-15,1868.0
Rajahmundry APMC,Swarna Masuri (New),2021-08-06,0.5,1888.0,1888.0,1888.0,1888.0,1888.0,1888.0,1888.0,0.0,0.0,0.0,0.0,1.0,1.0,8,4,2021-08-15,1888.0
Banaganapalli APMC,Sona Mahsuri,2021-08-07,1.0,1400.0,1800.0,1600.0,1600.0,1600.0,1592.857142857143,1621.428571428571,148.4042099261653,141.03230087504676,0.0,0.0,1.0044843049327354,0.986784140969163,8,5,2021-08-14,1800.0
Rajahmundry APMC,Paddy,2021-08-07,0.5,1868.0,1868.0,1868.0,1868.0,1868.0,1868.0,1868.0,0.0,0.0,0.0,0.0,1.0,1.0,8,5,2021-08-15,1868.0
Rajahmundry APMC,Swarna Masuri (New),2021-08-07,0.5,1888.0,1888.0,1888.0,1888.0,1888.0,1888.0,1888.0,0.0,0.0,0.0,0.0,1.0,1.0,8,5,2021-08-15,1888.0
Rajahmundry APMC,Swarna Masuri (New),2021-08-08,0.5,1888.0,1888.0,1888.0,1888.0,1888.0,1888.0,1888.0,0.0,0.0,0.0,0.0,1.0,1.0,8,6,2021-08-15,1888.0
Rajahmundry APMC,Paddy,2021-08-08,0.5,1868.0,1868.0,1868.0,1868.0,1868.0,1868.0,1868.0,0.0,0.0,0.0,0.0,1.0,1.0,8,6,2021-08-15,1868.0
Banaganapalli APMC,Sona Mahsuri,2021-08-08,1.0,1600.0,2000.0,1800.0,1600.0,1700.0,1592.857142857143,1603.571428571429,148.4042099261653,124.75250223216624,200.0,100.0,1.1300448430493273,1.1224944320712693,8,6,2021-08-15,1700.0
Atmakur (Nandyal District) APMC,Sona Mahsuri,2021-08-08,0.01,1800.0,1800.0,1800.0,1800.0,1800.0,1800.0,1800.0,0.0,0.0,0.0,0.0,1.0,1.0,8,6,2021-08-15,1800.0
Atmakur (Nandyal District) APMC,Sona Mahsuri,2021-08-09,0.01,1800.0,1800.0,1800.0,1800.0,1800.0,1800.0,1800.0,0.0,0.0,0.0,0.0,1.0,1.0,8,0,2021-08-16,1800.0
Banaganapalli APMC,Sona Mahsuri,2021-08-09,1.0,1600.0,2000.0,1800.0,1800.0,1650.0,1607.142857142857,1603.571428571429,164.38920136009344,124.75250223216624,0.0,150.0,1.12,1.1224944320712693,8,0,2021-08-16,1700.0
Rajahmundry APMC,Paddy,2021-08-09,0.5,1868.0,1868.0,1868.0,1868.0,1868.0,1868.0,1868.0,0.0,0.0,0.0,0.0,1.0,1.0,8,0,2021-08-16,1868.0
Rajahmundry APMC,Swarna Masuri (New),2021-08-09,0.5,1888.0,1888.0,1888.0,1888.0,1888.0,1888.0,1888.0,0.0,0.0,0.0,0.0,1.0,1.0,8,0,2021-08-16,1888.0
Atmakur (Nandyal District) APMC,Sona Mahsuri,2021-08-10,0.01,1800.0,1800.0,1800.0,1800.0,1800.0,1800.0,1800.0,0.0,0.0,0.0,0.0,1.0,1.0,8,1,2021-08-17,1800.0
Banaganapalli APMC,Sona Mahsuri,2021-08-10,1.0,1600.0,2000.0,1800.0,1800.0,1800.0,1628.571428571429,1610.7142857142858,179.947082168487,133.2703605869994,0.0,0.0,1.1052631578947367,1.1175166297117516,8,1,2021-08-17,1700.0
Rajahmundry APMC,Paddy,2021-08-10,0.5,1868.0,1868.0,1868.0,1868.0,1868.0,1868.0,1868.0,0.0,0.0,0.0,0.0,1.0,1.0,8,1,2021-08-17,1868.0
Rajahmundry APMC,Swarna Masuri (New),2021-08-10,0.5,1888.0,1888.0,1888.0,1888.0,1888.0,1888.0,1888.0,0.0,0.0,0.0,0.0,1.0,1.0,8,1,2021-08-17,1888.0
Atmakur (Nandyal District) APMC,Sona Mahsuri,2021-08-11,0.01,1800.0,1800.0,1800.0,1800.0,1800.0,1800.0,1800.0,0.0,0.0,0.0,0.0,1.0,1.0,8,2,2021-08-18,1800.0
Banaganapalli APMC,Sona Mahsuri,2021-08-11,1.0,1400.0,1800.0,1600.0,1800.0,1400.0,1628.571428571429,1625.0,179.947082168487,142.43757067031638,-200.0,200.0,0.9824561403508772,0.9846153846153848,8,2,2021-08-18,1800.0
Banaganapalli APMC,Sona Mahsuri,2021-08-12,1.0,1600.0,2000.0,1800.0,1600.0,1400.0,1657.142857142857,1632.142857142857,151.18578920369043,138.12917986316344,200.0,400.0,1.0862068965517242,1.1028446389496718,8,3,2021-08-19,1800.0
Atmakur (Nandyal District) APMC,Sona Mahsuri,2021-08-12,0.01,1800.0,1800.0,1800.0,1800.0,1800.0,1800.0,1800.0,0.0,0.0,0.0,0.0,1.0,1.0,8,3,2021-08-19,1800.0
Atmakur (Nandyal District) APMC,Sona Mahsuri,2021-08-13,0.01,1800.0,1800.0,1800.0,1800.0,1800.0,1800.0,1800.0,0.0,0.0,0.0,0.0,1.0,1.0,8,4,2021-08-20,1800.0
Banaganapalli APMC,Sona Mahsuri,2021-08-13,1.0,1600.0,2000.0,1800.0,1800.0,1600.0,1714.2857142857142,1646.428571428571,106.90449676496928,144.7335558804593,0.0,200.0,1.05,1.0932754880694144,8,4,2021-08-20,1800.0
Atmakur (Nandyal District) APMC,Sona Mahsuri,2021-08-14,0.01,1800.0,1800.0,1800.0,1800.0,1800.0,1800.0,1800.0,0.0,0.0,0.0,0.0,1.0,1.0,8,5,2021-08-21,1800.0
Banaganapalli APMC,Sona Mahsuri,2021-08-14,1.0,1600.0,2000.0,1800.0,1800.0,1600.0,1742.857142857143,1667.857142857143,97.59000729485288,143.59015240653414,0.0,200.0,1.0327868852459017,1.0792291220556745,8,5,2021-08-21,1800.0
Atmakur (Nandyal District) APMC,Sona Mahsuri,2021-08-15,0.01,1800.0,1800.0,1800.0,1800.0,1800.0,1800.0,1800.0,0.0,0.0,0.0,0.0,1.0,1.0,8,6,2021-08-22,1800.0
Banaganapalli APMC,Sona Mahsuri,2021-08-15,1.0,1500.0,1900.0,1700.0,1800.0,1800.0,1771.428571428571,1682.142857142857,75.59289460184493,146.24418838833384,-100.0,-100.0,0.9596774193548387,1.010615711252654,8,6,2021-08-22,1750.0
Rajahmundry APMC,Paddy,2021-08-15,0.5,1868.0,1868.0,1868.0,1868.0,1868.0,1868.0,1868.0,0.0,0.0,0.0,0.0,1.0,1.0,8,6,2021-08-22,1868.0
Rajahmundry APMC,Swarna Masuri (New),2021-08-15,0.5,1888.0,1888.0,1888.0,1888.0,1888.0,1888.0,1888.0,0.0,0.0,0.0,0.0,1.0,1.0,8,6,2021-08-22,1888.0
Rajahmundry APMC,Swarna Masuri (New),2021-08-16,0.5,1888.0,1888.0,1888.0,1888.0,1888.0,1888.0,1888.0,0.0,0.0,0.0,0.0,1.0,1.0,8,0,2021-08-23,1888.0
Atmakur (Nandyal District) APMC,Sona Mahsuri,2021-08-16,0.01,1800.0,1800.0,1800.0,1800.0,1800.0,1800.0,1800.0,0.0,0.0,0.0,0.0,1.0,1.0,8,0,2021-08-23,1800.0
Banaganapalli APMC,Sona Mahsuri,2021-08-16,1.0,1500.0,1900.0,1700.0,1700.0,1800.0,1757.142857142857,1682.142857142857,78.6795792469438,146.24418838833384,0.0,-100.0,0.967479674796748,1.010615711252654,8,0,2021-08-23,1750.0
Rajahmundry APMC,Paddy,2021-08-16,0.5,1868.0,1868.0,1868.0,1868.0,1868.0,1868.0,1868.0,0.0,0.0,0.0,0.0,1.0,1.0,8,0,2021-08-23,1868.0
Banaganapalli APMC,Sona Mahsuri,2021-08-17,1.0,1500.0,1900.0,1700.0,1700.0,1800.0,1742.857142857143,1685.7142857142858,78.6795792469438,146.0091823094738,0.0,-100.0,0.9754098360655736,1.0084745762711864,8,1,2021-08-24,1800.0
Atmakur (Nandyal District) APMC,Sona Mahsuri,2021-08-17,0.01,1800.0,1800.0,1800.0,1800.0,1800.0,1800.0,1800.0,0.0,0.0,0.0,0.0,1.0,1.0,8,1,2021-08-24,1800.0
Atmakur (Nandyal District) APMC,Sona Mahsuri,2021-08-18,0.01,1800.0,1800.0,1800.0,1800.0,1800.0,1800.0,1800.0,0.0,0.0,0.0,0.0,1.0,1.0,8,2,2021-08-25,1800.0
Banaganapalli APMC,Sona Mahsuri,2021-08-18,1.0,1600.0,2000.0,1800.0,1700.0,1600.0,1728.571428571429,1678.571428571429,75.59289460184493,142.38934396479644,100.0,200.0,1.0413223140495866,1.0723404255319149,8,2,2021-08-25,1850.0
Atmakur (Nandyal District) APMC,Sona Mahsuri,2021-08-19,0.01,1800.0,1800.0,1800.0,1800.0,1800.0,1800.0,1800.0,0.0,0.0,0.0,0.0,1.0,1.0,8,3,2021-08-26,1800.0
Banaganapalli APMC,Sona Mahsuri,2021-08-19,1.0,1600.0,2000.0,1800.0,1800.0,1800.0,1757.142857142857,1707.142857142857,53.452248382484136,120.66664642907504,0.0,0.0,1.024390243902439,1.0543933054393306,8,3,2021-08-29,1700.0
Atmakur (Nandyal District) APMC,Sona Mahsuri,2021-08-20,0.01,1800.0,1800.0,1800.0,1800.0,1800.0,1800.0,1800.0,0.0,0.0,0.0,0.0,1.0,1.0,8,4,2021-08-27,1800.0
Banaganapalli APMC,Sona Mahsuri,2021-08-20,1.0,1700.0,1900.0,1800.0,1800.0,1800.0,1757.142857142857,1735.7142857142858,53.452248382484136,84.18973861410872,0.0,0.0,1.024390243902439,1.037037037037037,8,4,2021-08-29,1700.0
Atmakur (Nandyal District) APMC,Sona Mahsuri,2021-08-21,0.01,1800.0,1800.0,1800.0,1800.0,1800.0,1800.0,1800.0,0.0,0.0,0.0,0.0,1.0,1.0,8,5,2021-08-28,1800.0
Banaganapalli APMC,Sona Mahsuri,2021-08-21,1.0,1700.0,1900.0,1800.0,1800.0,1800.0,1757.142857142857,1750.0,53.452248382484136,75.95545253127412,0.0,0.0,1.024390243902439,1.0285714285714285,8,5,2021-08-29,1700.0
Atmakur (Nandyal District) APMC,Sona Mahsuri,2021-08-22,0.01,1800.0,1800.0,1800.0,1800.0,1800.0,1800.0,1800.0,0.0,0.0,0.0,0.0,1.0,1.0,8,6,2021-08-29,1800.0
Banaganapalli APMC,Sona Mahsuri,2021-08-22,1.0,1600.0,1900.0,1750.0,1800.0,1700.0,1757.142857142857,1764.2857142857142,53.452248382484136,63.3323693776641,-50.0,50.0,0.9959349593495936,0.9919028340080972,8,6,2021-08-29,1700.0
Atmakur (Nandyal District) APMC,Sona Mahsuri,2021-08-23,0.01,1800.0,1800.0,1800.0,1800.0,1800.0,1800.0,1800.0,0.0,0.0,0.0,0.0,1.0,1.0,8,0,2021-08-30,1800.0
Banaganapalli APMC,Sona Mahsuri,2021-08-23,1.0,1600.0,1900.0,1750.0,1750.0,1700.0,1764.2857142857142,1760.7142857142858,47.55948656056628,62.56864362310436,0.0,50.0,0.9919028340080972,0.9939148073022313,8,0,2021-08-30,1700.0
Banaganapalli APMC,Sona Mahsuri,2021-08-24,1.0,1600.0,2000.0,1800.0,1750.0,1700.0,1771.428571428571,1757.142857142857,39.33978962347117,61.57279262148713,50.0,100.0,1.0161290322580645,1.024390243902439,8,1,2021-08-31,1800.0
Atmakur (Nandyal District) APMC,Sona Mahsuri,2021-08-24,0.01,1800.0,1800.0,1800.0,1800.0,1800.0,1800.0,1800.0,0.0,0.0,0.0,0.0,1.0,1.0,8,1,2021-08-31,1800.0
Atmakur (Nandyal District) APMC,Sona Mahsuri,2021-08-25,0.01,1800.0,1800.0,1800.0,1800.0,1800.0,1800.0,1800.0,0.0,0.0,0.0,0.0,1.0,1.0,8,2,2021-09-08,1800.0
Banaganapalli APMC,Sona Mahsuri,2021-08-25,1.0,1600.0,1900.0,1850.0,1800.0,1800.0,1785.7142857142858,1757.142857142857,24.3975018237118,61.57279262148713,50.0,50.0,1.036,1.052845528455285,8,2,2021-09-01,1600.0
Atmakur (Nandyal District) APMC,Sona Mahsuri,2021-08-26,0.01,1800.0,1800.0,1800.0,1800.0,1800.0,1800.0,1800.0,0.0,0.0,0.0,0.0,1.0,1.0,8,3,2021-09-08,1800.0
Atmakur (Nandyal District) APMC,Sona Mahsuri,2021-08-27,0.01,1800.0,1800.0,1800.0,1800.0,1800.0,1800.0,1800.0,0.0,0.0,0.0,0.0,1.0,1.0,8,4,2021-09-08,1800.0
Atmakur (Nandyal District) APMC,Sona Mahsuri,2021-08-28,0.01,1800.0,1800.0,1800.0,1800.0,1800.0,1800.0,1800.0,0.0,0.0,0.0,0.0,1.0,1.0,8,5,2021-09-08,1800.0
Atmakur (Nandyal District) APMC,Sona Mahsuri,2021-08-29,0.01,1800.0,1800.0,1800.0,1800.0,1800.0,1800.0,1800.0,0.0,0.0,0.0,0.0,1.0,1.0,8,6,2021-09-08,1800.0
Banaganapalli APMC,Sona Mahsuri,2021-08-29,1.0,1600.0,1800.0,1700.0,1850.0,1800.0,1792.857142857143,1775.0,34.50327796711669,47.02699715629686,-150.0,-100.0,0.948207171314741,0.9577464788732394,8,6,2021-09-05,1600.0
Atmakur (Nandyal District) APMC,Sona Mahsuri,2021-08-30,0.01,1800.0,1800.0,1800.0,1800.0,1800.0,1800.0,1800.0,0.0,0.0,0.0,0.0,1.0,1.0,8,0,2021-09-08,1800.0
Banaganapalli APMC,Sona Mahsuri,2021-08-30,1.0,1600.0,1800.0,1700.0,1700.0,1800.0,1778.571428571429,1767.857142857143,48.79500364742589,50.41040360093016,0.0,-100.0,0.9558232931726908,0.9616161616161616,8,0,2021-09-06,1500.0
Atmakur (Nandyal District) APMC,Sona Mahsuri,2021-08-31,0.01,1800.0,1800.0,1800.0,1800.0,1800.0,1800.0,1800.0,0.0,0.0,0.0,0.0,1.0,1.0,8,1,2021-09-08,1800.0
Banaganapalli APMC,Sona Mahsuri,2021-08-31,1.0,1600.0,1900.0,1800.0,1700.0,1800.0,1764.2857142857142,1760.7142857142858,55.63486402641794,52.54511405439028,100.0,0.0,1.0202429149797572,1.022312373225152,8,1,2021-09-07,1550.0
Banaganapalli APMC,Sona Mahsuri,2021-09-01,1.0,1400.0,1800.0,1600.0,1800.0,1750.0,1764.2857142857142,1760.7142857142858,55.63486402641794,52.54511405439028,-200.0,-150.0,0.9068825910931174,0.9087221095334684,9,2,2021-09-08,1550.0
Banaganapalli APMC,Sona Mahsuri,2021-09-02,1.0,1500.0,1900.0,1700.0,1600.0,1750.0,1742.857142857143,1753.571428571429,83.80817098475197,66.40286634882958,100.0,-50.0,0.9754098360655736,0.9694501018329938,9,3,2021-09-09,1550.0
Banaganapalli APMC,Sona Mahsuri,2021-09-04,1.0,1400.0,1800.0,1600.0,1700.0,1800.0,1735.7142857142858,1753.571428571429,85.21681032463403,66.40286634882958,-100.0,-200.0,0.9218106995884772,0.9124236252545824,9,5,2021-09-11,1600.0
Banaganapalli APMC,Sona Mahsuri,2021-09-05,1.0,1400.0,1800.0,1600.0,1600.0,1850.0,1707.142857142857,1746.428571428571,93.22272357357966,77.12199555121776,0.0,-250.0,0.9372384937238494,0.916155419222904,9,6,2021-09-12,1600.0
Banaganapalli APMC,Sona Mahsuri,2021-09-06,1.0,1300.0,1700.0,1500.0,1600.0,1700.0,1671.428571428571,1732.142857142857,75.59289460184421,84.59665127292715,-100.0,-200.0,0.8974358974358975,0.865979381443299,9,0,2021-09-13,1800.0
Banaganapalli APMC,Sona Mahsuri,2021-09-07,1.0,1400.0,1700.0,1550.0,1500.0,1700.0,1642.857142857143,1710.7142857142858,97.5900072948522,102.24136493267548,50.0,-150.0,0.9434782608695652,0.906054279749478,9,1,2021-09-14,1800.0
Atmakur (Nandyal District) APMC,Sona Mahsuri,2021-09-08,0.01,1800.0,1800.0,1800.0,1800.0,1800.0,1800.0,1800.0,0.0,0.0,0.0,0.0,1.0,1.0,9,2,2021-09-15,1800.0
Banaganapalli APMC,Sona Mahsuri,2021-09-08,1.0,1400.0,1700.0,1550.0,1550.0,1800.0,1621.428571428571,1692.857142857143,99.40297973879926,107.1611705960526,0.0,-250.0,0.9559471365638768,0.9156118143459916,9,2,2021-09-15,1600.0
Atmakur (Nandyal District) APMC,Sona Mahsuri,2021-09-09,0.01,1800.0,1800.0,1800.0,1800.0,1800.0,1800.0,1800.0,0.0,0.0,0.0,0.0,1.0,1.0,9,3,2021-09-16,1800.0
Banaganapalli APMC,Sona Mahsuri,2021-09-09,1.0,1400.0,1700.0,1550.0,1550.0,1600.0,1585.7142857142858,1675.0,62.67831705279857,108.75165781229664,0.0,-50.0,0.9774774774774776,0.9253731343283582,9,3,2021-09-16,1600.0
Atmakur (Nandyal District) APMC,Sona Mahsuri,2021-09-10,0.01,1800.0,1800.0,1800.0,1800.0,1800.0,1800.0,1800.0,0.0,0.0,0.0,0.0,1.0,1.0,9,4,2021-09-17,1800.0
Banaganapalli APMC,Sona Mahsuri,2021-09-10,1.0,1400.0,1800.0,1600.0,1550.0,1700.0,1578.571428571429,1660.7142857142858,63.620901028032826,111.2491511265295,50.0,-100.0,1.013574660633484,0.9634408602150536,9,4,2021-09-17,1600.0
Atmakur (Nandyal District) APMC,Sona Mahsuri,2021-09-11,0.01,1800.0,1800.0,1800.0,1800.0,1800.0,1800.0,1800.0,0.0,0.0,0.0,0.0,1.0,1.0,9,5,2021-09-18,1800.0
Banaganapalli APMC,Sona Mahsuri,2021-09-11,1.0,1400.0,1800.0,1600.0,1600.0,1600.0,1564.2857142857142,1650.0,37.7964473009185,109.19284281983268,0.0,0.0,1.0228310502283104,0.9696969696969696,9,5,2021-09-18,1750.0
Banaganapalli APMC,Sona Mahsuri,2021-09-12,1.0,1400.0,1800.0,1600.0,1600.0,1600.0,1564.2857142857142,1635.7142857142858,37.7964473009185,100.8208072018614,0.0,0.0,1.0228310502283104,0.9781659388646288,9,6,2021-09-19,1800.0
Atmakur (Nandyal District) APMC,Sona Mahsuri,2021-09-12,0.01,1800.0,1800.0,1800.0,1800.0,1800.0,1800.0,1800.0,0.0,0.0,0.0,0.0,1.0,1.0,9,6,2021-09-20,1800.0
Atmakur (Nandyal District) APMC,Sona Mahsuri,2021-09-13,0.01,1800.0,1800.0,1800.0,1800.0,1800.0,1800.0,1800.0,0.0,0.0,0.0,0.0,1.0,1.0,9,0,2021-09-20,1800.0
Banaganapalli APMC,Sona Mahsuri,2021-09-13,1.0,1700.0,1900.0,1800.0,1600.0,1500.0,1564.2857142857142,1617.857142857143,37.7964473009185,79.92097745499838,200.0,300.0,1.1506849315068497,1.1125827814569536,9,0,2021-09-20,1800.0
Atmakur (Nandyal District) APMC,Sona Mahsuri,2021-09-14,0.01,1800.0,1800.0,1800.0,1800.0,1800.0,1800.0,1800.0,0.0,0.0,0.0,0.0,1.0,1.0,9,1,2021-09-21,1800.0
Banaganapalli APMC,Sona Mahsuri,2021-09-14,1.0,1600.0,1900.0,1800.0,1800.0,1550.0,1607.142857142857,1625.0,88.64052604279046,91.4624765430302,0.0,250.0,1.12,1.1076923076923078,9,1,2021-09-21,1700.0
Atmakur (Nandyal District) APMC,Sona Mahsuri,2021-09-15,0.01,1800.0,1800.0,1800.0,1800.0,1800.0,1800.0,1800.0,0.0,0.0,0.0,0.0,1.0,1.0,9,2,2021-09-22,1800.0
Banaganapalli APMC,Sona Mahsuri,2021-09-15,1.0,1400.0,1800.0,1600.0,1800.0,1550.0,1642.857142857143,1632.142857142857,109.65313275875586,101.16084461646328,-200.0,50.0,0.9739130434782608,0.9803063457330417,9,2,2021-09-22,1500.0
Atmakur (Nandyal District) APMC,Sona Mahsuri,2021-09-16,0.01,1800.0,1800.0,1800.0,1800.0,1800.0,1800.0,1800.0,0.0,0.0,0.0,0.0,1.0,1.0,9,3,2021-09-23,1800.0
Banaganapalli APMC,Sona Mahsuri,2021-09-16,1.0,1400.0,1800.0,1600.0,1600.0,1550.0,1650.0,1617.857142857143,104.0832999733058,89.02709798608456,0.0,50.0,0.9696969696969696,0.988962472406181,9,3,2021-09-23,1500.0
Atmakur (Nandyal District) APMC,Sona Mahsuri,2021-09-17,0.01,1800.0,1800.0,1800.0,1800.0,1800.0,1800.0,1800.0,0.0,0.0,0.0,0.0,1.0,1.0,9,4,2021-09-24,1800.0
Banaganapalli APMC,Sona Mahsuri,2021-09-17,1.0,1400.0,1800.0,1600.0,1600.0,1600.0,1657.142857142857,1617.857142857143,97.59000729485248,89.02709798608456,0.0,0.0,0.9655172413793104,0.988962472406181,9,4,2021-09-24,1500.0
Banaganapalli APMC,Sona Mahsuri,2021-09-18,1.0,1600.0,1900.0,1750.0,1600.0,1600.0,1657.142857142857,1610.7142857142858,97.59000729485248,85.885817376173,150.0,150.0,1.0560344827586208,1.0864745011086474,9,5,2021-09-25,1500.0
Atmakur (Nandyal District) APMC,Sona Mahsuri,2021-09-18,0.01,1800.0,1800.0,1800.0,1800.0,1800.0,1800.0,1800.0,0.0,0.0,0.0,0.0,1.0,1.0,9,5,2021-09-25,1800.0
Banaganapalli APMC,Sona Mahsuri,2021-09-19,1.0,1700.0,1900.0,1800.0,1750.0,1600.0,1678.571428571429,1621.428571428571,99.40297973879984,93.46798241250032,50.0,200.0,1.0723404255319149,1.1101321585903083,9,6,2021-09-26,1600.0
Banaganapalli APMC,Sona Mahsuri,2021-09-20,1.0,1700.0,1900.0,1800.0,1800.0,1800.0,1707.142857142857,1635.7142857142858,101.77004891982116,104.56608405245797,0.0,0.0,1.0543933054393306,1.100436681222707,9,0,2021-09-27,1600.0
Atmakur (Nandyal District) APMC,Sona Mahsuri,2021-09-20,0.01,1800.0,1800.0,1800.0,1800.0,1800.0,1800.0,1800.0,0.0,0.0,0.0,0.0,1.0,1.0,9,0,2021-09-27,1800.0
Atmakur (Nandyal District) APMC,Sona Mahsuri,2021-09-21,0.01,1800.0,1800.0,1800.0,1800.0,1800.0,1800.0,1800.0,0.0,0.0,0.0,0.0,1.0,1.0,9,1,2021-09-28,1800.0
Banaganapalli APMC,Sona Mahsuri,2021-09-21,1.0,1500.0,1900.0,1700.0,1800.0,1800.0,1707.142857142857,1657.142857142857,101.77004891982116,105.35132224562211,-100.0,-100.0,0.99581589958159,1.0258620689655171,9,1,2021-09-28,1800.0
Atmakur (Nandyal District) APMC,Sona Mahsuri,2021-09-22,0.01,1800.0,1800.0,1800.0,1800.0,1800.0,1800.0,1800.0,0.0,0.0,0.0,0.0,1.0,1.0,9,2,2021-09-29,1800.0
Banaganapalli APMC,Sona Mahsuri,2021-09-22,1.0,1300.0,1700.0,1500.0,1700.0,1600.0,1692.857142857143,1667.857142857143,93.22272357357993,101.16084461646372,-200.0,-100.0,0.8860759493670886,0.8993576017130621,9,2,2021-09-29,1700.0
Atmakur (Nandyal District) APMC,Sona Mahsuri,2021-09-23,0.01,1800.0,1800.0,1800.0,1800.0,1800.0,1800.0,1800.0,0.0,0.0,0.0,0.0,1.0,1.0,9,3,2021-09-30,1800.0
Banaganapalli APMC,Sona Mahsuri,2021-09-23,1.0,1300.0,1700.0,1500.0,1500.0,1600.0,1678.571428571429,1664.2857142857142,114.95340671022146,106.3892913722107,0.0,-100.0,0.8936170212765957,0.9012875536480688,9,3,2021-09-30,1600.0
Atmakur (Nandyal District) APMC,Sona Mahsuri,2021-09-24,0.01,1800.0,1800.0,1800.0,1800.0,1800.0,1800.0,1800.0,0.0,0.0,0.0,0.0,1.0,1.0,9,4,2021-10-05,1800.0
Banaganapalli APMC,Sona Mahsuri,2021-09-24,1.0,1300.0,1700.0,1500.0,1500.0,1600.0,1664.2857142857142,1660.7142857142858,131.3845682030603,111.24915112652972,0.0,-100.0,0.9012875536480688,0.9032258064516128,9,4,2021-10-01,1700.0
Atmakur (Nandyal District) APMC,Sona Mahsuri,2021-09-25,0.01,1800.0,1800.0,1800.0,1800.0,1800.0,1800.0,1800.0,0.0,0.0,0.0,0.0,1.0,1.0,9,5,2021-10-05,1800.0
Banaganapalli APMC,Sona Mahsuri,2021-09-25,1.0,1300.0,1700.0,1500.0,1500.0,1750.0,1650.0,1653.571428571429,144.33756729740577,118.42603292657016,0.0,-250.0,0.9090909090909092,0.9071274298056154,9,5,2021-10-02,1600.0
Atmakur (Nandyal District) APMC,Sona Mahsuri,2021-09-26,0.01,1800.0,1800.0,1800.0,1800.0,1800.0,1800.0,1800.0,0.0,0.0,0.0,0.0,1.0,1.0,9,6,2021-10-05,1800.0
Banaganapalli APMC,Sona Mahsuri,2021-09-26,1.0,1400.0,1800.0,1600.0,1500.0,1800.0,1614.2857142857142,1646.428571428571,146.38501094227908,124.75250223216608,100.0,-200.0,0.991150442477876,0.9718004338394794,9,6,2021-10-03,1800.0
Banaganapalli APMC,Sona Mahsuri,2021-09-27,1.0,1400.0,1800.0,1600.0,1600.0,1800.0,1585.7142857142858,1646.428571428571,121.49857925878992,124.75250223216608,0.0,-200.0,1.009009009009009,0.9718004338394794,9,0,2021-10-04,1700.0
Atmakur (Nandyal District) APMC,Sona Mahsuri,2021-09-27,0.01,1800.0,1800.0,1800.0,1800.0,1800.0,1800.0,1800.0,0.0,0.0,0.0,0.0,1.0,1.0,9,0,2021-10-05,1800.0
Atmakur (Nandyal District) APMC,Sona Mahsuri,2021-09-28,0.01,1800.0,1800.0,1800.0,1800.0,1800.0,1800.0,1800.0,0.0,0.0,0.0,0.0,1.0,1.0,9,1,2021-10-05,1800.0
Banaganapalli APMC,Sona Mahsuri,2021-09-28,1.0,1700.0,1900.0,1800.0,1600.0,1700.0,1557.142857142857,1632.142857142857,78.6795792469421,117.02587297283748,200.0,100.0,1.1559633027522935,1.1028446389496718,9,1,2021-10-05,1700.0
Atmakur (Nandyal District) APMC,Sona Mahsuri,2021-09-29,0.01,1800.0,1800.0,1800.0,1800.0,1800.0,1800.0,1800.0,0.0,0.0,0.0,0.0,1.0,1.0,9,2,2021-10-06,1800.0
Banaganapalli APMC,Sona Mahsuri,2021-09-29,1.0,1500.0,1900.0,1700.0,1800.0,1500.0,1571.428571428571,1632.142857142857,111.26972805283587,117.02587297283748,-100.0,200.0,1.0818181818181818,1.0415754923413567,9,2,2021-10-06,1600.0
Atmakur (Nandyal District) APMC,Sona Mahsuri,2021-09-30,0.01,1800.0,1800.0,1800.0,1800.0,1800.0,1800.0,1800.0,0.0,0.0,0.0,0.0,1.0,1.0,9,3,2021-10-07,1800.0
Banaganapalli APMC,Sona Mahsuri,2021-09-30,1.0,1400.0,1800.0,1600.0,1700.0,1500.0,1600.0,1639.2857142857142,115.4700538379239,117.96115956040332,-100.0,100.0,1.0,0.9760348583877996,9,3,2021-10-07,1600.0
Banaganapalli APMC,Sona Mahsuri,2021-10-01,1.0,1500.0,1900.0,1700.0,1600.0,1500.0,1614.2857142857142,1639.2857142857142,106.90449676496851,117.96115956040332,100.0,200.0,1.0530973451327434,1.037037037037037,10,4,2021-10-08,1600.0
Banaganapalli APMC,Sona Mahsuri,2021-10-02,1.0,1400.0,1800.0,1600.0,1700.0,1500.0,1642.857142857143,1646.428571428571,97.5900072948522,118.42603292657007,-100.0,100.0,0.9739130434782608,0.9718004338394794,10,5,2021-10-09,1600.0
Banaganapalli APMC,Sona Mahsuri,2021-10-03,1.0,1700.0,1900.0,1800.0,1600.0,1600.0,1657.142857142857,1635.7142857142858,78.67957924694306,115.07283885330196,200.0,200.0,1.0862068965517242,1.100436681222707,10,6,2021-10-10,1600.0
Banaganapalli APMC,Sona Mahsuri,2021-10-04,1.0,1600.0,1800.0,1700.0,1800.0,1600.0,1685.7142857142858,1635.7142857142858,89.9735410842429,115.07283885330196,-100.0,100.0,1.0084745762711864,1.039301310043668,10,0,2021-10-11,1600.0
Atmakur (Nandyal District) APMC,Sona Mahsuri,2021-10-05,0.01,1800.0,1800.0,1800.0,1800.0,1800.0,1800.0,1800.0,0.0,0.0,0.0,0.0,1.0,1.0,10,1,2021-10-12,1800.0
Banaganapalli APMC,Sona Mahsuri,2021-10-05,1.0,1600.0,1800.0,1700.0,1700.0,1800.0,1700.0,1628.571428571429,81.6496580927718,106.90449676496856,0.0,-100.0,1.0,1.043859649122807,10,1,2021-10-12,1600.0
Banaganapalli APMC,Sona Mahsuri,2021-10-06,1.0,1400.0,1800.0,1600.0,1700.0,1700.0,1685.7142857142858,1628.571428571429,69.0065559342343,106.90449676496856,-100.0,-100.0,0.9491525423728812,0.9824561403508772,10,2,2021-10-13,1600.0
Atmakur (Nandyal District) APMC,Sona Mahsuri,2021-10-06,0.01,1800.0,1800.0,1800.0,1800.0,1800.0,1800.0,1800.0,0.0,0.0,0.0,0.0,1.0,1.0,10,2,2021-10-13,1800.0
Atmakur (Nandyal District) APMC,Sona Mahsuri,2021-10-07,0.01,1800.0,1800.0,1800.0,1800.0,1800.0,1800.0,1800.0,0.0,0.0,0.0,0.0,1.0,1.0,10,3,2021-10-14,1800.0
Banaganapalli APMC,Sona Mahsuri,2021-10-07,1.0,1400.0,1800.0,1600.0,1600.0,1600.0,1671.428571428571,1635.7142857142858,75.59289460184429,100.82080720186148,0.0,0.0,0.9572649572649572,0.9781659388646288,10,3,2021-10-14,1600.0
Atmakur (Nandyal District) APMC,Sona Mahsuri,2021-10-08,0.01,1800.0,1800.0,1800.0,1800.0,1800.0,1800.0,1800.0,0.0,0.0,0.0,0.0,1.0,1.0,10,4,2021-10-15,1800.0
Banaganapalli APMC,Sona Mahsuri,2021-10-08,1.0,1500.0,1700.0,1600.0,1600.0,1700.0,1671.428571428571,1642.857142857143,75.59289460184429,93.76144618769789,0.0,-100.0,0.9572649572649572,0.9739130434782608,10,4,2021-10-15,1600.0
Atmakur (Nandyal District) APMC,Sona Mahsuri,2021-10-09,0.01,1800.0,1800.0,1800.0,1800.0,1800.0,1800.0,1800.0,0.0,0.0,0.0,0.0,1.0,1.0,10,5,2021-10-16,1800.0
Banaganapalli APMC,Sona Mahsuri,2021-10-09,1.0,1400.0,1800.0,1600.0,1600.0,1600.0,1657.142857142857,1650.0,78.67957924694309,85.4850414265098,0.0,0.0,0.9655172413793104,0.9696969696969696,10,5,2021-10-16,1600.0
Atmakur (Nandyal District) APMC,Sona Mahsuri,2021-10-10,0.01,1800.0,1800.0,1800.0,1800.0,1800.0,1800.0,1800.0,0.0,0.0,0.0,0.0,1.0,1.0,10,6,2021-10-17,1800.0
Banaganapalli APMC,Sona Mahsuri,2021-10-10,1.0,1500.0,1700.0,1600.0,1600.0,1800.0,1657.142857142857,1657.142857142857,78.67957924694309,75.59289460184414,0.0,-200.0,0.9655172413793104,0.9655172413793104,10,6,2021-10-17,1600.0
Atmakur (Nandyal District) APMC,Sona Mahsuri,2021-10-11,0.01,1800.0,1800.0,1800.0,1800.0,1800.0,1800.0,1800.0,0.0,0.0,0.0,0.0,1.0,1.0,10,0,2021-10-18,1800.0
Banaganapalli APMC,Sona Mahsuri,2021-10-11,1.0,1400.0,1800.0,1600.0,1600.0,1700.0,1628.571428571429,1657.142857142857,48.79500364742439,75.59289460184414,0.0,-100.0,0.9824561403508772,0.9655172413793104,10,0,2021-10-18,1650.0
Atmakur (Nandyal District) APMC,Sona Mahsuri,2021-10-12,0.01,1800.0,1800.0,1800.0,1800.0,1800.0,1800.0,1800.0,0.0,0.0,0.0,0.0,1.0,1.0,10,1,2021-10-19,1800.0
Banaganapalli APMC,Sona Mahsuri,2021-10-12,1.0,1400.0,1800.0,1600.0,1600.0,1700.0,1614.2857142857142,1657.142857142857,37.79644730091964,75.59289460184414,0.0,-100.0,0.991150442477876,0.9655172413793104,10,1,2021-10-19,1600.0
Banaganapalli APMC,Sona Mahsuri,2021-10-13,1.0,1400.0,1800.0,1600.0,1600.0,1600.0,1600.0,1642.857142857143,0.0,64.62061726588463,0.0,0.0,1.0,0.9739130434782608,10,2,2021-10-20,1600.0
Atmakur (Nandyal District) APMC,Sona Mahsuri,2021-10-13,0.01,1800.0,1800.0,1800.0,1800.0,1800.0,1800.0,1800.0,0.0,0.0,0.0,0.0,1.0,1.0,10,2,2021-10-20,1800.0
Atmakur (Nandyal District) APMC,Sona Mahsuri,2021-10-14,0.01,1800.0,1800.0,1800.0,1800.0,1800.0,1800.0,1800.0,0.0,0.0,0.0,0.0,1.0,1.0,10,3,2021-10-21,1800.0
Banaganapalli APMC,Sona Mahsuri,2021-10-14,1.0,1400.0,1800.0,1600.0,1600.0,1600.0,1600.0,1635.7142857142858,0.0,63.33236937766315,0.0,0.0,1.0,0.9781659388646288,10,3,2021-10-21,1500.0
Atmakur (Nandyal District) APMC,Sona Mahsuri,2021-10-15,0.01,1800.0,1800.0,1800.0,1800.0,1800.0,1800.0,1800.0,0.0,0.0,0.0,0.0,1.0,1.0,10,4,2021-10-22,1800.0
Banaganapalli APMC,Sona Mahsuri,2021-10-15,1.0,1500.0,1700.0,1600.0,1600.0,1600.0,1600.0,1635.7142857142858,0.0,63.33236937766315,0.0,0.0,1.0,0.9781659388646288,10,4,2021-10-22,1700.0
Atmakur (Nandyal District) APMC,Sona Mahsuri,2021-10-16,0.01,1800.0,1800.0,1800.0,1800.0,1800.0,1800.0,1800.0,0.0,0.0,0.0,0.0,1.0,1.0,10,5,2021-10-23,1800.0
Banaganapalli APMC,Sona Mahsuri,2021-10-16,1.0,1500.0,1700.0,1600.0,1600.0,1600.0,1600.0,1628.571428571429,0.0,61.124984550210506,0.0,0.0,1.0,0.9824561403508772,10,5,2021-10-23,1600.0
Atmakur (Nandyal District) APMC,Sona Mahsuri,2021-10-17,0.01,1800.0,1800.0,1800.0,1800.0,1800.0,1800.0,1800.0,0.0,0.0,0.0,0.0,1.0,1.0,10,6,2021-10-24,1800.0
Banaganapalli APMC,Sona Mahsuri,2021-10-17,1.0,1500.0,1700.0,1600.0,1600.0,1600.0,1600.0,1628.571428571429,0.0,61.124984550210506,0.0,0.0,1.0,0.9824561403508772,10,6,2021-10-24,1500.0
Atmakur (Nandyal District) APMC,Sona Mahsuri,2021-10-18,0.01,1800.0,1800.0,1800.0,1800.0,1800.0,1800.0,1800.0,0.0,0.0,0.0,0.0,1.0,1.0,10,0,2021-10-25,1800.0
Banaganapalli APMC,Sona Mahsuri,2021-10-18,1.0,1500.0,1800.0,1650.0,1600.0,1600.0,1600.0,1614.2857142857142,0.0,36.3136519601241,50.0,50.0,1.03125,1.02212389380531,10,0,2021-10-25,1600.0
Atmakur (Nandyal District) APMC,Sona Mahsuri,2021-10-19,0.01,1800.0,1800.0,1800.0,1800.0,1800.0,1800.0,1800.0,0.0,0.0,0.0,0.0,1.0,1.0,10,1,2021-10-27,1800.0
Banaganapalli APMC,Sona Mahsuri,2021-10-19,1.0,1400.0,1800.0,1600.0,1650.0,1600.0,1607.142857142857,1610.7142857142858,18.898223650461368,28.946711176086765,-50.0,0.0,0.9955555555555556,0.9933481152993348,10,1,2021-10-26,1600.0
Atmakur (Nandyal District) APMC,Sona Mahsuri,2021-10-20,0.01,1800.0,1800.0,1800.0,1800.0,1800.0,1800.0,1800.0,0.0,0.0,0.0,0.0,1.0,1.0,10,2,2021-10-27,1800.0
Banaganapalli APMC,Sona Mahsuri,2021-10-20,1.0,1400.0,1800.0,1600.0,1600.0,1600.0,1607.142857142857,1603.571428571429,18.898223650461368,13.363062095609443,0.0,0.0,0.9955555555555556,0.997772828507795,10,2,2021-10-27,1700.0
Banaganapalli APMC,Sona Mahsuri,2021-10-21,1.0,1300.0,1700.0,1500.0,1600.0,1600.0,1607.142857142857,1603.571428571429,18.898223650461368,13.363062095609443,-100.0,-100.0,0.9333333333333332,0.9354120267260578,10,3,2021-10-28,1700.0
Atmakur (Nandyal District) APMC,Sona Mahsuri,2021-10-21,0.01,1800.0,1800.0,1800.0,1800.0,1800.0,1800.0,1800.0,0.0,0.0,0.0,0.0,1.0,1.0,10,3,2021-10-28,1800.0
Atmakur (Nandyal District) APMC,Sona Mahsuri,2021-10-22,0.01,1800.0,1800.0,1800.0,1800.0,1800.0,1800.0,1800.0,0.0,0.0,0.0,0.0,1.0,1.0,10,4,2021-10-29,1800.0
Banaganapalli APMC,Sona Mahsuri,2021-10-22,1.0,1500.0,1900.0,1700.0,1500.0,1600.0,1592.857142857143,1596.428571428571,44.98677054212187,30.78639631073878,200.0,100.0,1.0672645739910314,1.0648769574944073,10,4,2021-10-29,1600.0
Atmakur (Nandyal District) APMC,Sona Mahsuri,2021-10-23,0.01,1800.0,1800.0,1800.0,1800.0,1800.0,1800.0,1800.0,0.0,0.0,0.0,0.0,1.0,1.0,10,5,2021-10-30,1800.0
Banaganapalli APMC,Sona Mahsuri,2021-10-23,1.0,1400.0,1800.0,1600.0,1700.0,1600.0,1607.142857142857,1603.571428571429,60.749289629395584,41.437096508233445,-100.0,0.0,0.9955555555555556,0.997772828507795,10,5,2021-10-30,1600.0
Atmakur (Nandyal District) APMC,Sona Mahsuri,2021-10-24,0.01,1800.0,1800.0,1800.0,1800.0,1800.0,1800.0,1800.0,0.0,0.0,0.0,0.0,1.0,1.0,10,6,2021-10-31,1800.0
Banaganapalli APMC,Sona Mahsuri,2021-10-24,1.0,1300.0,1700.0,1500.0,1600.0,1600.0,1607.142857142857,1603.571428571429,60.749289629395584,41.437096508233445,-100.0,-100.0,0.9333333333333332,0.9354120267260578,10,6,2021-10-31,1700.0
Atmakur (Nandyal District) APMC,Sona Mahsuri,2021-10-25,0.01,1800.0,1800.0,1800.0,1800.0,1800.0,1800.0,1800.0,0.0,0.0,0.0,0.0,1.0,1.0,10,0,2021-11-03,1800.0
Banaganapalli APMC,Sona Mahsuri,2021-10-25,1.0,1500.0,1700.0,1600.0,1500.0,1650.0,1592.857142857143,1596.428571428571,73.19250547113998,49.86244815754044,100.0,-50.0,1.0044843049327354,1.0022371364653244,10,0,2021-11-01,1700.0
Banaganapalli APMC,Sona Mahsuri,2021-10-26,1.0,1400.0,1800.0,1600.0,1600.0,1600.0,1585.7142857142858,1596.428571428571,69.00655593423542,49.86244815754044,0.0,0.0,1.009009009009009,1.0022371364653244,10,1,2021-11-02,1700.0
Atmakur (Nandyal District) APMC,Sona Mahsuri,2021-10-27,0.01,1800.0,1800.0,1800.0,1800.0,1800.0,1800.0,1800.0,0.0,0.0,0.0,0.0,1.0,1.0,10,2,2021-11-03,1800.0
Banaganapalli APMC,Sona Mahsuri,2021-10-27,1.0,1500.0,1900.0,1700.0,1600.0,1600.0,1585.7142857142858,1596.428571428571,69.00655593423542,49.86244815754044,100.0,100.0,1.072072072072072,1.0648769574944073,10,2,2021-11-03,1700.0
Atmakur (Nandyal District) APMC,Sona Mahsuri,2021-10-28,0.01,1800.0,1800.0,1800.0,1800.0,1800.0,1800.0,1800.0,0.0,0.0,0.0,0.0,1.0,1.0,10,3,2021-11-04,1800.0
Banaganapalli APMC,Sona Mahsuri,2021-10-28,1.0,1500.0,1900.0,1700.0,1700.0,1500.0,1600.0,1603.571428571429,81.64965809277255,57.05694090550413,0.0,200.0,1.0625,1.0601336302895323,10,3,2021-11-04,1600.0
Banaganapalli APMC,Sona Mahsuri,2021-10-29,1.0,1400.0,1800.0,1600.0,1700.0,1700.0,1628.571428571429,1610.7142857142858,75.59289460184527,62.56864362310296,-100.0,-100.0,0.9824561403508772,0.9933481152993348,10,4,2021-11-05,1700.0
Atmakur (Nandyal District) APMC,Sona Mahsuri,2021-10-29,0.01,1800.0,1800.0,1800.0,1800.0,1800.0,1800.0,1800.0,0.0,0.0,0.0,0.0,1.0,1.0,10,4,2021-11-05,1800.0
Atmakur (Nandyal District) APMC,Sona Mahsuri,2021-10-30,0.01,1800.0,1800.0,1800.0,1800.0,1800.0,1800.0,1800.0,0.0,0.0,0.0,0.0,1.0,1.0,10,5,2021-11-06,1800.0
Banaganapalli APMC,Sona Mahsuri,2021-10-30,1.0,1400.0,1800.0,1600.0,1600.0,1600.0,1614.2857142857142,1610.7142857142858,69.00655593423531,62.56864362310296,0.0,0.0,0.991150442477876,0.9933481152993348,10,5,2021-11-06,1800.0
Atmakur (Nandyal District) APMC,Sona Mahsuri,2021-10-31,0.01,1800.0,1800.0,1800.0,1800.0,1800.0,1800.0,1800.0,0.0,0.0,0.0,0.0,1.0,1.0,10,6,2021-11-07,1800.0
Banaganapalli APMC,Sona Mahsuri,2021-10-31,1.0,1500.0,1900.0,1700.0,1600.0,1500.0,1614.2857142857142,1610.7142857142858,69.00655593423531,62.56864362310296,100.0,200.0,1.0530973451327434,1.0554323725055432,10,6,2021-11-07,1750.0
Banaganapalli APMC,Sona Mahsuri,2021-11-01,1.0,1500.0,1800.0,1700.0,1700.0,1600.0,1642.857142857143,1617.857142857143,53.452248382484655,66.81531047810394,0.0,100.0,1.0347826086956522,1.0507726269315674,11,0,2021-11-08,1750.0
Banaganapalli APMC,Sona Mahsuri,2021-11-02,1.0,1600.0,1800.0,1700.0,1700.0,1600.0,1657.142857142857,1621.428571428571,53.452248382484655,69.9293206753048,0.0,100.0,1.0258620689655171,1.0484581497797358,11,1,2021-11-10,1700.0
Atmakur (Nandyal District) APMC,Sona Mahsuri,2021-11-03,0.01,1800.0,1800.0,1800.0,1800.0,1800.0,1800.0,1800.0,0.0,0.0,0.0,0.0,1.0,1.0,11,2,2021-11-10,1800.0
Banaganapalli APMC,Sona Mahsuri,2021-11-03,1.0,1600.0,1800.0,1700.0,1700.0,1700.0,1671.428571428571,1628.571428571429,48.79500364742645,72.62730392025448,0.0,0.0,1.0170940170940173,1.043859649122807,11,2,2021-11-10,1700.0
Atmakur (Nandyal District) APMC,Sona Mahsuri,2021-11-04,0.01,1800.0,1800.0,1800.0,1800.0,1800.0,1800.0,1800.0,0.0,0.0,0.0,0.0,1.0,1.0,11,3,2021-11-11,1800.0
Banaganapalli APMC,Sona Mahsuri,2021-11-04,1.0,1500.0,1800.0,1600.0,1700.0,1700.0,1671.428571428571,1635.7142857142858,48.79500364742645,74.49463436684754,-100.0,-100.0,0.9572649572649572,0.9781659388646288,11,3,2021-11-11,1700.0
Atmakur (Nandyal District) APMC,Sona Mahsuri,2021-11-05,0.01,1800.0,1800.0,1800.0,1800.0,1800.0,1800.0,1800.0,0.0,0.0,0.0,0.0,1.0,1.0,11,4,2021-11-12,1800.0
Banaganapalli APMC,Sona Mahsuri,2021-11-05,1.0,1500.0,1900.0,1700.0,1600.0,1600.0,1657.142857142857,1642.857142857143,53.452248382484655,64.6206172658846,100.0,100.0,1.0258620689655171,1.0347826086956522,11,4,2021-11-12,1700.0
Banaganapalli APMC,Sona Mahsuri,2021-11-06,1.0,1700.0,1900.0,1800.0,1700.0,1600.0,1671.428571428571,1642.857142857143,48.79500364742645,64.6206172658846,100.0,200.0,1.076923076923077,1.0956521739130434,11,5,2021-11-13,1700.0
Atmakur (Nandyal District) APMC,Sona Mahsuri,2021-11-06,0.01,1800.0,1800.0,1800.0,1800.0,1800.0,1800.0,1800.0,0.0,0.0,0.0,0.0,1.0,1.0,11,5,2021-11-13,1800.0
Atmakur (Nandyal District) APMC,Sona Mahsuri,2021-11-07,0.01,1800.0,1800.0,1800.0,1800.0,1800.0,1800.0,1800.0,0.0,0.0,0.0,0.0,1.0,1.0,11,6,2021-11-14,1800.0
Banaganapalli APMC,Sona Mahsuri,2021-11-07,1.0,1600.0,1900.0,1750.0,1800.0,1700.0,1700.0,1657.142857142857,57.735026918962426,75.59289460184411,-50.0,50.0,1.0294117647058822,1.0560344827586208,11,6,2021-11-14,1750.0
Atmakur (Nandyal District) APMC,Sona Mahsuri,2021-11-08,0.01,1800.0,1800.0,1800.0,1800.0,1800.0,1800.0,1800.0,0.0,0.0,0.0,0.0,1.0,1.0,11,0,2021-11-15,1800.0
Banaganapalli APMC,Sona Mahsuri,2021-11-08,1.0,1600.0,1900.0,1750.0,1750.0,1700.0,1707.142857142857,1675.0,60.749289629395456,64.300974989616,0.0,50.0,1.0251046025104602,1.044776119402985,11,0,2021-11-15,1750.0
Atmakur (Nandyal District) APMC,Sona Mahsuri,2021-11-09,0.01,1800.0,1800.0,1800.0,1800.0,1800.0,1800.0,1800.0,0.0,0.0,0.0,0.0,1.0,1.0,11,1,2021-11-16,1800.0
Atmakur (Nandyal District) APMC,Sona Mahsuri,2021-11-10,0.01,1800.0,1800.0,1800.0,1800.0,1800.0,1800.0,1800.0,0.0,0.0,0.0,0.0,1.0,1.0,11,2,2021-11-17,1800.0
Banaganapalli APMC,Sona Mahsuri,2021-11-10,1.0,1600.0,1800.0,1700.0,1750.0,1700.0,1714.2857142857142,1685.7142857142858,62.67831705280075,63.33236937766396,-50.0,0.0,0.9916666666666668,1.0084745762711864,11,2,2021-11-17,1800.0
Atmakur (Nandyal District) APMC,Sona Mahsuri,2021-11-11,0.01,1800.0,1800.0,1800.0,1800.0,1800.0,1800.0,1800.0,0.0,0.0,0.0,0.0,1.0,1.0,11,3,2021-11-18,1800.0
Banaganapalli APMC,Sona Mahsuri,2021-11-11,1.0,1600.0,1800.0,1700.0,1700.0,1700.0,1714.2857142857142,1692.857142857143,62.67831705280075,58.36602955995273,0.0,0.0,0.9916666666666668,1.0042194092827004,11,3,2021-11-18,1800.0
Atmakur (Nandyal District) APMC,Sona Mahsuri,2021-11-12,0.01,1800.0,1800.0,1800.0,1800.0,1800.0,1800.0,1800.0,0.0,0.0,0.0,0.0,1.0,1.0,11,4,2021-11-20,1800.0
Banaganapalli APMC,Sona Mahsuri,2021-11-12,1.0,1500.0,1900.0,1700.0,1700.0,1600.0,1714.2857142857142,1692.857142857143,62.67831705280075,58.36602955995273,0.0,100.0,0.9916666666666668,1.0042194092827004,11,4,2021-11-19,1800.0
Atmakur (Nandyal District) APMC,Sona Mahsuri,2021-11-13,0.01,1800.0,1800.0,1800.0,1800.0,1800.0,1800.0,1800.0,0.0,0.0,0.0,0.0,1.0,1.0,11,5,2021-11-20,1800.0
Banaganapalli APMC,Sona Mahsuri,2021-11-13,1.0,1500.0,1900.0,1700.0,1700.0,1700.0,1728.571428571429,1692.857142857143,39.33978962347198,58.36602955995273,0.0,0.0,0.9834710743801652,1.0042194092827004,11,5,2021-11-20,1800.0
Banaganapalli APMC,Sona Mahsuri,2021-11-14,1.0,1600.0,1900.0,1750.0,1700.0,1800.0,1728.571428571429,1700.0,39.33978962347198,51.88745216627595,50.0,-50.0,1.012396694214876,1.0294117647058822,11,6,2021-11-21,1750.0
Atmakur (Nandyal District) APMC,Sona Mahsuri,2021-11-14,0.01,1800.0,1800.0,1800.0,1800.0,1800.0,1800.0,1800.0,0.0,0.0,0.0,0.0,1.0,1.0,11,6,2021-11-21,1800.0
Atmakur (Nandyal District) APMC,Sona Mahsuri,2021-11-15,0.01,1800.0,1800.0,1800.0,1800.0,1800.0,1800.0,1800.0,0.0,0.0,0.0,0.0,1.0,1.0,11,0,2021-11-22,1800.0
Banaganapalli APMC,Sona Mahsuri,2021-11-15,1.0,1600.0,1900.0,1750.0,1750.0,1750.0,1721.428571428571,1710.7142857142858,26.72612419124213,44.629118765197966,0.0,0.0,1.016597510373444,1.022964509394572,11,0,2021-11-22,1800.0
Atmakur (Nandyal District) APMC,Sona Mahsuri,2021-11-16,0.01,1800.0,1800.0,1800.0,1800.0,1800.0,1800.0,1800.0,0.0,0.0,0.0,0.0,1.0,1.0,11,1,2021-11-23,1800.0
Banaganapalli APMC,Sona Mahsuri,2021-11-16,1.0,1600.0,1900.0,1750.0,1750.0,1750.0,1721.428571428571,1714.2857142857142,26.72612419124213,45.69367667316779,0.0,0.0,1.016597510373444,1.0208333333333337,11,1,2021-11-23,1600.0
Atmakur (Nandyal District) APMC,Sona Mahsuri,2021-11-17,0.01,1800.0,1800.0,1800.0,1800.0,1800.0,1800.0,1800.0,0.0,0.0,0.0,0.0,1.0,1.0,11,2,2021-11-24,1800.0
Banaganapalli APMC,Sona Mahsuri,2021-11-17,1.0,1600.0,1900.0,1800.0,1750.0,1700.0,1721.428571428571,1717.857142857143,26.72612419124213,46.43913658320236,50.0,100.0,1.045643153526971,1.047817047817048,11,2,2021-11-24,1600.0
Atmakur (Nandyal District) APMC,Sona Mahsuri,2021-11-18,0.01,1800.0,1800.0,1800.0,1800.0,1800.0,1800.0,1800.0,0.0,0.0,0.0,0.0,1.0,1.0,11,3,2021-11-25,1800.0
Banaganapalli APMC,Sona Mahsuri,2021-11-18,1.0,1700.0,1900.0,1800.0,1800.0,1700.0,1735.7142857142858,1725.0,37.7964473009225,50.95246653650613,0.0,100.0,1.037037037037037,1.0434782608695652,11,3,2021-11-25,1600.0
Banaganapalli APMC,Sona Mahsuri,2021-11-19,1.0,1700.0,1900.0,1800.0,1800.0,1700.0,1750.0,1732.142857142857,40.82482904638607,54.09088810348856,0.0,100.0,1.0285714285714285,1.0391752577319588,11,4,2021-11-26,1600.0
Atmakur (Nandyal District) APMC,Sona Mahsuri,2021-11-20,0.01,1800.0,1800.0,1800.0,1800.0,1800.0,1800.0,1800.0,0.0,0.0,0.0,0.0,1.0,1.0,11,5,2021-11-27,1800.0
Banaganapalli APMC,Sona Mahsuri,2021-11-20,1.0,1700.0,1900.0,1800.0,1800.0,1700.0,1764.2857142857142,1746.428571428571,37.7964473009225,41.43709650823693,0.0,100.0,1.0202429149797572,1.030674846625767,11,5,2021-11-27,1600.0
Banaganapalli APMC,Sona Mahsuri,2021-11-21,1.0,1600.0,1900.0,1750.0,1800.0,1750.0,1778.571428571429,1753.571428571429,26.72612419124213,41.43709650823713,-50.0,0.0,0.9839357429718876,0.9979633401221996,11,6,2021-11-28,1600.0
Atmakur (Nandyal District) APMC,Sona Mahsuri,2021-11-21,0.01,1800.0,1800.0,1800.0,1800.0,1800.0,1800.0,1800.0,0.0,0.0,0.0,0.0,1.0,1.0,11,6,2021-11-28,1800.0
Atmakur (Nandyal District) APMC,Sona Mahsuri,2021-11-22,0.01,1800.0,1800.0,1800.0,1800.0,1800.0,1800.0,1800.0,0.0,0.0,0.0,0.0,1.0,1.0,11,0,2021-11-29,1800.0
Banaganapalli APMC,Sona Mahsuri,2021-11-22,1.0,1600.0,2000.0,1800.0,1750.0,1750.0,1778.571428571429,1750.0,26.72612419124213,39.22322702763658,50.0,50.0,1.0120481927710845,1.0285714285714285,11,0,2021-11-29,1500.0
Atmakur (Nandyal District) APMC,Sona Mahsuri,2021-11-23,0.01,1800.0,1800.0,1800.0,1800.0,1800.0,1800.0,1800.0,0.0,0.0,0.0,0.0,1.0,1.0,11,1,2021-11-30,1800.0
Banaganapalli APMC,Sona Mahsuri,2021-11-23,1.0,1400.0,1800.0,1600.0,1800.0,1750.0,1785.7142857142858,1753.571428571429,24.397501823712958,41.43709650823713,-200.0,-150.0,0.896,0.9124236252545824,11,1,2021-11-30,1500.0
Atmakur (Nandyal District) APMC,Sona Mahsuri,2021-11-24,0.01,1800.0,1800.0,1800.0,1800.0,1800.0,1800.0,1800.0,0.0,0.0,0.0,0.0,1.0,1.0,11,2,2021-12-04,1800.0
Banaganapalli APMC,Sona Mahsuri,2021-11-24,1.0,1400.0,1800.0,1600.0,1600.0,1800.0,1764.2857142857142,1742.857142857143,74.80132415430948,58.36602955995355,0.0,-200.0,0.9068825910931174,0.918032786885246,11,2,2021-12-01,1500.0
Atmakur (Nandyal District) APMC,Sona Mahsuri,2021-11-25,0.01,1800.0,1800.0,1800.0,1800.0,1800.0,1800.0,1800.0,0.0,0.0,0.0,0.0,1.0,1.0,11,3,2021-12-04,1800.0
Banaganapalli APMC,Sona Mahsuri,2021-11-25,1.0,1400.0,1800.0,1600.0,1600.0,1800.0,1735.7142857142858,1735.7142857142858,94.49111825230678,69.13913349341117,0.0,-200.0,0.9218106995884772,0.9218106995884772,11,3,2021-12-02,1500.0
Atmakur (Nandyal District) APMC,Sona Mahsuri,2021-11-26,0.01,1800.0,1800.0,1800.0,1800.0,1800.0,1800.0,1800.0,0.0,0.0,0.0,0.0,1.0,1.0,11,4,2021-12-04,1800.0
Banaganapalli APMC,Sona Mahsuri,2021-11-26,1.0,1400.0,1800.0,1600.0,1600.0,1800.0,1707.142857142857,1728.571428571429,101.77004891982146,77.74288420142369,0.0,-200.0,0.9372384937238494,0.9256198347107436,11,4,2021-12-03,1500.0
Atmakur (Nandyal District) APMC,Sona Mahsuri,2021-11-27,0.01,1800.0,1800.0,1800.0,1800.0,1800.0,1800.0,1800.0,0.0,0.0,0.0,0.0,1.0,1.0,11,5,2021-12-04,1800.0
Banaganapalli APMC,Sona Mahsuri,2021-11-27,1.0,1400.0,1800.0,1600.0,1600.0,1800.0,1678.571428571429,1721.428571428571,99.40297973880044,84.83986208028692,0.0,-200.0,0.953191489361702,0.9294605809128632,11,5,2021-12-04,1500.0
Banaganapalli APMC,Sona Mahsuri,2021-11-28,1.0,1400.0,1800.0,1600.0,1600.0,1750.0,1650.0,1714.2857142857142,86.60254037844378,90.78412990031975,0.0,-150.0,0.9696969696969696,0.9333333333333332,11,6,2021-12-05,1500.0
Atmakur (Nandyal District) APMC,Sona Mahsuri,2021-11-28,0.01,1800.0,1800.0,1800.0,1800.0,1800.0,1800.0,1800.0,0.0,0.0,0.0,0.0,1.0,1.0,11,6,2021-12-05,1800.0
Atmakur (Nandyal District) APMC,Sona Mahsuri,2021-11-29,0.01,1800.0,1800.0,1800.0,1800.0,1800.0,1800.0,1800.0,0.0,0.0,0.0,0.0,1.0,1.0,11,0,2021-12-06,1800.0
Banaganapalli APMC,Sona Mahsuri,2021-11-29,1.0,1300.0,1700.0,1500.0,1600.0,1800.0,1628.571428571429,1703.571428571429,75.59289460184532,94.99855406649692,-100.0,-300.0,0.9210526315789472,0.880503144654088,11,0,2021-12-06,1500.0
Atmakur (Nandyal District) APMC,Sona Mahsuri,2021-11-30,0.01,1800.0,1800.0,1800.0,1800.0,1800.0,1800.0,1800.0,0.0,0.0,0.0,0.0,1.0,1.0,11,1,2021-12-07,1800.0
Banaganapalli APMC,Sona Mahsuri,2021-11-30,1.0,1300.0,1700.0,1500.0,1500.0,1600.0,1585.7142857142858,1685.7142857142858,37.796447300922736,108.18177620697732,0.0,-100.0,0.945945945945946,0.8898305084745762,11,1,2021-12-07,1500.0
Banaganapalli APMC,Sona Mahsuri,2021-12-01,1.0,1300.0,1700.0,1500.0,1500.0,1600.0,1571.428571428571,1667.857142857143,48.79500364742671,117.02587297283762,0.0,-100.0,0.9545454545454546,0.8993576017130621,12,2,2021-12-08,1500.0
Banaganapalli APMC,Sona Mahsuri,2021-12-02,1.0,1300.0,1700.0,1500.0,1500.0,1600.0,1557.142857142857,1646.428571428571,53.45224838248495,118.42603292656985,0.0,-100.0,0.963302752293578,0.911062906724512,12,3,2021-12-09,1500.0
Banaganapalli APMC,Sona Mahsuri,2021-12-03,1.0,1300.0,1700.0,1500.0,1500.0,1600.0,1542.857142857143,1625.0,53.45224838248495,115.60875665529966,0.0,-100.0,0.9722222222222222,0.9230769230769232,12,4,2021-12-10,1500.0
Atmakur (Nandyal District) APMC,Sona Mahsuri,2021-12-04,0.01,1800.0,1800.0,1800.0,1800.0,1800.0,1800.0,1800.0,0.0,0.0,0.0,0.0,1.0,1.0,12,5,2021-12-11,1800.0
Banaganapalli APMC,Sona Mahsuri,2021-12-04,1.0,1300.0,1700.0,1500.0,1500.0,1600.0,1528.571428571429,1603.571428571429,48.79500364742676,108.24524454696656,0.0,-100.0,0.9813084112149532,0.9354120267260578,12,5,2021-12-11,1500.0
Atmakur (Nandyal District) APMC,Sona Mahsuri,2021-12-05,0.01,1800.0,1800.0,1800.0,1800.0,1800.0,1800.0,1800.0,0.0,0.0,0.0,0.0,1.0,1.0,12,6,2021-12-12,1800.0
Banaganapalli APMC,Sona Mahsuri,2021-12-05,1.0,1300.0,1700.0,1500.0,1500.0,1600.0,1514.2857142857142,1582.142857142857,37.7964473009229,95.28730413685712,0.0,-100.0,0.9905660377358492,0.948081264108352,12,6,2021-12-12,1600.0
Banaganapalli APMC,Sona Mahsuri,2021-12-06,1.0,1300.0,1700.0,1500.0,1500.0,1500.0,1500.0,1564.2857142857142,0.0,84.18973861410682,0.0,0.0,1.0,0.9589041095890412,12,0,2021-12-13,1600.0
Atmakur (Nandyal District) APMC,Sona Mahsuri,2021-12-06,0.01,1800.0,1800.0,1800.0,1800.0,1800.0,1800.0,1800.0,0.0,0.0,0.0,0.0,1.0,1.0,12,0,2021-12-13,1800.0
Atmakur (Nandyal District) APMC,Sona Mahsuri,2021-12-07,0.01,1800.0,1800.0,1800.0,1800.0,1800.0,1800.0,1800.0,0.0,0.0,0.0,0.0,1.0,1.0,12,1,2021-12-14,1800.0
Banaganapalli APMC,Sona Mahsuri,2021-12-07,1.0,1300.0,1700.0,1500.0,1500.0,1500.0,1500.0,1542.857142857143,0.0,51.35525910130463,0.0,0.0,1.0,0.9722222222222222,12,1,2021-12-14,1500.0
Atmakur (Nandyal District) APMC,Sona Mahsuri,2021-12-08,0.01,1800.0,1800.0,1800.0,1800.0,1800.0,1800.0,1800.0,0.0,0.0,0.0,0.0,1.0,1.0,12,2,2021-12-16,1800.0
Banaganapalli APMC,Sona Mahsuri,2021-12-08,1.0,1300.0,1700.0,1500.0,1500.0,1500.0,1500.0,1535.7142857142858,0.0,49.72451580987944,0.0,0.0,1.0,0.9767441860465116,12,2,2021-12-15,1550.0
Atmakur (Nandyal District) APMC,Sona Mahsuri,2021-12-09,0.01,1800.0,1800.0,1800.0,1800.0,1800.0,1800.0,1800.0,0.0,0.0,0.0,0.0,1.0,1.0,12,3,2021-12-16,1800.0
Banaganapalli APMC,Sona Mahsuri,2021-12-09,1.0,1300.0,1700.0,1500.0,1500.0,1500.0,1500.0,1528.571428571429,0.0,46.8807230938438,0.0,0.0,1.0,0.9813084112149532,12,3,2021-12-16,1600.0
Atmakur (Nandyal District) APMC,Sona Mahsuri,2021-12-10,0.01,1800.0,1800.0,1800.0,1800.0,1800.0,1800.0,1800.0,0.0,0.0,0.0,0.0,1.0,1.0,12,4,2021-12-17,1800.0
Banaganapalli APMC,Sona Mahsuri,2021-12-10,1.0,1300.0,1700.0,1500.0,1500.0,1500.0,1500.0,1521.428571428571,0.0,42.58153136262549,0.0,0.0,1.0,0.9859154929577464,12,4,2021-12-17,1600.0
Atmakur (Nandyal District) APMC,Sona Mahsuri,2021-12-11,0.01,1800.0,1800.0,1800.0,1800.0,1800.0,1800.0,1800.0,0.0,0.0,0.0,0.0,1.0,1.0,12,5,2021-12-18,1800.0
Banaganapalli APMC,Sona Mahsuri,2021-12-11,1.0,1300.0,1700.0,1500.0,1500.0,1500.0,1500.0,1514.2857142857142,0.0,36.313651960120296,0.0,0.0,1.0,0.9905660377358492,12,5,2021-12-18,1700.0
Banaganapalli APMC,Sona Mahsuri,2021-12-12,1.0,1300.0,1800.0,1600.0,1500.0,1500.0,1500.0,1507.142857142857,0.0,26.726124191231506,100.0,100.0,1.0666666666666669,1.061611374407583,12,6,2021-12-19,1600.0
Atmakur (Nandyal District) APMC,Sona Mahsuri,2021-12-12,0.01,1800.0,1800.0,1800.0,1800.0,1800.0,1800.0,1800.0,0.0,0.0,0.0,0.0,1.0,1.0,12,6,2021-12-19,1800.0
Banaganapalli APMC,Sona Mahsuri,2021-12-13,1.0,1300.0,1800.0,1600.0,1600.0,1500.0,1514.2857142857142,1507.142857142857,37.796447300922736,26.726124191242445,0.0,100.0,1.0566037735849056,1.061611374407583,12,0,2021-12-20,1600.0
Atmakur (Nandyal District) APMC,Sona Mahsuri,2021-12-13,0.01,1800.0,1800.0,1800.0,1800.0,1800.0,1800.0,1800.0,0.0,0.0,0.0,0.0,1.0,1.0,12,0,2021-12-20,1800.0
Atmakur (Nandyal District) APMC,Sona Mahsuri,2021-12-14,0.01,1800.0,1800.0,1800.0,1800.0,1800.0,1800.0,1800.0,0.0,0.0,0.0,0.0,1.0,1.0,12,1,2021-12-21,1800.0
Banaganapalli APMC,Sona Mahsuri,2021-12-14,1.0,1300.0,1700.0,1500.0,1600.0,1500.0,1528.571428571429,1514.2857142857142,48.79500364742671,36.31365196012816,-100.0,0.0,0.9813084112149532,0.9905660377358492,12,1,2021-12-21,1600.0
Banaganapalli APMC,Sona Mahsuri,2021-12-15,1.0,1350.0,1750.0,1550.0,1500.0,1500.0,1528.571428571429,1514.2857142857142,48.79500364742672,36.31365196012816,50.0,50.0,1.014018691588785,1.0235849056603774,12,2,2021-12-22,1600.0
Atmakur (Nandyal District) APMC,Sona Mahsuri,2021-12-16,0.01,1800.0,1800.0,1800.0,1800.0,1800.0,1800.0,1800.0,0.0,0.0,0.0,0.0,1.0,1.0,12,3,2021-12-23,1800.0
Banaganapalli APMC,Sona Mahsuri,2021-12-16,1.0,1300.0,1900.0,1600.0,1550.0,1500.0,1535.7142857142858,1517.857142857143,47.55948656056717,37.24731718342464,50.0,100.0,1.041860465116279,1.0541176470588236,12,3,2021-12-23,1700.0
Atmakur (Nandyal District) APMC,Sona Mahsuri,2021-12-17,0.01,1800.0,1800.0,1800.0,1800.0,1800.0,1800.0,1800.0,0.0,0.0,0.0,0.0,1.0,1.0,12,4,2021-12-24,1800.0
Banaganapalli APMC,Sona Mahsuri,2021-12-17,1.0,1300.0,1900.0,1600.0,1600.0,1500.0,1550.0,1525.0,50.00000000000013,42.74252071325559,0.0,100.0,1.032258064516129,1.0491803278688523,12,4,2021-12-24,1550.0
Atmakur (Nandyal District) APMC,Sona Mahsuri,2021-12-18,0.01,1800.0,1800.0,1800.0,1800.0,1800.0,1800.0,1800.0,0.0,0.0,0.0,0.0,1.0,1.0,12,5,2021-12-25,1800.0
Banaganapalli APMC,Sona Mahsuri,2021-12-18,1.0,1400.0,1900.0,1700.0,1600.0,1500.0,1564.2857142857142,1532.142857142857,47.55948656056732,46.43913658320335,100.0,200.0,1.08675799086758,1.1095571095571095,12,5,2021-12-25,1600.0
Atmakur (Nandyal District) APMC,Sona Mahsuri,2021-12-19,0.01,1800.0,1800.0,1800.0,1800.0,1800.0,1800.0,1800.0,0.0,0.0,0.0,0.0,1.0,1.0,12,6,2021-12-26,1800.0
Banaganapalli APMC,Sona Mahsuri,2021-12-19,1.0,1400.0,1800.0,1600.0,1700.0,1600.0,1592.857142857143,1546.428571428571,60.74928962939597,63.440722526822576,-100.0,0.0,1.0044843049327354,1.0346420323325636,12,6,2021-12-26,1600.0
Atmakur (Nandyal District) APMC,Sona Mahsuri,2021-12-20,0.01,1800.0,1800.0,1800.0,1800.0,1800.0,1800.0,1800.0,0.0,0.0,0.0,0.0,1.0,1.0,12,0,2021-12-27,1800.0
Banaganapalli APMC,Sona Mahsuri,2021-12-20,1.0,1400.0,1800.0,1600.0,1600.0,1600.0,1592.857142857143,1553.571428571429,60.74928962939597,63.44072252682262,0.0,0.0,1.0044843049327354,1.0298850574712644,12,0,2021-12-27,1550.0
Atmakur (Nandyal District) APMC,Sona Mahsuri,2021-12-21,0.01,1800.0,1800.0,1800.0,1800.0,1800.0,1800.0,1800.0,0.0,0.0,0.0,0.0,1.0,1.0,12,1,2021-12-28,1800.0
Banaganapalli APMC,Sona Mahsuri,2021-12-21,1.0,1400.0,1800.0,1600.0,1600.0,1500.0,1592.857142857143,1560.7142857142858,60.74928962939597,62.56864362310561,0.0,100.0,1.0044843049327354,1.0251716247139588,12,1,2021-12-28,1550.0
Banaganapalli APMC,Sona Mahsuri,2021-12-22,1.0,1400.0,1800.0,1600.0,1600.0,1550.0,1607.142857142857,1567.857142857143,44.98677054212254,60.78696361108178,0.0,50.0,0.9955555555555556,1.020501138952164,12,2,2021-12-29,1550.0
Atmakur (Nandyal District) APMC,Sona Mahsuri,2021-12-22,0.01,1800.0,1800.0,1800.0,1800.0,1800.0,1800.0,1800.0,0.0,0.0,0.0,0.0,1.0,1.0,12,2,2021-12-29,1800.0
Atmakur (Nandyal District) APMC,Sona Mahsuri,2021-12-23,0.01,1800.0,1800.0,1800.0,1800.0,1800.0,1800.0,1800.0,0.0,0.0,0.0,0.0,1.0,1.0,12,3,2021-12-30,1800.0
Banaganapalli APMC,Sona Mahsuri,2021-12-23,1.0,1500.0,1900.0,1700.0,1600.0,1600.0,1614.2857142857142,1575.0,37.79644730092364,58.011935111532495,100.0,100.0,1.0530973451327434,1.0793650793650793,12,3,2021-12-30,1550.0
Atmakur (Nandyal District) APMC,Sona Mahsuri,2021-12-24,0.01,1800.0,1800.0,1800.0,1800.0,1800.0,1800.0,1800.0,0.0,0.0,0.0,0.0,1.0,1.0,12,4,2021-12-31,1800.0
Banaganapalli APMC,Sona Mahsuri,2021-12-24,1.0,1350.0,1750.0,1550.0,1700.0,1600.0,1628.571428571429,1589.2857142857142,48.79500364742756,62.56864362310582,-150.0,-50.0,0.9517543859649122,0.9752808988764046,12,4,2021-12-31,1550.0
Atmakur (Nandyal District) APMC,Sona Mahsuri,2021-12-25,0.01,1800.0,1800.0,1800.0,1800.0,1800.0,1800.0,1800.0,0.0,0.0,0.0,0.0,1.0,1.0,12,5,2022-01-01,1800.0
Banaganapalli APMC,Sona Mahsuri,2021-12-25,1.0,1400.0,1800.0,1600.0,1550.0,1700.0,1621.428571428571,1592.857142857143,56.69467095138477,58.36602955995436,50.0,-100.0,0.986784140969163,1.0044843049327354,12,5,2022-01-01,1700.0
Atmakur (Nandyal District) APMC,Sona Mahsuri,2021-12-26,0.01,1800.0,1800.0,1800.0,1800.0,1800.0,1800.0,1800.0,0.0,0.0,0.0,0.0,1.0,1.0,12,6,2022-01-02,1800.0
Banaganapalli APMC,Sona Mahsuri,2021-12-26,1.0,1400.0,1800.0,1600.0,1600.0,1600.0,1607.142857142857,1600.0,44.98677054212251,51.88745216627775,0.0,0.0,0.9955555555555556,1.0,12,6,2022-01-02,1700.0
Atmakur (Nandyal District) APMC,Sona Mahsuri,2021-12-27,0.01,1800.0,1800.0,1800.0,1800.0,1800.0,1800.0,1800.0,0.0,0.0,0.0,0.0,1.0,1.0,12,0,2022-01-03,1800.0
Banaganapalli APMC,Sona Mahsuri,2021-12-27,1.0,1350.0,1750.0,1550.0,1600.0,1600.0,1607.142857142857,1600.0,44.98677054212251,51.88745216627775,-50.0,-50.0,0.9644444444444444,0.96875,12,0,2022-01-03,1600.0
Atmakur (Nandyal District) APMC,Sona Mahsuri,2021-12-28,0.01,1800.0,1800.0,1800.0,1800.0,1800.0,1800.0,1800.0,0.0,0.0,0.0,0.0,1.0,1.0,12,1,2022-01-04,1800.0
Banaganapalli APMC,Sona Mahsuri,2021-12-28,1.0,1350.0,1750.0,1550.0,1550.0,1600.0,1600.0,1596.428571428571,50.00000000000046,53.58058529802736,0.0,-50.0,0.96875,0.970917225950783,12,1,2022-01-04,1650.0
Banaganapalli APMC,Sona Mahsuri,2021-12-29,1.0,1350.0,1750.0,1550.0,1550.0,1600.0,1592.857142857143,1600.0,53.45224838248518,48.03844614152686,0.0,-50.0,0.9730941704035876,0.96875,12,2,2022-01-05,1650.0
Atmakur (Nandyal District) APMC,Sona Mahsuri,2021-12-29,0.01,1800.0,1800.0,1800.0,1800.0,1800.0,1800.0,1800.0,0.0,0.0,0.0,0.0,1.0,1.0,12,2,2022-01-05,1800.0
Atmakur (Nandyal District) APMC,Sona Mahsuri,2021-12-30,0.01,1800.0,1800.0,1800.0,1800.0,1800.0,1800.0,1800.0,0.0,0.0,0.0,0.0,1.0,1.0,12,3,2022-01-06,1800.0
Banaganapalli APMC,Sona Mahsuri,2021-12-30,1.0,1350.0,1750.0,1550.0,1550.0,1700.0,1585.7142857142858,1600.0,55.63486402641884,48.03844614152686,0.0,-150.0,0.9774774774774776,0.96875,12,3,2022-01-06,1550.0
Atmakur (Nandyal District) APMC,Sona Mahsuri,2021-12-31,0.01,1800.0,1800.0,1800.0,1800.0,1800.0,1800.0,1800.0,0.0,0.0,0.0,0.0,1.0,1.0,12,4,2022-01-07,1800.0
Banaganapalli APMC,Sona Mahsuri,2021-12-31,1.0,1350.0,1750.0,1550.0,1550.0,1550.0,1564.2857142857142,1596.428571428571,24.39750182371279,49.8624481575444,0.0,0.0,0.9908675799086758,0.970917225950783,12,4,2022-01-07,1700.0
Atmakur (Nandyal District) APMC,Sona Mahsuri,2022-01-01,0.01,1800.0,1800.0,1800.0,1800.0,1800.0,1800.0,1800.0,0.0,0.0,0.0,0.0,1.0,1.0,1,5,2022-01-08,1800.0
Banaganapalli APMC,Sona Mahsuri,2022-01-01,1.0,1500.0,1900.0,1700.0,1550.0,1600.0,1564.2857142857142,1592.857142857143,24.39750182371279,51.35525910131017,150.0,100.0,1.08675799086758,1.0672645739910314,1,5,2022-01-08,1600.0
Atmakur (Nandyal District) APMC,Sona Mahsuri,2022-01-02,0.01,1800.0,1800.0,1800.0,1800.0,1800.0,1800.0,1800.0,0.0,0.0,0.0,0.0,1.0,1.0,1,6,2022-01-09,1800.0
Banaganapalli APMC,Sona Mahsuri,2022-01-02,1.0,1500.0,1900.0,1700.0,1700.0,1600.0,1578.571428571429,1592.857142857143,56.69467095138416,51.35525910131017,0.0,100.0,1.0769230769230769,1.0672645739910314,1,6,2022-01-09,1600.0
Atmakur (Nandyal District) APMC,Sona Mahsuri,2022-01-03,0.01,1800.0,1800.0,1800.0,1800.0,1800.0,1800.0,1800.0,0.0,0.0,0.0,0.0,1.0,1.0,1,0,2022-01-10,1800.0
Banaganapalli APMC,Sona Mahsuri,2022-01-03,1.0,1400.0,1800.0,1600.0,1700.0,1550.0,1592.857142857143,1600.0,73.19250547114025,58.8348405414558,-100.0,50.0,1.0044843049327354,1.0,1,0,2022-01-10,1650.0
Rajahmundry APMC,Paddy,2022-01-03,0.5,1940.0,1940.0,1940.0,1930.0,1868.0,1903.4285714285716,1885.7142857142856,33.14039399714057,29.06604831818669,10.0,72.0,1.0192134494145904,1.0287878787878788,1,0,2022-01-10,1940.0
Rajahmundry APMC,Swarna Masuri (New),2022-01-03,0.5,1960.0,1960.0,1960.0,1940.0,1888.0,1917.7142857142856,1902.857142857143,27.7951691588924,24.377976008801767,20.0,72.0,1.0220500595947557,1.03003003003003,1,0,2022-01-10,1960.0
Rajahmundry APMC,Swarna Masuri (New),2022-01-04,0.5,1960.0,1960.0,1960.0,1960.0,1888.0,1928.0,1908.0,28.28427124746229,28.284271247461906,0.0,72.0,1.016597510373444,1.0272536687631026,1,1,2022-01-11,1960.0
Rajahmundry APMC,Paddy,2022-01-04,0.5,1940.0,1940.0,1940.0,1940.0,1868.0,1913.7142857142856,1890.857142857143,31.44155575939949,31.920230245114105,0.0,72.0,1.0137354434159451,1.0259897249924448,1,1,2022-01-11,1940.0
Banaganapalli APMC,Sona Mahsuri,2022-01-04,1.0,1500.0,1800.0,1650.0,1600.0,1550.0,1600.0,1600.0,70.71067811865512,58.8348405414558,50.0,100.0,1.03125,1.03125,1,1,2022-01-11,1550.0
Atmakur (Nandyal District) APMC,Sona Mahsuri,2022-01-04,0.01,1800.0,1800.0,1800.0,1800.0,1800.0,1800.0,1800.0,0.0,0.0,0.0,0.0,1.0,1.0,1,1,2022-01-11,1800.0
Atmakur (Nandyal District) APMC,Sona Mahsuri,2022-01-05,0.01,1800.0,1800.0,1800.0,1800.0,1800.0,1800.0,1800.0,0.0,0.0,0.0,0.0,1.0,1.0,1,2,2022-01-12,1800.0
Banaganapalli APMC,Sona Mahsuri,2022-01-05,1.0,1500.0,1800.0,1650.0,1650.0,1550.0,1614.2857142857142,1603.571428571429,69.00655593423596,60.33332321453843,0.0,100.0,1.02212389380531,1.0289532293986636,1,2,2022-01-12,1700.0
Rajahmundry APMC,Paddy,2022-01-05,0.5,1940.0,1940.0,1940.0,1940.0,1868.0,1924.0,1896.0,25.139610179953145,33.70459909270539,0.0,72.0,1.0083160083160083,1.0232067510548524,1,2,2022-01-12,1940.0
Rajahmundry APMC,Swarna Masuri (New),2022-01-05,0.5,1960.0,1960.0,1960.0,1960.0,1888.0,1938.2857142857144,1913.142857142857,24.09504987692398,30.801741066817208,0.0,72.0,1.0112028301886793,1.0244922341696536,1,2,2022-01-12,1960.0
Atmakur (Nandyal District) APMC,Sona Mahsuri,2022-01-06,0.01,1800.0,1800.0,1800.0,1800.0,1800.0,1800.0,1800.0,0.0,0.0,0.0,0.0,1.0,1.0,1,3,2022-01-14,1800.0
Banaganapalli APMC,Sona Mahsuri,2022-01-06,1.0,1350.0,1750.0,1550.0,1650.0,1550.0,1628.571428571429,1607.142857142857,63.620901028035966,61.572792621488816,-100.0,0.0,0.9517543859649122,0.9644444444444444,1,3,2022-01-13,1600.0
Rajahmundry APMC,Paddy,2022-01-06,0.5,1940.0,1940.0,1940.0,1940.0,1930.0,1934.2857142857144,1901.142857142857,5.345224838249391,34.58513941177428,0.0,10.0,1.0029542097488922,1.02043883378419,1,3,2022-01-17,1940.0
Rajahmundry APMC,Swarna Masuri (New),2022-01-06,0.5,1960.0,1960.0,1960.0,1960.0,1940.0,1948.571428571429,1918.2857142857144,10.69044967649829,32.25720807087113,0.0,20.0,1.0058651026392962,1.0217456061960084,1,3,2022-01-17,1960.0
Atmakur (Nandyal District) APMC,Sona Mahsuri,2022-01-07,0.01,1800.0,1800.0,1800.0,1800.0,1800.0,1800.0,1800.0,0.0,0.0,0.0,0.0,1.0,1.0,1,4,2022-01-14,1800.0
Banaganapalli APMC,Sona Mahsuri,2022-01-07,1.0,1600.0,1800.0,1700.0,1550.0,1550.0,1628.571428571429,1596.428571428571,63.620901028035966,57.05694090550747,150.0,150.0,1.043859649122807,1.0648769574944073,1,4,2022-01-14,1600.0
Rajahmundry APMC,Paddy,2022-01-07,0.5,1940.0,1940.0,1940.0,1940.0,1930.0,1935.7142857142856,1906.2857142857144,5.345224838249505,34.63086345005991,0.0,10.0,1.0022140221402214,1.0176858513189448,1,4,2022-01-17,1940.0
Rajahmundry APMC,Swarna Masuri (New),2022-01-07,0.5,1960.0,1960.0,1960.0,1960.0,1940.0,1951.4285714285716,1923.4285714285716,10.690449676498336,32.79238721625282,0.0,20.0,1.0043923865300146,1.0190136660724896,1,4,2022-01-17,1960.0
Rajahmundry APMC,Swarna Masuri (New),2022-01-08,0.5,1960.0,1960.0,1960.0,1960.0,1940.0,1954.2857142857144,1928.571428571429,9.75900072948685,32.45283983239089,0.0,20.0,1.0029239766081872,1.0162962962962965,1,5,2022-01-17,1960.0
Rajahmundry APMC,Paddy,2022-01-08,0.5,1940.0,1940.0,1940.0,1940.0,1930.0,1937.142857142857,1911.4285714285716,4.879500364743896,33.84515483041103,0.0,10.0,1.0014749262536873,1.0149476831091182,1,5,2022-01-17,1940.0
Atmakur (Nandyal District) APMC,Sona Mahsuri,2022-01-08,0.01,1800.0,1800.0,1800.0,1800.0,1800.0,1800.0,1800.0,0.0,0.0,0.0,0.0,1.0,1.0,1,5,2022-01-15,1800.0
Banaganapalli APMC,Sona Mahsuri,2022-01-08,1.0,1400.0,1800.0,1600.0,1700.0,1700.0,1650.0,1607.142857142857,57.73502691896383,61.572792621488816,-100.0,-100.0,0.9696969696969696,0.9955555555555556,1,5,2022-01-15,1550.0
Atmakur (Nandyal District) APMC,Sona Mahsuri,2022-01-09,0.01,1800.0,1800.0,1800.0,1800.0,1800.0,1800.0,1800.0,0.0,0.0,0.0,0.0,1.0,1.0,1,6,2022-01-16,1800.0
Banaganapalli APMC,Sona Mahsuri,2022-01-09,1.0,1400.0,1800.0,1600.0,1600.0,1700.0,1635.7142857142858,1607.142857142857,55.63486402641971,61.572792621488816,0.0,-100.0,0.9781659388646288,0.9955555555555556,1,6,2022-01-16,1550.0
Rajahmundry APMC,Paddy,2022-01-09,0.5,1940.0,1940.0,1940.0,1940.0,1930.0,1938.571428571429,1916.571428571429,3.7796447300939775,32.16714589025984,0.0,10.0,1.0007369196757554,1.0122242098986285,1,6,2022-01-17,1940.0
Rajahmundry APMC,Swarna Masuri (New),2022-01-09,0.5,1960.0,1960.0,1960.0,1960.0,1940.0,1957.142857142857,1933.7142857142856,7.559289460186547,31.210029382651,0.0,20.0,1.0014598540145985,1.013593380614657,1,6,2022-01-17,1960.0
Atmakur (Nandyal District) APMC,Sona Mahsuri,2022-01-10,0.01,1800.0,1800.0,1800.0,1800.0,1800.0,1800.0,1800.0,0.0,0.0,0.0,0.0,1.0,1.0,1,0,2022-01-17,1800.0
Banaganapalli APMC,Sona Mahsuri,2022-01-10,1.0,1500.0,1800.0,1650.0,1600.0,1600.0,1621.428571428571,1607.142857142857,48.79500364742756,61.572792621488816,50.0,50.0,1.0176211453744497,1.0266666666666666,1,0,2022-01-17,1550.0
Rajahmundry APMC,Paddy,2022-01-10,0.5,1940.0,1940.0,1940.0,1940.0,1940.0,1940.0,1921.7142857142856,3.759662683014833e-06,29.44467712488954,0.0,0.0,1.0,1.0095153137079989,1,0,2022-01-17,1940.0
Rajahmundry APMC,Swarna Masuri (New),2022-01-10,0.5,1960.0,1960.0,1960.0,1960.0,1960.0,1960.0,1938.857142857143,5.5120601757511575e-06,28.94785004068573,0.0,0.0,1.0,1.0109048040082522,1,0,2022-01-17,1960.0
Rajahmundry APMC,Swarna Masuri (New),2022-01-11,0.5,1960.0,1960.0,1960.0,1960.0,1960.0,1960.0,1944.0,5.5120601757511575e-06,25.395335731647386,0.0,0.0,1.0,1.008230452674897,1,1,2022-01-18,1960.0
Rajahmundry APMC,Paddy,2022-01-11,0.5,1940.0,1940.0,1940.0,1940.0,1940.0,1940.0,1926.857142857143,3.759662683014833e-06,25.34335641318436,0.0,0.0,1.0,1.006820877817319,1,1,2022-01-18,1940.0
Banaganapalli APMC,Sona Mahsuri,2022-01-11,1.0,1350.0,1750.0,1550.0,1650.0,1650.0,1628.571428571429,1614.2857142857142,48.7950036474277,60.21937915965018,-100.0,-100.0,0.9517543859649122,0.9601769911504424,1,1,2022-01-18,1550.0
Atmakur (Nandyal District) APMC,Sona Mahsuri,2022-01-11,0.01,1800.0,1800.0,1800.0,1800.0,1800.0,1800.0,1800.0,0.0,0.0,0.0,0.0,1.0,1.0,1,1,2022-01-18,1800.0
Atmakur (Nandyal District) APMC,Sona Mahsuri,2022-01-12,0.01,1800.0,1800.0,1800.0,1800.0,1800.0,1800.0,1800.0,0.0,0.0,0.0,0.0,1.0,1.0,1,2,2022-01-19,1800.0
Banaganapalli APMC,Sona Mahsuri,2022-01-12,1.0,1600.0,1800.0,1700.0,1550.0,1650.0,1614.2857142857142,1614.2857142857142,55.63486402641936,60.21937915965018,150.0,50.0,1.0530973451327434,1.0530973451327434,1,2,2022-01-19,1550.0
Rajahmundry APMC,Paddy,2022-01-12,0.5,1940.0,1940.0,1940.0,1940.0,1940.0,1940.0,1932.0,3.759662683014833e-06,18.989875845180176,0.0,0.0,1.0,1.0041407867494825,1,2,2022-01-19,1940.0
Rajahmundry APMC,Swarna Masuri (New),2022-01-12,0.5,1960.0,1960.0,1960.0,1960.0,1960.0,1960.0,1949.142857142857,5.5120601757511575e-06,19.872118631416992,0.0,0.0,1.0,1.005570214013486,1,2,2022-01-19,1960.0
Banaganapalli APMC,Sona Mahsuri,2022-01-13,1.0,1400.0,1800.0,1600.0,1700.0,1550.0,1621.428571428571,1625.0,63.62090102803584,61.23724356958024,-100.0,50.0,0.986784140969163,0.9846153846153848,1,3,2022-01-20,1550.0
Atmakur (Nandyal District) APMC,Sona Mahsuri,2022-01-14,0.01,1800.0,1800.0,1800.0,1800.0,1800.0,1800.0,1800.0,0.0,0.0,0.0,0.0,1.0,1.0,1,4,2022-01-21,1800.0
Banaganapalli APMC,Sona Mahsuri,2022-01-14,1.0,1500.0,1750.0,1600.0,1600.0,1700.0,1628.571428571429,1628.571428571429,56.694670951384914,57.89342235218484,0.0,-100.0,0.9824561403508772,0.9824561403508772,1,4,2022-01-21,1550.0
Atmakur (Nandyal District) APMC,Sona Mahsuri,2022-01-15,0.01,1800.0,1800.0,1800.0,1800.0,1800.0,1800.0,1800.0,0.0,0.0,0.0,0.0,1.0,1.0,1,5,2022-01-22,1800.0
Banaganapalli APMC,Sona Mahsuri,2022-01-15,1.0,1350.0,1750.0,1550.0,1600.0,1600.0,1614.2857142857142,1632.142857142857,47.55948656056788,54.09088810349007,-50.0,-50.0,0.9601769911504424,0.949671772428884,1,5,2022-01-22,1650.0
Atmakur (Nandyal District) APMC,Sona Mahsuri,2022-01-16,0.01,1800.0,1800.0,1800.0,1800.0,1800.0,1800.0,1800.0,0.0,0.0,0.0,0.0,1.0,1.0,1,6,2022-01-23,1800.0
Banaganapalli APMC,Sona Mahsuri,2022-01-16,1.0,1350.0,1750.0,1550.0,1550.0,1600.0,1607.142857142857,1621.428571428571,53.45224838248551,54.47047794019312,0.0,-50.0,0.9644444444444444,0.9559471365638768,1,6,2022-01-24,1550.0
Banaganapalli APMC,Sona Mahsuri,2022-01-17,1.0,1350.0,1750.0,1550.0,1550.0,1650.0,1600.0,1610.7142857142858,57.7350269189631,52.54511405439235,0.0,-100.0,0.96875,0.9623059866962306,1,0,2022-01-24,1550.0
Atmakur (Nandyal District) APMC,Sona Mahsuri,2022-01-17,0.01,1800.0,1800.0,1800.0,1800.0,1800.0,1800.0,1800.0,0.0,0.0,0.0,0.0,1.0,1.0,1,0,2022-01-24,1800.0
Atmakur (Nandyal District) APMC,Sona Mahsuri,2022-01-18,0.01,1800.0,1800.0,1800.0,1800.0,1800.0,1800.0,1800.0,0.0,0.0,0.0,0.0,1.0,1.0,1,1,2022-01-25,1800.0
Banaganapalli APMC,Sona Mahsuri,2022-01-18,1.0,1350.0,1750.0,1550.0,1550.0,1550.0,1585.7142857142858,1607.142857142857,55.63486402641906,54.97252060782832,0.0,0.0,0.9774774774774776,0.9644444444444444,1,1,2022-01-25,1650.0
Atmakur (Nandyal District) APMC,Sona Mahsuri,2022-01-19,0.01,1800.0,1800.0,1800.0,1800.0,1800.0,1800.0,1800.0,0.0,0.0,0.0,0.0,1.0,1.0,1,2,2022-01-26,1800.0
Banaganapalli APMC,Sona Mahsuri,2022-01-19,1.0,1350.0,1750.0,1550.0,1550.0,1700.0,1585.7142857142858,1600.0,55.63486402641906,55.47001962252367,0.0,-150.0,0.9774774774774776,0.96875,1,2,2022-01-26,1550.0
Chintalapudi APMC,1001,2022-01-19,1.0,1940.0,1960.0,1950.0,1950.0,1950.0,1950.0,1950.0,0.0,0.0,0.0,0.0,1.0,1.0,1,2,2022-01-29,1950.0
Rajahmundry APMC,Paddy,2022-01-19,0.5,1940.0,1940.0,1940.0,1940.0,1940.0,1940.0,1938.571428571429,3.759662683014833e-06,3.631365196008296,0.0,0.0,1.0,1.0007369196757554,1,2,2022-02-02,1940.0
Rajahmundry APMC,Swarna Masuri (New),2022-01-19,0.5,1960.0,1960.0,1960.0,1960.0,1960.0,1960.0,1957.142857142857,5.5120601757511575e-06,7.262730392026769,0.0,0.0,1.0,1.0014598540145985,1,2,2022-02-02,1960.0
Atmakur (Nandyal District) APMC,Sona Mahsuri,2022-01-20,0.01,1800.0,1800.0,1800.0,1800.0,1800.0,1800.0,1800.0,0.0,0.0,0.0,0.0,1.0,1.0,1,3,2022-01-27,1800.0
Banaganapalli APMC,Sona Mahsuri,2022-01-20,1.0,1350.0,1750.0,1550.0,1550.0,1600.0,1564.2857142857142,1592.857142857143,24.397501823713625,54.97252060782826,0.0,-50.0,0.9908675799086758,0.9730941704035876,1,3,2022-01-27,1550.0
Chintalapudi APMC,1001,2022-01-20,1.0,1940.0,1960.0,1950.0,1950.0,1950.0,1950.0,1950.0,0.0,0.0,0.0,0.0,1.0,1.0,1,3,2022-01-29,1950.0
Rajahmundry APMC,Paddy,2022-01-20,0.5,1940.0,1940.0,1940.0,1940.0,1940.0,1940.0,1939.2857142857144,3.759662683014833e-06,2.672612419118022,0.0,0.0,1.0,1.00036832412523,1,3,2022-02-02,1940.0
Rajahmundry APMC,Swarna Masuri (New),2022-01-20,0.5,1960.0,1960.0,1960.0,1960.0,1960.0,1960.0,1958.571428571429,5.5120601757511575e-06,5.345224838250185,0.0,0.0,1.0,1.0007293946024798,1,3,2022-02-02,1960.0
Rajahmundry APMC,Swarna Masuri (New),2022-01-21,0.5,1960.0,1960.0,1960.0,1960.0,1960.0,1960.0,1960.0,5.5120601757511575e-06,4.473617776440681e-06,0.0,0.0,1.0,1.0,1,4,2022-02-02,1960.0
Rajahmundry APMC,Paddy,2022-01-21,0.5,1940.0,1940.0,1940.0,1940.0,1940.0,1940.0,1940.0,3.759662683014833e-06,0.0,0.0,0.0,1.0,1.0,1,4,2022-02-02,1940.0
Banaganapalli APMC,Sona Mahsuri,2022-01-21,1.0,1350.0,1750.0,1550.0,1550.0,1600.0,1557.142857142857,1592.857142857143,18.89822365046153,54.97252060782826,0.0,-50.0,0.9954128440366972,0.9730941704035876,1,4,2022-01-28,1550.0
Atmakur (Nandyal District) APMC,Sona Mahsuri,2022-01-21,0.01,1800.0,1800.0,1800.0,1800.0,1800.0,1800.0,1800.0,0.0,0.0,0.0,0.0,1.0,1.0,1,4,2022-01-28,1800.0
Chintalapudi APMC,1001,2022-01-21,1.0,1940.0,1960.0,1950.0,1950.0,1950.0,1950.0,1950.0,0.0,0.0,0.0,0.0,1.0,1.0,1,4,2022-01-29,1950.0
Atmakur (Nandyal District) APMC,Sona Mahsuri,2022-01-22,0.01,1800.0,1800.0,1800.0,1800.0,1800.0,1800.0,1800.0,0.0,0.0,0.0,0.0,1.0,1.0,1,5,2022-01-29,1800.0
Banaganapalli APMC,Sona Mahsuri,2022-01-22,1.0,1450.0,1800.0,1650.0,1550.0,1550.0,1550.0,1582.142857142857,0.0,46.43913658320406,100.0,100.0,1.064516129032258,1.0428893905191874,1,5,2022-01-29,1700.0
Chintalapudi APMC,1001,2022-01-22,1.0,1940.0,1960.0,1950.0,1950.0,1950.0,1950.0,1950.0,0.0,0.0,0.0,0.0,1.0,1.0,1,5,2022-01-29,1950.0
Tanuku APMC,MTU-1010,2022-01-22,1.0,1960.0,1970.0,1970.0,1970.0,1970.0,1970.0,1969.2857142857144,0.0,2.672612419124263,0.0,0.0,1.0,1.0003627130939428,1,5,2022-01-31,1960.0
Atmakur (Nandyal District) APMC,Sona Mahsuri,2022-01-23,0.01,1800.0,1800.0,1800.0,1800.0,1800.0,1800.0,1800.0,0.0,0.0,0.0,0.0,1.0,1.0,1,6,2022-01-30,1800.0
Chintalapudi APMC,1001,2022-01-23,1.0,1940.0,1960.0,1950.0,1950.0,1950.0,1950.0,1950.0,0.0,0.0,0.0,0.0,1.0,1.0,1,6,2022-01-30,1950.0
Tanuku APMC,MTU-1010,2022-01-23,1.0,1960.0,1970.0,1970.0,1970.0,1970.0,1970.0,1969.2857142857144,0.0,2.672612419124263,0.0,0.0,1.0,1.0003627130939428,1,6,2022-01-31,1960.0
Tanuku APMC,MTU-1010,2022-01-24,1.0,1960.0,1970.0,1970.0,1970.0,1970.0,1970.0,1969.2857142857144,0.0,2.672612419124263,0.0,0.0,1.0,1.0003627130939428,1,0,2022-01-31,1960.0
Chintalapudi APMC,1001,2022-01-24,1.0,1940.0,1960.0,1950.0,1950.0,1950.0,1950.0,1950.0,0.0,0.0,0.0,0.0,1.0,1.0,1,0,2022-01-31,1950.0
Atmakur (Nandyal District) APMC,Sona Mahsuri,2022-01-24,0.01,1800.0,1800.0,1800.0,1800.0,1800.0,1800.0,1800.0,0.0,0.0,0.0,0.0,1.0,1.0,1,0,2022-01-31,1800.0
Banaganapalli APMC,Sona Mahsuri,2022-01-24,1.0,1350.0,1750.0,1550.0,1650.0,1550.0,1564.2857142857142,1585.7142857142858,37.796447300922736,49.72451580988546,-100.0,0.0,0.9908675799086758,0.9774774774774776,1,0,2022-01-31,1750.0
Atmakur (Nandyal District) APMC,Sona Mahsuri,2022-01-25,0.01,1800.0,1800.0,1800.0,1800.0,1800.0,1800.0,1800.0,0.0,0.0,0.0,0.0,1.0,1.0,1,1,2022-02-01,1800.0
Banaganapalli APMC,Sona Mahsuri,2022-01-25,1.0,1450.0,1800.0,1650.0,1550.0,1550.0,1564.2857142857142,1582.142857142857,37.796447300922736,50.41040360093209,100.0,100.0,1.0547945205479452,1.0428893905191874,1,1,2022-02-01,1650.0
Tanuku APMC,MTU-1010,2022-01-25,1.0,1960.0,1970.0,1970.0,1970.0,1970.0,1970.0,1969.2857142857144,0.0,2.672612419124263,0.0,0.0,1.0,1.0003627130939428,1,1,2022-02-01,1960.0
Atmakur (Nandyal District) APMC,Sona Mahsuri,2022-01-26,0.01,1800.0,1800.0,1800.0,1800.0,1800.0,1800.0,1800.0,0.0,0.0,0.0,0.0,1.0,1.0,1,2,2022-02-02,1800.0
Banaganapalli APMC,Sona Mahsuri,2022-01-26,1.0,1350.0,1750.0,1550.0,1650.0,1550.0,1578.571428571429,1582.142857142857,48.79500364742671,50.41040360093209,-100.0,0.0,0.9819004524886876,0.979683972911964,1,2,2022-02-02,1700.0
Tanuku APMC,MTU-1010,2022-01-26,1.0,1960.0,1970.0,1970.0,1970.0,1970.0,1970.0,1970.0,0.0,0.0,0.0,0.0,1.0,1.0,1,2,2022-02-02,1960.0
Tanuku APMC,MTU-1010,2022-01-27,1.0,1960.0,1970.0,1970.0,1970.0,1970.0,1970.0,1970.0,0.0,0.0,0.0,0.0,1.0,1.0,1,3,2022-02-03,1960.0
Atmakur (Nandyal District) APMC,Sona Mahsuri,2022-01-27,0.01,1800.0,1800.0,1800.0,1800.0,1800.0,1800.0,1800.0,0.0,0.0,0.0,0.0,1.0,1.0,1,3,2022-02-03,1800.0
Banaganapalli APMC,Sona Mahsuri,2022-01-27,1.0,1350.0,1750.0,1550.0,1550.0,1550.0,1578.571428571429,1582.142857142857,48.79500364742672,50.41040360093209,0.0,0.0,0.9819004524886876,0.979683972911964,1,3,2022-02-03,1750.0
Banaganapalli APMC,Sona Mahsuri,2022-01-28,1.0,1350.0,1750.0,1550.0,1550.0,1550.0,1578.571428571429,1571.428571428571,48.79500364742672,37.79644730092373,0.0,0.0,0.9819004524886876,0.9863636363636364,1,4,2022-02-04,1550.0
Tanuku APMC,MTU-1010,2022-01-28,1.0,1960.0,1970.0,1970.0,1970.0,1970.0,1970.0,1970.0,0.0,0.0,0.0,0.0,1.0,1.0,1,4,2022-02-04,1960.0
Atmakur (Nandyal District) APMC,Sona Mahsuri,2022-01-28,0.01,1800.0,1800.0,1800.0,1800.0,1800.0,1800.0,1800.0,0.0,0.0,0.0,0.0,1.0,1.0,1,4,2022-02-04,1800.0
Chintalapudi APMC,1001,2022-01-29,1.0,1940.0,1960.0,1950.0,1950.0,1950.0,1950.0,1950.0,0.0,0.0,0.0,0.0,1.0,1.0,1,5,2022-02-05,1950.0
Atmakur (Nandyal District) APMC,Sona Mahsuri,2022-01-29,0.01,1800.0,1800.0,1800.0,1800.0,1800.0,1800.0,1800.0,0.0,0.0,0.0,0.0,1.0,1.0,1,5,2022-02-05,1800.0
Banaganapalli APMC,Sona Mahsuri,2022-01-29,1.0,1500.0,1850.0,1700.0,1550.0,1550.0,1578.571428571429,1567.857142857143,48.79500364742672,37.24731718342562,150.0,150.0,1.0769230769230769,1.0842824601366745,1,5,2022-02-05,1650.0
Atmakur (Nandyal District) APMC,Sona Mahsuri,2022-01-30,0.01,1800.0,1800.0,1800.0,1800.0,1800.0,1800.0,1800.0,0.0,0.0,0.0,0.0,1.0,1.0,1,6,2022-02-06,1800.0
Banaganapalli APMC,Sona Mahsuri,2022-01-30,1.0,1500.0,1900.0,1700.0,1700.0,1650.0,1600.0,1575.0,64.54972243679035,50.95246653650756,0.0,50.0,1.0625,1.0793650793650793,1,6,2022-02-06,1750.0
Chintalapudi APMC,1001,2022-01-30,1.0,1940.0,1960.0,1950.0,1950.0,1950.0,1950.0,1950.0,0.0,0.0,0.0,0.0,1.0,1.0,1,6,2022-02-06,1950.0
Atmakur (Nandyal District) APMC,Sona Mahsuri,2022-01-31,0.01,1800.0,1800.0,1800.0,1800.0,1800.0,1800.0,1800.0,0.0,0.0,0.0,0.0,1.0,1.0,1,0,2022-02-07,1800.0
Banaganapalli APMC,Sona Mahsuri,2022-01-31,1.0,1500.0,2000.0,1750.0,1700.0,1550.0,1607.142857142857,1585.7142857142858,73.19250547114004,60.21937915965011,50.0,200.0,1.088888888888889,1.1036036036036037,1,0,2022-02-07,1750.0
Chintalapudi APMC,1001,2022-01-31,1.0,1940.0,1960.0,1950.0,1950.0,1950.0,1950.0,1950.0,0.0,0.0,0.0,0.0,1.0,1.0,1,0,2022-02-07,1950.0
Tanuku APMC,MTU-1010,2022-01-31,1.0,1950.0,1970.0,1960.0,1970.0,1970.0,1970.0,1970.0,0.0,0.0,-10.0,-10.0,0.9949238578680204,0.9949238578680204,1,0,2022-02-07,1970.0
Atmakur (Nandyal District) APMC,Sona Mahsuri,2022-02-01,0.01,1800.0,1800.0,1800.0,1800.0,1800.0,1800.0,1800.0,0.0,0.0,0.0,0.0,1.0,1.0,2,1,2022-02-08,1800.0
Banaganapalli APMC,Sona Mahsuri,2022-02-01,1.0,1450.0,1850.0,1650.0,1750.0,1650.0,1635.7142857142858,1600.0,85.21681032463476,73.37993857053479,-100.0,0.0,1.0087336244541485,1.03125,2,1,2022-02-08,1700.0
Chintalapudi APMC,1001,2022-02-01,1.0,1940.0,1960.0,1950.0,1950.0,1950.0,1950.0,1950.0,0.0,0.0,0.0,0.0,1.0,1.0,2,1,2022-02-08,1950.0
Tanuku APMC,MTU-1010,2022-02-01,1.0,1960.0,1970.0,1960.0,1960.0,1970.0,1968.571428571429,1969.2857142857144,3.779644730092294,2.6726124191242344,0.0,-10.0,0.995645863570392,0.995284729778745,2,1,2022-02-08,1970.0
Tanuku APMC,MTU-1010,2022-02-02,1.0,1950.0,1970.0,1960.0,1960.0,1970.0,1967.142857142857,1968.571428571429,4.879500364742736,3.631365196012777,0.0,-10.0,0.9963689179375456,0.995645863570392,2,2,2022-02-09,1970.0
Rajahmundry APMC,Swarna Masuri (New),2022-02-02,0.5,1960.0,1960.0,1960.0,1960.0,1960.0,1960.0,1960.0,5.5120601757511575e-06,4.473617776440681e-06,0.0,0.0,1.0,1.0,2,2,2022-02-13,1960.0
Rajahmundry APMC,Paddy,2022-02-02,0.5,1940.0,1940.0,1940.0,1940.0,1940.0,1940.0,1940.0,3.759662683014833e-06,0.0,0.0,0.0,1.0,1.0,2,2,2022-02-13,1940.0
Banaganapalli APMC,Sona Mahsuri,2022-02-02,1.0,1500.0,1900.0,1700.0,1650.0,1550.0,1635.7142857142858,1607.142857142857,85.21681032463476,73.00459115473768,50.0,150.0,1.039301310043668,1.0577777777777777,2,2,2022-02-09,1550.0
Atmakur (Nandyal District) APMC,Sona Mahsuri,2022-02-02,0.01,1800.0,1800.0,1800.0,1800.0,1800.0,1800.0,1800.0,0.0,0.0,0.0,0.0,1.0,1.0,2,2,2022-02-09,1800.0
Chintalapudi APMC,1001,2022-02-02,1.0,1940.0,1960.0,1950.0,1950.0,1950.0,1950.0,1950.0,0.0,0.0,0.0,0.0,1.0,1.0,2,2,2022-02-09,1950.0
Atmakur (Nandyal District) APMC,Sona Mahsuri,2022-02-03,0.01,1800.0,1800.0,1800.0,1800.0,1800.0,1800.0,1800.0,0.0,0.0,0.0,0.0,1.0,1.0,2,3,2022-02-10,1800.0
Banaganapalli APMC,Sona Mahsuri,2022-02-03,1.0,1500.0,2000.0,1750.0,1700.0,1550.0,1657.142857142857,1617.857142857143,78.67957924694448,74.95419846901136,50.0,200.0,1.0560344827586208,1.0816777041942605,2,3,2022-02-10,1550.0
Chintalapudi APMC,1001,2022-02-03,1.0,1940.0,1960.0,1950.0,1950.0,1950.0,1950.0,1950.0,0.0,0.0,0.0,0.0,1.0,1.0,2,3,2022-02-10,1950.0
Rajahmundry APMC,Paddy,2022-02-03,0.5,1940.0,1940.0,1940.0,1940.0,1940.0,1940.0,1940.0,3.759662683014833e-06,0.0,0.0,0.0,1.0,1.0,2,3,2022-02-13,1940.0
Rajahmundry APMC,Swarna Masuri (New),2022-02-03,0.5,1960.0,1960.0,1960.0,1960.0,1960.0,1960.0,1960.0,5.5120601757511575e-06,4.473617776440681e-06,0.0,0.0,1.0,1.0,2,3,2022-02-13,1960.0
Tanuku APMC,MTU-1010,2022-02-03,1.0,1950.0,1970.0,1960.0,1960.0,1970.0,1965.7142857142856,1967.857142857143,5.345224838248632,4.258153136263142,0.0,-10.0,0.997093023255814,0.9960072595281306,2,3,2022-02-10,1970.0
Rajahmundry APMC,Swarna Masuri (New),2022-02-04,0.5,1960.0,1960.0,1960.0,1960.0,1960.0,1960.0,1960.0,5.5120601757511575e-06,4.473617776440681e-06,0.0,0.0,1.0,1.0,2,4,2022-02-13,1960.0
Tanuku APMC,MTU-1010,2022-02-04,1.0,1940.0,1970.0,1960.0,1960.0,1970.0,1964.2857142857144,1967.142857142857,5.345224838248746,4.688072309384858,0.0,-10.0,0.9978181818181818,0.9963689179375456,2,4,2022-02-11,1970.0
Rajahmundry APMC,Paddy,2022-02-04,0.5,1940.0,1940.0,1940.0,1940.0,1940.0,1940.0,1940.0,3.759662683014833e-06,0.0,0.0,0.0,1.0,1.0,2,4,2022-02-13,1940.0
Chintalapudi APMC,1001,2022-02-04,1.0,1940.0,1960.0,1950.0,1950.0,1950.0,1950.0,1950.0,0.0,0.0,0.0,0.0,1.0,1.0,2,4,2022-02-11,1950.0
Banaganapalli APMC,Sona Mahsuri,2022-02-04,1.0,1350.0,1750.0,1550.0,1750.0,1550.0,1685.7142857142858,1632.142857142857,69.0065559342357,79.92097745500064,-200.0,0.0,0.9194915254237288,0.949671772428884,2,4,2022-02-11,1550.0
Atmakur (Nandyal District) APMC,Sona Mahsuri,2022-02-04,0.01,1800.0,1800.0,1800.0,1800.0,1800.0,1800.0,1800.0,0.0,0.0,0.0,0.0,1.0,1.0,2,4,2022-02-11,1800.0
Atmakur (Nandyal District) APMC,Sona Mahsuri,2022-02-05,0.01,1800.0,1800.0,1800.0,1800.0,1800.0,1800.0,1800.0,0.0,0.0,0.0,0.0,1.0,1.0,2,5,2022-02-12,1800.0
Banaganapalli APMC,Sona Mahsuri,2022-02-05,1.0,1500.0,1800.0,1650.0,1550.0,1700.0,1685.7142857142858,1632.142857142857,69.0065559342357,79.92097745500064,100.0,-50.0,0.9788135593220338,1.0109409190371992,2,5,2022-02-12,1600.0
Chintalapudi APMC,1001,2022-02-05,1.0,1940.0,1960.0,1950.0,1950.0,1950.0,1950.0,1950.0,0.0,0.0,0.0,0.0,1.0,1.0,2,5,2022-02-15,1950.0
Rajahmundry APMC,Paddy,2022-02-05,0.5,1940.0,1940.0,1940.0,1940.0,1940.0,1940.0,1940.0,3.759662683014833e-06,0.0,0.0,0.0,1.0,1.0,2,5,2022-02-13,1940.0
Rajahmundry APMC,Swarna Masuri (New),2022-02-05,0.5,1960.0,1960.0,1960.0,1960.0,1960.0,1960.0,1960.0,5.5120601757511575e-06,4.473617776440681e-06,0.0,0.0,1.0,1.0,2,5,2022-02-13,1960.0
Tanuku APMC,MTU-1010,2022-02-05,1.0,1940.0,1970.0,1960.0,1960.0,1970.0,1962.857142857143,1966.4285714285716,4.879500364743064,4.972451580988337,0.0,-10.0,0.9985443959243084,0.996730839084635,2,5,2022-02-16,1970.0
Atmakur (Nandyal District) APMC,Sona Mahsuri,2022-02-06,0.01,1800.0,1800.0,1800.0,1800.0,1800.0,1800.0,1800.0,0.0,0.0,0.0,0.0,1.0,1.0,2,6,2022-02-13,1800.0
Banaganapalli APMC,Sona Mahsuri,2022-02-06,1.0,1600.0,1900.0,1750.0,1650.0,1700.0,1678.571428571429,1639.2857142857142,69.86381310057745,76.4062306877664,100.0,50.0,1.0425531914893615,1.067538126361656,2,6,2022-02-13,1600.0
Chintalapudi APMC,1001,2022-02-06,1.0,1940.0,1960.0,1950.0,1950.0,1950.0,1950.0,1950.0,0.0,0.0,0.0,0.0,1.0,1.0,2,6,2022-02-15,1950.0
Tanuku APMC,MTU-1010,2022-02-06,1.0,1940.0,1970.0,1960.0,1960.0,1970.0,1961.4285714285716,1965.7142857142856,3.779644730092904,5.135525910130771,0.0,-10.0,0.9992716678805535,0.997093023255814,2,6,2022-02-16,1970.0
Tanuku APMC,MTU-1010,2022-02-07,1.0,1950.0,1970.0,1970.0,1960.0,1960.0,1960.0,1965.0,2.4537044336419068e-06,5.18874521662747,10.0,10.0,1.0051020408163265,1.0025445292620865,2,0,2022-02-16,1970.0
Chintalapudi APMC,1001,2022-02-07,1.0,1940.0,1960.0,1950.0,1950.0,1950.0,1950.0,1950.0,0.0,0.0,0.0,0.0,1.0,1.0,2,0,2022-02-15,1950.0
Atmakur (Nandyal District) APMC,Sona Mahsuri,2022-02-07,0.01,1800.0,1800.0,1800.0,1800.0,1800.0,1800.0,1800.0,0.0,0.0,0.0,0.0,1.0,1.0,2,0,2022-02-14,1800.0
Banaganapalli APMC,Sona Mahsuri,2022-02-07,1.0,1600.0,1900.0,1750.0,1750.0,1750.0,1685.7142857142858,1646.428571428571,74.80132415430984,81.95750708161553,0.0,0.0,1.0381355932203389,1.0629067245119306,2,0,2022-02-14,1600.0
Atmakur (Nandyal District) APMC,Sona Mahsuri,2022-02-08,0.01,1800.0,1800.0,1800.0,1800.0,1800.0,1800.0,1800.0,0.0,0.0,0.0,0.0,1.0,1.0,2,1,2022-02-15,1800.0
Banaganapalli APMC,Sona Mahsuri,2022-02-08,1.0,1500.0,1900.0,1700.0,1750.0,1650.0,1685.7142857142858,1660.7142857142858,74.80132415430984,81.28433340529376,-50.0,50.0,1.0084745762711864,1.0236559139784946,2,1,2022-02-16,1650.0
Chintalapudi APMC,1001,2022-02-08,1.0,1940.0,1960.0,1950.0,1950.0,1950.0,1950.0,1950.0,0.0,0.0,0.0,0.0,1.0,1.0,2,1,2022-02-15,1950.0
Tanuku APMC,MTU-1010,2022-02-08,1.0,1960.0,1970.0,1970.0,1970.0,1960.0,1961.4285714285716,1965.0,3.779644730092904,5.18874521662747,0.0,10.0,1.004369992716679,1.0025445292620865,2,1,2022-02-16,1970.0
Tanuku APMC,MTU-1010,2022-02-09,1.0,1960.0,1970.0,1970.0,1970.0,1960.0,1962.857142857143,1965.0,4.879500364743064,5.18874521662747,0.0,10.0,1.0036390101892283,1.0025445292620865,2,2,2022-02-16,1970.0
Atmakur (Nandyal District) APMC,Sona Mahsuri,2022-02-09,0.01,1800.0,1800.0,1800.0,1800.0,1800.0,1800.0,1800.0,0.0,0.0,0.0,0.0,1.0,1.0,2,2,2022-02-16,1800.0
Banaganapalli APMC,Sona Mahsuri,2022-02-09,1.0,1450.0,1800.0,1550.0,1700.0,1700.0,1692.857142857143,1664.2857142857142,73.19250547114032,81.87366306265284,-150.0,-150.0,0.9156118143459916,0.9313304721030043,2,2,2022-02-16,1650.0
Chintalapudi APMC,1001,2022-02-09,1.0,1940.0,1960.0,1950.0,1950.0,1950.0,1950.0,1950.0,0.0,0.0,0.0,0.0,1.0,1.0,2,2,2022-02-16,1950.0
Tanuku APMC,MTU-1010,2022-02-10,1.0,1960.0,1970.0,1970.0,1970.0,1960.0,1964.2857142857144,1965.0,5.345224838248746,5.18874521662747,0.0,10.0,1.002909090909091,1.0025445292620865,2,3,2022-02-17,1970.0
Chintalapudi APMC,1001,2022-02-10,1.0,1940.0,1960.0,1950.0,1950.0,1950.0,1950.0,1950.0,0.0,0.0,0.0,0.0,1.0,1.0,2,3,2022-02-17,1950.0
Atmakur (Nandyal District) APMC,Sona Mahsuri,2022-02-10,0.01,1800.0,1800.0,1800.0,1800.0,1800.0,1800.0,1800.0,0.0,0.0,0.0,0.0,1.0,1.0,2,3,2022-02-17,1800.0
Banaganapalli APMC,Sona Mahsuri,2022-02-10,1.0,1350.0,1750.0,1550.0,1550.0,1750.0,1671.428571428571,1664.2857142857142,90.63269671749669,81.87366306265285,0.0,-200.0,0.9273504273504274,0.9313304721030043,2,3,2022-02-17,1650.0
Atmakur (Nandyal District) APMC,Sona Mahsuri,2022-02-11,0.01,1800.0,1800.0,1800.0,1800.0,1800.0,1800.0,1800.0,0.0,0.0,0.0,0.0,1.0,1.0,2,4,2022-02-18,1800.0
Banaganapalli APMC,Sona Mahsuri,2022-02-11,1.0,1350.0,1750.0,1550.0,1550.0,1550.0,1642.857142857143,1664.2857142857142,93.22272357358034,81.87366306265285,0.0,0.0,0.9434782608695652,0.9313304721030043,2,4,2022-02-18,1650.0
Chintalapudi APMC,1001,2022-02-11,1.0,1940.0,1960.0,1950.0,1950.0,1950.0,1950.0,1950.0,0.0,0.0,0.0,0.0,1.0,1.0,2,4,2022-02-18,1950.0
Tanuku APMC,MTU-1010,2022-02-11,1.0,1960.0,1980.0,1970.0,1970.0,1960.0,1965.7142857142856,1965.0,5.345224838248632,5.18874521662747,0.0,10.0,1.0021802325581397,1.0025445292620865,2,4,2022-02-18,1970.0
Atmakur (Nandyal District) APMC,Sona Mahsuri,2022-02-12,0.01,1800.0,1800.0,1800.0,1800.0,1800.0,1800.0,1800.0,0.0,0.0,0.0,0.0,1.0,1.0,2,5,2022-02-19,1800.0
Banaganapalli APMC,Sona Mahsuri,2022-02-12,1.0,1400.0,1800.0,1600.0,1550.0,1650.0,1642.857142857143,1664.2857142857142,93.22272357358034,81.87366306265285,50.0,-50.0,0.9739130434782608,0.96137339055794,2,5,2022-02-19,1600.0
Atmakur (Nandyal District) APMC,Sona Mahsuri,2022-02-13,0.01,1800.0,1800.0,1800.0,1800.0,1800.0,1800.0,1800.0,0.0,0.0,0.0,0.0,1.0,1.0,2,6,2022-02-20,1800.0
Banaganapalli APMC,Sona Mahsuri,2022-02-13,1.0,1400.0,1800.0,1600.0,1600.0,1750.0,1635.7142857142858,1657.142857142857,94.49111825230663,82.87419301647509,0.0,-150.0,0.9781659388646288,0.9655172413793104,2,6,2022-02-20,1600.0
Rajahmundry APMC,Paddy,2022-02-13,0.5,1940.0,1940.0,1940.0,1940.0,1940.0,1940.0,1940.0,3.759662683014833e-06,0.0,0.0,0.0,1.0,1.0,2,6,2022-02-23,1940.0
Rajahmundry APMC,Swarna Masuri (New),2022-02-13,0.5,1960.0,1960.0,1960.0,1960.0,1960.0,1960.0,1960.0,5.5120601757511575e-06,4.473617776440681e-06,0.0,0.0,1.0,1.0,2,6,2022-02-23,1960.0
Rajahmundry APMC,Paddy,2022-02-14,0.5,1940.0,1940.0,1940.0,1940.0,1940.0,1940.0,1940.0,3.759662683014833e-06,0.0,0.0,0.0,1.0,1.0,2,0,2022-02-23,1940.0
Rajahmundry APMC,Swarna Masuri (New),2022-02-14,0.5,1960.0,1960.0,1960.0,1960.0,1960.0,1960.0,1960.0,5.5120601757511575e-06,4.473617776440681e-06,0.0,0.0,1.0,1.0,2,0,2022-02-23,1960.0
Atmakur (Nandyal District) APMC,Sona Mahsuri,2022-02-14,0.01,1800.0,1800.0,1800.0,1800.0,1800.0,1800.0,1800.0,0.0,0.0,0.0,0.0,1.0,1.0,2,0,2022-02-21,1800.0
Banaganapalli APMC,Sona Mahsuri,2022-02-14,1.0,1400.0,1800.0,1600.0,1600.0,1750.0,1614.2857142857142,1650.0,80.17837257372695,83.20502943378497,0.0,-150.0,0.991150442477876,0.9696969696969696,2,0,2022-02-21,1650.0
Atmakur (Nandyal District) APMC,Sona Mahsuri,2022-02-15,0.01,1800.0,1800.0,1800.0,1800.0,1800.0,1800.0,1800.0,0.0,0.0,0.0,0.0,1.0,1.0,2,1,2022-02-22,1800.0
Chintalapudi APMC,1001,2022-02-15,1.0,1940.0,1960.0,1950.0,1950.0,1950.0,1950.0,1950.0,0.0,0.0,0.0,0.0,1.0,1.0,2,1,2022-02-22,1950.0
Rajahmundry APMC,Paddy,2022-02-15,0.5,1940.0,1940.0,1940.0,1940.0,1940.0,1940.0,1940.0,3.759662683014833e-06,0.0,0.0,0.0,1.0,1.0,2,1,2022-02-23,1940.0
Rajahmundry APMC,Swarna Masuri (New),2022-02-15,0.5,1960.0,1960.0,1960.0,1960.0,1960.0,1960.0,1960.0,5.5120601757511575e-06,4.473617776440681e-06,0.0,0.0,1.0,1.0,2,1,2022-02-23,1960.0
Rajahmundry APMC,Swarna Masuri (New),2022-02-16,0.5,1960.0,1960.0,1960.0,1960.0,1960.0,1960.0,1960.0,5.5120601757511575e-06,4.473617776440681e-06,0.0,0.0,1.0,1.0,2,2,2022-02-23,1960.0
Atmakur (Nandyal District) APMC,Sona Mahsuri,2022-02-16,0.01,1800.0,1800.0,1800.0,1800.0,1800.0,1800.0,1800.0,0.0,0.0,0.0,0.0,1.0,1.0,2,2,2022-02-23,1800.0
Banaganapalli APMC,Sona Mahsuri,2022-02-16,1.0,1500.0,1800.0,1650.0,1600.0,1700.0,1592.857142857143,1639.2857142857142,53.45224838248407,78.88299862788924,50.0,-50.0,1.0358744394618833,1.0065359477124185,2,2,2022-02-23,1600.0
Chintalapudi APMC,1001,2022-02-16,1.0,1940.0,1960.0,1950.0,1950.0,1950.0,1950.0,1950.0,0.0,0.0,0.0,0.0,1.0,1.0,2,2,2022-02-23,1950.0
Rajahmundry APMC,Paddy,2022-02-16,0.5,1940.0,1940.0,1940.0,1940.0,1940.0,1940.0,1940.0,3.759662683014833e-06,0.0,0.0,0.0,1.0,1.0,2,2,2022-02-23,1940.0
Tanuku APMC,MTU-1010,2022-02-16,1.0,1960.0,1980.0,1970.0,1970.0,1960.0,1967.142857142857,1965.0,4.879500364742736,5.18874521662747,0.0,10.0,1.001452432824982,1.0025445292620865,2,2,2022-02-23,1970.0
Banaganapalli APMC,Sona Mahsuri,2022-02-17,1.0,1500.0,1800.0,1650.0,1650.0,1550.0,1585.7142857142858,1639.2857142857142,37.79644730092149,78.88299862788924,0.0,100.0,1.0405405405405406,1.0065359477124185,2,3,2022-02-24,1600.0
Tanuku APMC,MTU-1010,2022-02-17,1.0,1960.0,1980.0,1970.0,1970.0,1960.0,1968.571428571429,1965.0,3.779644730092294,5.18874521662747,0.0,10.0,1.0007256894049346,1.0025445292620865,2,3,2022-02-24,1970.0
Rajahmundry APMC,Swarna Masuri (New),2022-02-17,0.5,1940.0,1940.0,1940.0,1960.0,1960.0,1960.0,1960.0,5.5120601757511575e-06,4.473617776440681e-06,-20.0,-20.0,0.9897959183673468,0.9897959183673468,2,3,2022-02-24,1960.0
Atmakur (Nandyal District) APMC,Sona Mahsuri,2022-02-17,0.01,1800.0,1800.0,1800.0,1800.0,1800.0,1800.0,1800.0,0.0,0.0,0.0,0.0,1.0,1.0,2,3,2022-02-24,1800.0
Chintalapudi APMC,1001,2022-02-17,1.0,1940.0,1960.0,1950.0,1950.0,1950.0,1950.0,1950.0,0.0,0.0,0.0,0.0,1.0,1.0,2,3,2022-02-25,1950.0
Rajahmundry APMC,Paddy,2022-02-17,0.5,1960.0,1960.0,1960.0,1940.0,1940.0,1940.0,1940.0,3.759662683014833e-06,0.0,20.0,20.0,1.0103092783505154,1.0103092783505154,2,3,2022-02-24,1940.0
Atmakur (Nandyal District) APMC,Sona Mahsuri,2022-02-18,0.01,1800.0,1800.0,1800.0,1800.0,1800.0,1800.0,1800.0,0.0,0.0,0.0,0.0,1.0,1.0,2,4,2022-02-26,1800.0
Banaganapalli APMC,Sona Mahsuri,2022-02-18,1.0,1500.0,1800.0,1650.0,1650.0,1550.0,1600.0,1635.7142857142858,40.82482904638528,77.03288865196501,0.0,100.0,1.03125,1.0087336244541485,2,4,2022-02-25,1700.0
Chintalapudi APMC,1001,2022-02-18,1.0,1940.0,1960.0,1950.0,1950.0,1950.0,1950.0,1950.0,0.0,0.0,0.0,0.0,1.0,1.0,2,4,2022-02-25,1950.0
Rajahmundry APMC,Paddy,2022-02-18,0.5,1960.0,1960.0,1960.0,1960.0,1940.0,1942.857142857143,1941.4285714285716,7.559289460185658,5.345224838248502,0.0,20.0,1.008823529411765,1.0095658572479764,2,4,2022-02-25,1940.0
Rajahmundry APMC,Swarna Masuri (New),2022-02-18,0.5,1940.0,1940.0,1940.0,1940.0,1960.0,1957.142857142857,1958.571428571429,7.559289460186547,5.345224838250185,0.0,-20.0,0.9912408759124088,0.9905178701677608,2,4,2022-02-25,1960.0
Tanuku APMC,MTU-1010,2022-02-18,1.0,1960.0,1980.0,1970.0,1970.0,1970.0,1970.0,1965.0,0.0,5.18874521662747,0.0,0.0,1.0,1.0025445292620865,2,4,2022-02-25,1970.0
Tanuku APMC,MTU-1010,2022-02-19,1.0,1960.0,1980.0,1970.0,1970.0,1970.0,1970.0,1965.7142857142856,0.0,5.135525910130795,0.0,0.0,1.0,1.0021802325581397,2,5,2022-02-26,1970.0
Rajahmundry APMC,Swarna Masuri (New),2022-02-19,0.5,1940.0,1940.0,1940.0,1940.0,1960.0,1954.2857142857144,1957.142857142857,9.75900072948685,7.262730392026769,0.0,-20.0,0.9926900584795322,0.9912408759124088,2,5,2022-02-26,1960.0
Rajahmundry APMC,Paddy,2022-02-19,0.5,1960.0,1960.0,1960.0,1960.0,1940.0,1945.7142857142856,1942.857142857143,9.75900072948634,7.26273039202567,0.0,20.0,1.0073421439060206,1.008823529411765,2,5,2022-02-26,1940.0
Banaganapalli APMC,Sona Mahsuri,2022-02-19,1.0,1400.0,1800.0,1600.0,1650.0,1550.0,1614.2857142857142,1628.571428571429,37.79644730092173,69.92932067530754,-50.0,50.0,0.991150442477876,0.9824561403508772,2,5,2022-02-26,1600.0
Atmakur (Nandyal District) APMC,Sona Mahsuri,2022-02-19,0.01,1800.0,1800.0,1800.0,1800.0,1800.0,1800.0,1800.0,0.0,0.0,0.0,0.0,1.0,1.0,2,5,2022-02-26,1800.0
Chintalapudi APMC,1001,2022-02-19,1.0,1940.0,1960.0,1950.0,1950.0,1950.0,1950.0,1950.0,0.0,0.0,0.0,0.0,1.0,1.0,2,5,2022-02-26,1950.0
Atmakur (Nandyal District) APMC,Sona Mahsuri,2022-02-20,0.01,1800.0,1800.0,1800.0,1800.0,1800.0,1800.0,1800.0,0.0,0.0,0.0,0.0,1.0,1.0,2,6,2022-02-27,1800.0
Banaganapalli APMC,Sona Mahsuri,2022-02-20,1.0,1400.0,1800.0,1600.0,1600.0,1600.0,1621.428571428571,1632.142857142857,26.726124191241144,66.8153104781069,0.0,0.0,0.986784140969163,0.9803063457330417,2,6,2022-02-27,1750.0
Chintalapudi APMC,1001,2022-02-20,1.0,1940.0,1960.0,1950.0,1950.0,1950.0,1950.0,1950.0,0.0,0.0,0.0,0.0,1.0,1.0,2,6,2022-02-27,1950.0
Tanuku APMC,MTU-1010,2022-02-20,1.0,1960.0,1980.0,1970.0,1970.0,1970.0,1970.0,1966.4285714285716,0.0,4.9724515809883965,0.0,0.0,1.0,1.0018162005085365,2,6,2022-02-28,1970.0
Tanuku APMC,MTU-1010,2022-02-21,1.0,1960.0,1980.0,1970.0,1970.0,1970.0,1970.0,1967.142857142857,0.0,4.68807230938498,0.0,0.0,1.0,1.001452432824982,2,0,2022-02-28,1970.0
Atmakur (Nandyal District) APMC,Sona Mahsuri,2022-02-21,0.01,1800.0,1800.0,1800.0,1800.0,1800.0,1800.0,1800.0,0.0,0.0,0.0,0.0,1.0,1.0,2,0,2022-02-28,1800.0
Banaganapalli APMC,Sona Mahsuri,2022-02-21,1.0,1500.0,1800.0,1650.0,1600.0,1600.0,1621.428571428571,1628.571428571429,26.726124191241144,67.1229804574753,50.0,50.0,1.0176211453744497,1.013157894736842,2,0,2022-02-28,1850.0
Chintalapudi APMC,1001,2022-02-21,1.0,1940.0,1960.0,1950.0,1950.0,1950.0,1950.0,1950.0,0.0,0.0,0.0,0.0,1.0,1.0,2,0,2022-02-28,1950.0
Banaganapalli APMC,Sona Mahsuri,2022-02-22,1.0,1500.0,1800.0,1650.0,1650.0,1600.0,1628.571428571429,1621.428571428571,26.726124191241254,57.89342235218484,0.0,50.0,1.013157894736842,1.0176211453744497,2,1,2022-03-01,1850.0
Chintalapudi APMC,1001,2022-02-22,1.0,1940.0,1960.0,1950.0,1950.0,1950.0,1950.0,1950.0,0.0,0.0,0.0,0.0,1.0,1.0,2,1,2022-03-01,1950.0
Atmakur (Nandyal District) APMC,Sona Mahsuri,2022-02-22,0.01,1800.0,1800.0,1800.0,1800.0,1800.0,1800.0,1800.0,0.0,0.0,0.0,0.0,1.0,1.0,2,1,2022-03-01,1800.0
Tanuku APMC,MTU-1010,2022-02-22,1.0,1960.0,1980.0,1970.0,1970.0,1970.0,1970.0,1967.857142857143,0.0,4.2581531362633545,0.0,0.0,1.0,1.0010889292196008,2,1,2022-03-01,1970.0
Tanuku APMC,MTU-1010,2022-02-23,1.0,1960.0,1980.0,1970.0,1970.0,1970.0,1970.0,1968.571428571429,0.0,3.631365196013146,0.0,0.0,1.0,1.0007256894049346,2,2,2022-03-02,1970.0
Rajahmundry APMC,Paddy,2022-02-23,0.5,1940.0,1940.0,1940.0,1960.0,1940.0,1948.571428571429,1944.2857142857144,10.690449676498003,8.516306272526478,-20.0,0.0,0.995601173020528,0.9977957384276268,2,2,2022-03-02,1940.0
Rajahmundry APMC,Swarna Masuri (New),2022-02-23,0.5,1960.0,1960.0,1960.0,1940.0,1960.0,1951.4285714285716,1955.7142857142856,10.690449676498336,8.516306272527297,20.0,0.0,1.0043923865300146,1.0021913805697589,2,2,2022-03-02,1960.0
Banaganapalli APMC,Sona Mahsuri,2022-02-23,1.0,1400.0,1800.0,1600.0,1650.0,1650.0,1635.7142857142858,1614.2857142857142,24.39750182371213,45.69367667316988,-50.0,-50.0,0.9781659388646288,0.991150442477876,2,2,2022-03-02,1800.0
Atmakur (Nandyal District) APMC,Sona Mahsuri,2022-02-23,0.01,1800.0,1800.0,1800.0,1800.0,1800.0,1800.0,1800.0,0.0,0.0,0.0,0.0,1.0,1.0,2,2,2022-03-02,1800.0
Chintalapudi APMC,1001,2022-02-23,1.0,1940.0,1960.0,1950.0,1950.0,1950.0,1950.0,1950.0,0.0,0.0,0.0,0.0,1.0,1.0,2,2,2022-03-02,1950.0
Atmakur (Nandyal District) APMC,Sona Mahsuri,2022-02-24,0.01,1800.0,1800.0,1800.0,1800.0,1800.0,1800.0,1800.0,0.0,0.0,0.0,0.0,1.0,1.0,2,3,2022-03-03,1800.0
Banaganapalli APMC,Sona Mahsuri,2022-02-24,1.0,1400.0,1800.0,1600.0,1600.0,1650.0,1628.571428571429,1607.142857142857,26.72612419124126,38.51644432598346,0.0,-50.0,0.9824561403508772,0.9955555555555556,2,3,2022-03-03,1700.0
Rajahmundry APMC,Paddy,2022-02-24,0.5,1940.0,1940.0,1940.0,1940.0,1940.0,1948.571428571429,1944.2857142857144,10.690449676498003,8.516306272526478,0.0,0.0,0.995601173020528,0.9977957384276268,2,3,2022-03-03,1940.0
Rajahmundry APMC,Swarna Masuri (New),2022-02-24,0.5,1960.0,1960.0,1960.0,1960.0,1960.0,1951.4285714285716,1955.7142857142856,10.690449676498336,8.516306272527297,0.0,0.0,1.0043923865300146,1.0021913805697589,2,3,2022-03-03,1960.0
Tanuku APMC,MTU-1010,2022-02-24,1.0,1960.0,1980.0,1970.0,1970.0,1970.0,1970.0,1969.2857142857144,0.0,2.6726124191249245,0.0,0.0,1.0,1.0003627130939428,2,3,2022-03-03,1970.0
Banaganapalli APMC,Sona Mahsuri,2022-02-25,1.0,1500.0,1900.0,1700.0,1600.0,1650.0,1621.428571428571,1610.7142857142858,26.726124191241148,34.964660337654834,100.0,50.0,1.0484581497797358,1.0554323725055432,2,4,2022-03-04,1550.0
Chintalapudi APMC,1001,2022-02-25,1.0,1940.0,1960.0,1950.0,1950.0,1950.0,1950.0,1950.0,0.0,0.0,0.0,0.0,1.0,1.0,2,4,2022-03-05,1950.0
Rajahmundry APMC,Paddy,2022-02-25,0.5,1940.0,1940.0,1940.0,1940.0,1940.0,1948.571428571429,1944.2857142857144,10.690449676498003,8.516306272526478,0.0,0.0,0.995601173020528,0.9977957384276268,2,4,2022-03-04,1940.0
Rajahmundry APMC,Swarna Masuri (New),2022-02-25,0.5,1960.0,1960.0,1960.0,1960.0,1960.0,1951.4285714285716,1955.7142857142856,10.690449676498336,8.516306272527297,0.0,0.0,1.0043923865300146,1.0021913805697589,2,4,2022-03-04,1960.0
Tanuku APMC,MTU-1010,2022-02-25,1.0,1960.0,1980.0,1970.0,1970.0,1970.0,1970.0,1970.0,0.0,2.2053098967288814e-06,0.0,0.0,1.0,1.0,2,4,2022-03-04,1970.0
Tanuku APMC,MTU-1010,2022-02-26,1.0,1960.0,1980.0,1970.0,1970.0,1970.0,1970.0,1970.0,0.0,2.2053098967288814e-06,0.0,0.0,1.0,1.0,2,5,2022-03-06,1970.0
Rajahmundry APMC,Swarna Masuri (New),2022-02-26,0.5,1960.0,1960.0,1960.0,1960.0,1960.0,1951.4285714285716,1955.7142857142856,10.690449676498336,8.516306272527297,0.0,0.0,1.0043923865300146,1.0021913805697589,2,5,2022-03-05,1960.0
Rajahmundry APMC,Paddy,2022-02-26,0.5,1940.0,1940.0,1940.0,1940.0,1940.0,1948.571428571429,1944.2857142857144,10.690449676498003,8.516306272526478,0.0,0.0,0.995601173020528,0.9977957384276268,2,5,2022-03-05,1940.0
Banaganapalli APMC,Sona Mahsuri,2022-02-26,1.0,1400.0,1800.0,1600.0,1700.0,1600.0,1628.571428571429,1621.428571428571,39.33978962347136,37.79644730092409,-100.0,0.0,0.9824561403508772,0.986784140969163,2,5,2022-03-05,1800.0
Atmakur (Nandyal District) APMC,Sona Mahsuri,2022-02-26,0.01,1800.0,1800.0,1800.0,1800.0,1800.0,1800.0,1800.0,0.0,0.0,0.0,0.0,1.0,1.0,2,5,2022-03-05,1800.0
Chintalapudi APMC,1001,2022-02-26,1.0,1940.0,1960.0,1950.0,1950.0,1950.0,1950.0,1950.0,0.0,0.0,0.0,0.0,1.0,1.0,2,5,2022-03-05,1950.0
Atmakur (Nandyal District) APMC,Sona Mahsuri,2022-02-27,0.01,1800.0,1800.0,1800.0,1800.0,1800.0,1800.0,1800.0,0.0,0.0,0.0,0.0,1.0,1.0,2,6,2022-03-06,1800.0
Banaganapalli APMC,Sona Mahsuri,2022-02-27,1.0,1500.0,1900.0,1750.0,1600.0,1600.0,1628.571428571429,1625.0,39.33978962347136,32.522181779401144,150.0,150.0,1.0745614035087718,1.0769230769230769,2,6,2022-03-06,1800.0
Chintalapudi APMC,1001,2022-02-27,1.0,1940.0,1960.0,1950.0,1950.0,1950.0,1950.0,1950.0,0.0,0.0,0.0,0.0,1.0,1.0,2,6,2022-03-06,1950.0
Rajahmundry APMC,Paddy,2022-02-27,0.5,1940.0,1940.0,1940.0,1940.0,1960.0,1948.571428571429,1944.2857142857144,10.690449676498003,8.516306272526478,0.0,-20.0,0.995601173020528,0.9977957384276268,2,6,2022-03-06,1940.0
Rajahmundry APMC,Swarna Masuri (New),2022-02-27,0.5,1960.0,1960.0,1960.0,1960.0,1940.0,1951.4285714285716,1955.7142857142856,10.690449676498336,8.516306272527297,0.0,20.0,1.0043923865300146,1.0021913805697589,2,6,2022-03-06,1960.0
Tanuku APMC,MTU-1010,2022-02-28,1.0,1960.0,1980.0,1970.0,1970.0,1970.0,1970.0,1970.0,0.0,2.2053098967288814e-06,0.0,0.0,1.0,1.0,2,0,2022-03-07,1970.0
Rajahmundry APMC,Paddy,2022-02-28,0.5,1940.0,1940.0,1940.0,1940.0,1960.0,1945.7142857142856,1944.2857142857144,9.75900072948634,8.516306272526478,0.0,-20.0,0.9970631424375918,0.9977957384276268,2,0,2022-03-07,1940.0
Rajahmundry APMC,Swarna Masuri (New),2022-02-28,0.5,1960.0,1960.0,1960.0,1960.0,1940.0,1954.2857142857144,1955.7142857142856,9.75900072948685,8.516306272527297,0.0,20.0,1.0029239766081872,1.0021913805697589,2,0,2022-03-07,1960.0
Banaganapalli APMC,Sona Mahsuri,2022-02-28,1.0,1700.0,2000.0,1850.0,1750.0,1650.0,1650.0,1635.7142857142858,57.73502691896214,45.693676673169904,100.0,200.0,1.121212121212121,1.131004366812227,2,0,2022-03-07,1600.0
Chintalapudi APMC,1001,2022-02-28,1.0,1940.0,1960.0,1950.0,1950.0,1950.0,1950.0,1950.0,0.0,0.0,0.0,0.0,1.0,1.0,2,0,2022-03-07,1950.0
Atmakur (Nandyal District) APMC,Sona Mahsuri,2022-02-28,0.01,1800.0,1800.0,1800.0,1800.0,1800.0,1800.0,1800.0,0.0,0.0,0.0,0.0,1.0,1.0,2,0,2022-03-07,1800.0
Tanuku APMC,MTU-1010,2022-03-01,1.0,1960.0,1980.0,1970.0,1970.0,1970.0,1970.0,1970.0,0.0,2.2053098967288814e-06,0.0,0.0,1.0,1.0,3,1,2022-03-08,1970.0
Chintalapudi APMC,1001,2022-03-01,1.0,1940.0,1960.0,1950.0,1950.0,1950.0,1950.0,1950.0,0.0,0.0,0.0,0.0,1.0,1.0,3,1,2022-03-08,1950.0
Atmakur (Nandyal District) APMC,Sona Mahsuri,2022-03-01,0.01,1800.0,1800.0,1800.0,1800.0,1800.0,1800.0,1800.0,0.0,0.0,0.0,0.0,1.0,1.0,3,1,2022-03-08,1800.0
Banaganapalli APMC,Sona Mahsuri,2022-03-01,1.0,1700.0,2000.0,1850.0,1850.0,1650.0,1678.571428571429,1653.571428571429,95.11897312113398,71.96229171289313,0.0,200.0,1.102127659574468,1.118790496760259,3,1,2022-03-08,1700.0
Atmakur (Nandyal District) APMC,Sona Mahsuri,2022-03-02,0.01,1800.0,1800.0,1800.0,1800.0,1800.0,1800.0,1800.0,0.0,0.0,0.0,0.0,1.0,1.0,3,2,2022-03-09,1800.0
Banaganapalli APMC,Sona Mahsuri,2022-03-02,1.0,1600.0,2000.0,1800.0,1850.0,1600.0,1707.142857142857,1671.428571428571,113.389341902768,87.07707839849519,-50.0,200.0,1.0543933054393306,1.076923076923077,3,2,2022-03-09,1700.0
Chintalapudi APMC,1001,2022-03-02,1.0,1940.0,1960.0,1950.0,1950.0,1950.0,1950.0,1950.0,0.0,0.0,0.0,0.0,1.0,1.0,3,2,2022-03-13,1950.0
Rajahmundry APMC,Paddy,2022-03-02,0.5,1940.0,1940.0,1940.0,1940.0,1960.0,1942.857142857143,1944.2857142857144,7.559289460185658,8.516306272526478,0.0,-20.0,0.998529411764706,0.9977957384276268,3,2,2022-03-09,1940.0
Rajahmundry APMC,Swarna Masuri (New),2022-03-02,0.5,1960.0,1960.0,1960.0,1960.0,1940.0,1957.142857142857,1955.7142857142856,7.559289460186547,8.516306272527297,0.0,20.0,1.0014598540145985,1.0021913805697589,3,2,2022-03-09,1960.0
Tanuku APMC,MTU-1010,2022-03-02,1.0,1960.0,1980.0,1970.0,1970.0,1970.0,1970.0,1970.0,0.0,2.2053098967288814e-06,0.0,0.0,1.0,1.0,3,2,2022-03-09,1970.0
Rajahmundry APMC,Paddy,2022-03-03,0.5,1940.0,1940.0,1940.0,1940.0,1940.0,1940.0,1944.2857142857144,3.759662683014833e-06,8.516306272526478,0.0,0.0,1.0,0.9977957384276268,3,3,2022-03-10,1940.0
Atmakur (Nandyal District) APMC,Sona Mahsuri,2022-03-03,0.01,1800.0,1800.0,1800.0,1800.0,1800.0,1800.0,1800.0,0.0,0.0,0.0,0.0,1.0,1.0,3,3,2022-03-10,1800.0
Banaganapalli APMC,Sona Mahsuri,2022-03-03,1.0,1500.0,1900.0,1700.0,1800.0,1600.0,1735.7142857142858,1682.142857142857,106.9044967649696,93.2472784860504,-100.0,100.0,0.9794238683127572,1.010615711252654,3,3,2022-03-10,1600.0
Rajahmundry APMC,Swarna Masuri (New),2022-03-03,0.5,1960.0,1960.0,1960.0,1960.0,1960.0,1960.0,1955.7142857142856,5.5120601757511575e-06,8.516306272527297,0.0,0.0,1.0,1.0021913805697589,3,3,2022-03-10,1960.0
Tanuku APMC,MTU-1010,2022-03-03,1.0,1960.0,1980.0,1970.0,1970.0,1970.0,1970.0,1970.0,0.0,2.2053098967288814e-06,0.0,0.0,1.0,1.0,3,3,2022-03-11,1970.0
Tanuku APMC,MTU-1010,2022-03-04,1.0,1960.0,1980.0,1970.0,1970.0,1970.0,1970.0,1970.0,0.0,2.2053098967288814e-06,0.0,0.0,1.0,1.0,3,4,2022-03-11,1970.0
Rajahmundry APMC,Swarna Masuri (New),2022-03-04,0.5,1960.0,1960.0,1960.0,1960.0,1960.0,1960.0,1955.7142857142856,5.5120601757511575e-06,8.516306272527297,0.0,0.0,1.0,1.0021913805697589,3,4,2022-03-11,1960.0
Atmakur (Nandyal District) APMC,Sona Mahsuri,2022-03-04,0.01,1800.0,1800.0,1800.0,1800.0,1800.0,1800.0,1800.0,0.0,0.0,0.0,0.0,1.0,1.0,3,4,2022-03-11,1800.0
Banaganapalli APMC,Sona Mahsuri,2022-03-04,1.0,1350.0,1750.0,1550.0,1700.0,1700.0,1750.0,1685.7142857142858,91.28709291752747,92.87827316640698,-150.0,-150.0,0.8857142857142857,0.9194915254237288,3,4,2022-03-11,1550.0
Rajahmundry APMC,Paddy,2022-03-04,0.5,1940.0,1940.0,1940.0,1940.0,1940.0,1940.0,1944.2857142857144,3.759662683014833e-06,8.516306272526478,0.0,0.0,1.0,0.9977957384276268,3,4,2022-03-11,1940.0
Atmakur (Nandyal District) APMC,Sona Mahsuri,2022-03-05,0.01,1800.0,1800.0,1800.0,1800.0,1800.0,1800.0,1800.0,0.0,0.0,0.0,0.0,1.0,1.0,3,5,2022-03-12,1800.0
Banaganapalli APMC,Sona Mahsuri,2022-03-05,1.0,1600.0,2000.0,1800.0,1550.0,1600.0,1728.571428571429,1678.571428571429,118.52265204432028,99.44903161976984,250.0,200.0,1.0413223140495866,1.0723404255319149,3,5,2022-03-12,1550.0
Chintalapudi APMC,1001,2022-03-05,1.0,1940.0,1960.0,1950.0,1950.0,1950.0,1950.0,1950.0,0.0,0.0,0.0,0.0,1.0,1.0,3,5,2022-03-13,1950.0
Rajahmundry APMC,Paddy,2022-03-05,0.5,1940.0,1940.0,1940.0,1940.0,1940.0,1940.0,1944.2857142857144,3.759662683014833e-06,8.516306272526478,0.0,0.0,1.0,0.9977957384276268,3,5,2022-03-13,1940.0
Rajahmundry APMC,Swarna Masuri (New),2022-03-05,0.5,1960.0,1960.0,1960.0,1960.0,1960.0,1960.0,1955.7142857142856,5.5120601757511575e-06,8.516306272527297,0.0,0.0,1.0,1.0021913805697589,3,5,2022-03-13,1960.0
Rajahmundry APMC,Paddy,2022-03-06,0.5,1940.0,1940.0,1940.0,1940.0,1940.0,1940.0,1944.2857142857144,3.759662683014833e-06,8.516306272526478,0.0,0.0,1.0,0.9977957384276268,3,6,2022-03-13,1940.0
Rajahmundry APMC,Swarna Masuri (New),2022-03-06,0.5,1960.0,1960.0,1960.0,1960.0,1960.0,1960.0,1955.7142857142856,5.5120601757511575e-06,8.516306272527297,0.0,0.0,1.0,1.0021913805697589,3,6,2022-03-13,1960.0
Tanuku APMC,MTU-1010,2022-03-06,1.0,1960.0,1980.0,1970.0,1970.0,1970.0,1970.0,1970.0,0.0,2.2053098967288814e-06,0.0,0.0,1.0,1.0,3,6,2022-03-13,1970.0
Chintalapudi APMC,1001,2022-03-06,1.0,1940.0,1960.0,1950.0,1950.0,1950.0,1950.0,1950.0,0.0,0.0,0.0,0.0,1.0,1.0,3,6,2022-03-13,1950.0
Atmakur (Nandyal District) APMC,Sona Mahsuri,2022-03-06,0.01,1800.0,1800.0,1800.0,1800.0,1800.0,1800.0,1800.0,0.0,0.0,0.0,0.0,1.0,1.0,3,6,2022-03-13,1800.0
Banaganapalli APMC,Sona Mahsuri,2022-03-06,1.0,1600.0,1900.0,1800.0,1800.0,1750.0,1757.142857142857,1692.857142857143,105.7850471024906,101.6349857562366,0.0,50.0,1.024390243902439,1.0632911392405062,3,6,2022-03-13,1600.0
Atmakur (Nandyal District) APMC,Sona Mahsuri,2022-03-07,0.01,1800.0,1800.0,1800.0,1800.0,1800.0,1800.0,1800.0,0.0,0.0,0.0,0.0,1.0,1.0,3,0,2022-03-14,1800.0
Banaganapalli APMC,Sona Mahsuri,2022-03-07,1.0,1400.0,1800.0,1600.0,1800.0,1850.0,1764.2857142857142,1707.142857142857,106.9044967649696,101.6349857562366,-200.0,-250.0,0.9068825910931174,0.9372384937238494,3,0,2022-03-14,1600.0
Chintalapudi APMC,1001,2022-03-07,1.0,1940.0,1960.0,1950.0,1950.0,1950.0,1950.0,1950.0,0.0,0.0,0.0,0.0,1.0,1.0,3,0,2022-03-14,1950.0
Rajahmundry APMC,Paddy,2022-03-07,0.5,1940.0,1940.0,1940.0,1940.0,1940.0,1940.0,1944.2857142857144,3.759662683014833e-06,8.516306272526478,0.0,0.0,1.0,0.9977957384276268,3,0,2022-03-14,1940.0
Rajahmundry APMC,Swarna Masuri (New),2022-03-07,0.5,1960.0,1960.0,1960.0,1960.0,1960.0,1960.0,1955.7142857142856,5.5120601757511575e-06,8.516306272527297,0.0,0.0,1.0,1.0021913805697589,3,0,2022-03-14,1960.0
Tanuku APMC,MTU-1010,2022-03-07,1.0,1960.0,1980.0,1970.0,1970.0,1970.0,1970.0,1970.0,0.0,2.2053098967288814e-06,0.0,0.0,1.0,1.0,3,0,2022-03-14,1970.0
Atmakur (Nandyal District) APMC,Sona Mahsuri,2022-03-08,0.01,1800.0,1800.0,1800.0,1800.0,1800.0,1800.0,1800.0,0.0,0.0,0.0,0.0,1.0,1.0,3,1,2022-03-15,1800.0
Banaganapalli APMC,Sona Mahsuri,2022-03-08,1.0,1500.0,1900.0,1700.0,1600.0,1850.0,1728.571428571429,1703.571428571429,114.95340671022188,104.631745650172,100.0,-150.0,0.9834710743801652,0.9979035639412998,3,1,2022-03-15,1600.0
Chintalapudi APMC,1001,2022-03-08,1.0,1940.0,1960.0,1950.0,1950.0,1950.0,1950.0,1950.0,0.0,0.0,0.0,0.0,1.0,1.0,3,1,2022-03-15,1950.0
Rajahmundry APMC,Paddy,2022-03-08,0.5,1940.0,1940.0,1940.0,1940.0,1940.0,1940.0,1942.857142857143,3.759662683014833e-06,7.26273039202567,0.0,0.0,1.0,0.998529411764706,3,1,2022-03-15,1940.0
Rajahmundry APMC,Swarna Masuri (New),2022-03-08,0.5,1960.0,1960.0,1960.0,1960.0,1960.0,1960.0,1957.142857142857,5.5120601757511575e-06,7.262730392026769,0.0,0.0,1.0,1.0014598540145985,3,1,2022-03-15,1960.0
Tanuku APMC,MTU-1010,2022-03-08,1.0,1960.0,1980.0,1970.0,1970.0,1970.0,1970.0,1970.0,0.0,2.2053098967288814e-06,0.0,0.0,1.0,1.0,3,1,2022-03-15,1970.0
Tanuku APMC,MTU-1010,2022-03-09,1.0,1960.0,1980.0,1970.0,1970.0,1970.0,1970.0,1970.0,0.0,2.2053098967288814e-06,0.0,0.0,1.0,1.0,3,2,2022-03-16,1970.0
Rajahmundry APMC,Swarna Masuri (New),2022-03-09,0.5,1960.0,1960.0,1960.0,1960.0,1960.0,1960.0,1958.571428571429,5.5120601757511575e-06,5.345224838250185,0.0,0.0,1.0,1.0007293946024798,3,2,2022-03-16,1960.0
Banaganapalli APMC,Sona Mahsuri,2022-03-09,1.0,1500.0,1900.0,1700.0,1700.0,1800.0,1707.142857142857,1707.142857142857,101.77004891982136,103.50983390135356,0.0,-100.0,0.99581589958159,0.99581589958159,3,2,2022-03-16,1800.0
Rajahmundry APMC,Paddy,2022-03-09,0.5,1940.0,1940.0,1940.0,1940.0,1940.0,1940.0,1941.4285714285716,3.759662683014833e-06,5.345224838248502,0.0,0.0,1.0,0.9992641648270788,3,2,2022-03-16,1940.0
Atmakur (Nandyal District) APMC,Sona Mahsuri,2022-03-09,0.01,1800.0,1800.0,1800.0,1800.0,1800.0,1800.0,1800.0,0.0,0.0,0.0,0.0,1.0,1.0,3,2,2022-03-16,1800.0
Atmakur (Nandyal District) APMC,Sona Mahsuri,2022-03-10,0.01,1800.0,1800.0,1800.0,1800.0,1800.0,1800.0,1800.0,0.0,0.0,0.0,0.0,1.0,1.0,3,3,2022-03-17,1800.0
Banaganapalli APMC,Sona Mahsuri,2022-03-10,1.0,1400.0,1800.0,1600.0,1700.0,1700.0,1692.857142857143,1714.2857142857142,93.22272357358034,98.8949937065566,-100.0,-100.0,0.9451476793248944,0.9333333333333332,3,3,2022-03-17,1900.0
Rajahmundry APMC,Paddy,2022-03-10,0.5,1940.0,1940.0,1940.0,1940.0,1940.0,1940.0,1940.0,3.759662683014833e-06,0.0,0.0,0.0,1.0,1.0,3,3,2022-03-17,1940.0
Rajahmundry APMC,Swarna Masuri (New),2022-03-10,0.5,1960.0,1960.0,1960.0,1960.0,1960.0,1960.0,1960.0,5.5120601757511575e-06,4.473617776440681e-06,0.0,0.0,1.0,1.0,3,3,2022-03-17,1960.0
Tanuku APMC,MTU-1010,2022-03-11,1.0,1960.0,1980.0,1970.0,1970.0,1970.0,1970.0,1970.0,0.0,2.2053098967288814e-06,0.0,0.0,1.0,1.0,3,4,2022-03-19,1970.0
Atmakur (Nandyal District) APMC,Sona Mahsuri,2022-03-11,0.01,1800.0,1800.0,1800.0,1800.0,1800.0,1800.0,1800.0,0.0,0.0,0.0,0.0,1.0,1.0,3,4,2022-03-18,1800.0
Banaganapalli APMC,Sona Mahsuri,2022-03-11,1.0,1350.0,1750.0,1550.0,1600.0,1550.0,1678.571428571429,1714.2857142857142,99.40297973880044,98.8949937065566,-50.0,0.0,0.9234042553191488,0.9041666666666668,3,4,2022-03-18,2000.0
Rajahmundry APMC,Paddy,2022-03-11,0.5,1940.0,1940.0,1940.0,1940.0,1940.0,1940.0,1940.0,3.759662683014833e-06,0.0,0.0,0.0,1.0,1.0,3,4,2022-03-18,1940.0
Rajahmundry APMC,Swarna Masuri (New),2022-03-11,0.5,1960.0,1960.0,1960.0,1960.0,1960.0,1960.0,1960.0,5.5120601757511575e-06,4.473617776440681e-06,0.0,0.0,1.0,1.0,3,4,2022-03-18,1960.0
Tanuku APMC,MTU-1010,2022-03-12,1.0,1960.0,1980.0,1970.0,1970.0,1970.0,1970.0,1970.0,0.0,2.2053098967288814e-06,0.0,0.0,1.0,1.0,3,5,2022-03-19,1970.0
Atmakur (Nandyal District) APMC,Sona Mahsuri,2022-03-12,0.01,1800.0,1800.0,1800.0,1800.0,1800.0,1800.0,1800.0,0.0,0.0,0.0,0.0,1.0,1.0,3,5,2022-03-19,1800.0
Banaganapalli APMC,Sona Mahsuri,2022-03-12,1.0,1350.0,1750.0,1550.0,1550.0,1800.0,1678.571428571429,1703.571428571429,99.40297973880044,108.24524454696868,0.0,-250.0,0.9234042553191488,0.909853249475891,3,5,2022-03-19,2000.0
Atmakur (Nandyal District) APMC,Sona Mahsuri,2022-03-13,0.01,1800.0,1800.0,1800.0,1800.0,1800.0,1800.0,1800.0,0.0,0.0,0.0,0.0,1.0,1.0,3,6,2022-03-20,1800.0
Banaganapalli APMC,Sona Mahsuri,2022-03-13,1.0,1400.0,1800.0,1600.0,1550.0,1800.0,1642.857142857143,1700.0,93.22272357358052,112.660142429822,50.0,-200.0,0.9739130434782608,0.9411764705882352,3,6,2022-03-20,2000.0
Chintalapudi APMC,1001,2022-03-13,1.0,1940.0,1960.0,1950.0,1950.0,1950.0,1950.0,1950.0,0.0,0.0,0.0,0.0,1.0,1.0,3,6,2022-03-20,1950.0
Rajahmundry APMC,Paddy,2022-03-13,0.5,1940.0,1940.0,1940.0,1940.0,1940.0,1940.0,1940.0,3.759662683014833e-06,0.0,0.0,0.0,1.0,1.0,3,6,2022-03-20,1940.0
Rajahmundry APMC,Swarna Masuri (New),2022-03-13,0.5,1960.0,1960.0,1960.0,1960.0,1960.0,1960.0,1960.0,5.5120601757511575e-06,4.473617776440681e-06,0.0,0.0,1.0,1.0,3,6,2022-03-20,1960.0
Tanuku APMC,MTU-1010,2022-03-13,1.0,1960.0,1980.0,1970.0,1970.0,1970.0,1970.0,1970.0,0.0,2.2053098967288814e-06,0.0,0.0,1.0,1.0,3,6,2022-03-20,1970.0
Tanuku APMC,MTU-1010,2022-03-14,1.0,1960.0,1980.0,1970.0,1970.0,1970.0,1970.0,1970.0,0.0,2.2053098967288814e-06,0.0,0.0,1.0,1.0,3,0,2022-03-21,1970.0
Atmakur (Nandyal District) APMC,Sona Mahsuri,2022-03-14,0.01,1800.0,1800.0,1800.0,1800.0,1800.0,1800.0,1800.0,0.0,0.0,0.0,0.0,1.0,1.0,3,0,2022-03-21,1800.0
Banaganapalli APMC,Sona Mahsuri,2022-03-14,1.0,1400.0,1800.0,1600.0,1600.0,1600.0,1614.2857142857142,1689.2857142857142,62.678317052801134,114.65428206397038,0.0,0.0,0.991150442477876,0.9471458773784356,3,0,2022-03-21,2000.0
Chintalapudi APMC,1001,2022-03-14,1.0,1940.0,1960.0,1950.0,1950.0,1950.0,1950.0,1950.0,0.0,0.0,0.0,0.0,1.0,1.0,3,0,2022-03-21,1950.0
Rajahmundry APMC,Paddy,2022-03-14,0.5,1940.0,1940.0,1940.0,1940.0,1940.0,1940.0,1940.0,3.759662683014833e-06,0.0,0.0,0.0,1.0,1.0,3,0,2022-03-21,1940.0
Rajahmundry APMC,Swarna Masuri (New),2022-03-14,0.5,1960.0,1960.0,1960.0,1960.0,1960.0,1960.0,1960.0,5.5120601757511575e-06,4.473617776440681e-06,0.0,0.0,1.0,1.0,3,0,2022-03-21,1960.0
Tanuku APMC,MTU-1010,2022-03-15,1.0,1960.0,1980.0,1970.0,1970.0,1970.0,1970.0,1970.0,0.0,2.2053098967288814e-06,0.0,0.0,1.0,1.0,3,1,2022-03-22,1970.0
Rajahmundry APMC,Swarna Masuri (New),2022-03-15,0.5,1960.0,1960.0,1960.0,1960.0,1960.0,1960.0,1960.0,5.5120601757511575e-06,4.473617776440681e-06,0.0,0.0,1.0,1.0,3,1,2022-03-22,1960.0
Rajahmundry APMC,Paddy,2022-03-15,0.5,1940.0,1940.0,1940.0,1940.0,1940.0,1940.0,1940.0,3.759662683014833e-06,0.0,0.0,0.0,1.0,1.0,3,1,2022-03-22,1940.0
Atmakur (Nandyal District) APMC,Sona Mahsuri,2022-03-15,0.01,1800.0,1800.0,1800.0,1800.0,1800.0,1800.0,1800.0,0.0,0.0,0.0,0.0,1.0,1.0,3,1,2022-03-22,1800.0
Banaganapalli APMC,Sona Mahsuri,2022-03-15,1.0,1400.0,1800.0,1600.0,1600.0,1700.0,1614.2857142857142,1671.428571428571,62.678317052801134,106.90449676497012,0.0,-100.0,0.991150442477876,0.9572649572649572,3,1,2022-03-22,2000.0
Chintalapudi APMC,1001,2022-03-15,1.0,1940.0,1960.0,1950.0,1950.0,1950.0,1950.0,1950.0,0.0,0.0,0.0,0.0,1.0,1.0,3,1,2022-03-22,1950.0
Rajahmundry APMC,Swarna Masuri (New),2022-03-16,0.5,1960.0,1960.0,1960.0,1960.0,1960.0,1960.0,1960.0,5.5120601757511575e-06,4.473617776440681e-06,0.0,0.0,1.0,1.0,3,2,2022-03-23,1960.0
Atmakur (Nandyal District) APMC,Sona Mahsuri,2022-03-16,0.01,1800.0,1800.0,1800.0,1800.0,1800.0,1800.0,1800.0,0.0,0.0,0.0,0.0,1.0,1.0,3,2,2022-03-23,1800.0
Banaganapalli APMC,Sona Mahsuri,2022-03-16,1.0,1600.0,2000.0,1800.0,1600.0,1700.0,1600.0,1653.571428571429,50.000000000000384,94.99855406649806,200.0,100.0,1.125,1.0885529157667386,3,2,2022-03-23,2000.0
Chintalapudi APMC,1001,2022-03-16,1.0,1940.0,1960.0,1950.0,1950.0,1950.0,1950.0,1950.0,0.0,0.0,0.0,0.0,1.0,1.0,3,2,2022-03-25,1950.0
Rajahmundry APMC,Paddy,2022-03-16,0.5,1940.0,1940.0,1940.0,1940.0,1940.0,1940.0,1940.0,3.759662683014833e-06,0.0,0.0,0.0,1.0,1.0,3,2,2022-03-23,1940.0
Tanuku APMC,MTU-1010,2022-03-16,1.0,1960.0,1980.0,1970.0,1970.0,1970.0,1970.0,1970.0,0.0,2.2053098967288814e-06,0.0,0.0,1.0,1.0,3,2,2022-03-23,1970.0
Tanuku APMC,MTU-1010,2022-03-17,1.0,1960.0,1980.0,1970.0,1970.0,1970.0,1970.0,1970.0,0.0,2.2053098967288814e-06,0.0,0.0,1.0,1.0,3,3,2022-03-24,1970.0
Rajahmundry APMC,Swarna Masuri (New),2022-03-17,0.5,1960.0,1960.0,1960.0,1960.0,1960.0,1960.0,1960.0,5.5120601757511575e-06,4.473617776440681e-06,0.0,0.0,1.0,1.0,3,3,2022-03-24,1960.0
Atmakur (Nandyal District) APMC,Sona Mahsuri,2022-03-17,0.01,1800.0,1800.0,1800.0,1800.0,1800.0,1800.0,1800.0,0.0,0.0,0.0,0.0,1.0,1.0,3,3,2022-03-24,1800.0
Banaganapalli APMC,Sona Mahsuri,2022-03-17,1.0,1700.0,2100.0,1900.0,1800.0,1600.0,1614.2857142857142,1653.571428571429,85.21681032463488,94.99855406649806,100.0,300.0,1.176991150442478,1.1490280777537796,3,3,2022-03-24,2000.0
Rajahmundry APMC,Paddy,2022-03-17,0.5,1940.0,1940.0,1940.0,1940.0,1940.0,1940.0,1940.0,3.759662683014833e-06,0.0,0.0,0.0,1.0,1.0,3,3,2022-03-24,1940.0
Atmakur (Nandyal District) APMC,Sona Mahsuri,2022-03-18,0.01,1800.0,1800.0,1800.0,1800.0,1800.0,1800.0,1800.0,0.0,0.0,0.0,0.0,1.0,1.0,3,4,2022-03-25,1800.0
Banaganapalli APMC,Sona Mahsuri,2022-03-18,1.0,1800.0,2200.0,2000.0,1900.0,1550.0,1657.142857142857,1667.857142857143,136.7131163805295,115.3708783031474,100.0,450.0,1.206896551724138,1.1991434689507494,3,4,2022-03-25,2000.0
Rajahmundry APMC,Paddy,2022-03-18,0.5,1940.0,1940.0,1940.0,1940.0,1940.0,1940.0,1940.0,3.759662683014833e-06,0.0,0.0,0.0,1.0,1.0,3,4,2022-03-26,1940.0
Rajahmundry APMC,Swarna Masuri (New),2022-03-18,0.5,1960.0,1960.0,1960.0,1960.0,1960.0,1960.0,1960.0,5.5120601757511575e-06,4.473617776440681e-06,0.0,0.0,1.0,1.0,3,4,2022-03-26,1960.0
Atmakur (Nandyal District) APMC,Sona Mahsuri,2022-03-19,0.01,1800.0,1800.0,1800.0,1800.0,1800.0,1800.0,1800.0,0.0,0.0,0.0,0.0,1.0,1.0,3,5,2022-03-26,1800.0
Banaganapalli APMC,Sona Mahsuri,2022-03-19,1.0,1800.0,2200.0,2000.0,2000.0,1550.0,1721.428571428571,1700.0,177.61649430055485,140.05493427717823,0.0,450.0,1.161825726141079,1.1764705882352942,3,5,2022-03-26,2000.0
Chintalapudi APMC,1001,2022-03-19,1.0,1940.0,1960.0,1950.0,1950.0,1950.0,1950.0,1950.0,0.0,0.0,0.0,0.0,1.0,1.0,3,5,2022-03-26,1950.0
Rajahmundry APMC,Paddy,2022-03-19,0.5,1940.0,1940.0,1940.0,1940.0,1940.0,1940.0,1940.0,3.759662683014833e-06,0.0,0.0,0.0,1.0,1.0,3,5,2022-03-26,1940.0
Rajahmundry APMC,Swarna Masuri (New),2022-03-19,0.5,1960.0,1960.0,1960.0,1960.0,1960.0,1960.0,1960.0,5.5120601757511575e-06,4.473617776440681e-06,0.0,0.0,1.0,1.0,3,5,2022-03-26,1960.0
Tanuku APMC,MTU-1010,2022-03-19,1.0,1960.0,1980.0,1970.0,1970.0,1970.0,1970.0,1970.0,0.0,2.2053098967288814e-06,0.0,0.0,1.0,1.0,3,5,2022-03-26,1970.0
Tanuku APMC,MTU-1010,2022-03-20,1.0,1960.0,1980.0,1970.0,1970.0,1970.0,1970.0,1970.0,0.0,2.2053098967288814e-06,0.0,0.0,1.0,1.0,3,6,2022-03-27,1970.0
Rajahmundry APMC,Swarna Masuri (New),2022-03-20,0.5,1960.0,1960.0,1960.0,1960.0,1960.0,1960.0,1960.0,5.5120601757511575e-06,4.473617776440681e-06,0.0,0.0,1.0,1.0,3,6,2022-03-27,1960.0
Rajahmundry APMC,Paddy,2022-03-20,0.5,1940.0,1940.0,1940.0,1940.0,1940.0,1940.0,1940.0,3.759662683014833e-06,0.0,0.0,0.0,1.0,1.0,3,6,2022-03-27,1940.0
Atmakur (Nandyal District) APMC,Sona Mahsuri,2022-03-20,0.01,1800.0,1800.0,1800.0,1800.0,1800.0,1800.0,1800.0,0.0,0.0,0.0,0.0,1.0,1.0,3,6,2022-03-27,1800.0
Banaganapalli APMC,Sona Mahsuri,2022-03-20,1.0,1800.0,2200.0,2000.0,2000.0,1600.0,1785.7142857142858,1714.2857142857142,186.4454471471608,159.84195491000054,0.0,400.0,1.12,1.1666666666666667,3,6,2022-03-27,1750.0
Chintalapudi APMC,1001,2022-03-20,1.0,1940.0,1960.0,1950.0,1950.0,1950.0,1950.0,1950.0,0.0,0.0,0.0,0.0,1.0,1.0,3,6,2022-03-27,1950.0
Atmakur (Nandyal District) APMC,Sona Mahsuri,2022-03-21,0.01,1800.0,1800.0,1800.0,1800.0,1800.0,1800.0,1800.0,0.0,0.0,0.0,0.0,1.0,1.0,3,0,2022-03-28,1800.0
Banaganapalli APMC,Sona Mahsuri,2022-03-21,1.0,1800.0,2200.0,2000.0,2000.0,1600.0,1842.857142857143,1728.571428571429,181.2653934349929,176.19295117556817,0.0,400.0,1.0852713178294573,1.1570247933884297,3,0,2022-03-28,1750.0
Chintalapudi APMC,1001,2022-03-21,1.0,1940.0,1960.0,1950.0,1950.0,1950.0,1950.0,1950.0,0.0,0.0,0.0,0.0,1.0,1.0,3,0,2022-03-28,1950.0
Rajahmundry APMC,Paddy,2022-03-21,0.5,1940.0,1940.0,1940.0,1940.0,1940.0,1940.0,1940.0,3.759662683014833e-06,0.0,0.0,0.0,1.0,1.0,3,0,2022-03-28,1940.0
Rajahmundry APMC,Swarna Masuri (New),2022-03-21,0.5,1960.0,1960.0,1960.0,1960.0,1960.0,1960.0,1960.0,5.5120601757511575e-06,4.473617776440681e-06,0.0,0.0,1.0,1.0,3,0,2022-03-28,1960.0
Tanuku APMC,MTU-1010,2022-03-21,1.0,1960.0,1980.0,1970.0,1970.0,1970.0,1970.0,1970.0,0.0,2.2053098967288814e-06,0.0,0.0,1.0,1.0,3,0,2022-03-28,1980.0
Tanuku APMC,MTU-1010,2022-03-22,1.0,1960.0,1980.0,1970.0,1970.0,1970.0,1970.0,1970.0,0.0,2.2053098967288814e-06,0.0,0.0,1.0,1.0,3,1,2022-04-01,1970.0
Rajahmundry APMC,Swarna Masuri (New),2022-03-22,0.5,1960.0,1960.0,1960.0,1960.0,1960.0,1960.0,1960.0,5.5120601757511575e-06,4.473617776440681e-06,0.0,0.0,1.0,1.0,3,1,2022-03-29,1960.0
Rajahmundry APMC,Paddy,2022-03-22,0.5,1940.0,1940.0,1940.0,1940.0,1940.0,1940.0,1940.0,3.759662683014833e-06,0.0,0.0,0.0,1.0,1.0,3,1,2022-03-29,1940.0
Banaganapalli APMC,Sona Mahsuri,2022-03-22,1.0,1800.0,2100.0,2000.0,2000.0,1600.0,1900.0,1757.142857142857,152.75252316519428,185.90438284354587,0.0,400.0,1.0526315789473684,1.1382113821138211,3,1,2022-03-29,1750.0
Atmakur (Nandyal District) APMC,Sona Mahsuri,2022-03-22,0.01,1800.0,1800.0,1800.0,1800.0,1800.0,1800.0,1800.0,0.0,0.0,0.0,0.0,1.0,1.0,3,1,2022-03-29,1800.0
Atmakur (Nandyal District) APMC,Sona Mahsuri,2022-03-23,0.01,1800.0,1800.0,1800.0,1800.0,1800.0,1800.0,1800.0,0.0,0.0,0.0,0.0,1.0,1.0,3,2,2022-03-30,1800.0
Banaganapalli APMC,Sona Mahsuri,2022-03-23,1.0,1800.0,2200.0,2000.0,2000.0,1800.0,1957.142857142857,1778.571428571429,78.67957924694336,195.8357688259437,0.0,200.0,1.0218978102189782,1.1244979919678717,3,2,2022-04-01,2000.0
Rajahmundry APMC,Paddy,2022-03-23,0.5,1940.0,1940.0,1940.0,1940.0,1940.0,1940.0,1940.0,3.759662683014833e-06,0.0,0.0,0.0,1.0,1.0,3,2,2022-03-30,1940.0
Rajahmundry APMC,Swarna Masuri (New),2022-03-23,0.5,1960.0,1960.0,1960.0,1960.0,1960.0,1960.0,1960.0,5.5120601757511575e-06,4.473617776440681e-06,0.0,0.0,1.0,1.0,3,2,2022-03-30,1960.0
Tanuku APMC,MTU-1010,2022-03-23,1.0,1960.0,1980.0,1970.0,1970.0,1970.0,1970.0,1970.0,0.0,2.2053098967288814e-06,0.0,0.0,1.0,1.0,3,2,2022-04-01,1970.0
Atmakur (Nandyal District) APMC,Sona Mahsuri,2022-03-24,0.01,1800.0,1800.0,1800.0,1800.0,1800.0,1800.0,1800.0,0.0,0.0,0.0,0.0,1.0,1.0,3,3,2022-03-31,1800.0
Banaganapalli APMC,Sona Mahsuri,2022-03-24,1.0,1800.0,2200.0,2000.0,2000.0,1900.0,1985.7142857142856,1800.0,37.79644730092062,202.8641076037017,0.0,100.0,1.0071942446043165,1.1111111111111112,3,3,2022-04-01,2000.0
Rajahmundry APMC,Paddy,2022-03-24,0.5,1940.0,1940.0,1940.0,1940.0,1940.0,1940.0,1940.0,3.759662683014833e-06,0.0,0.0,0.0,1.0,1.0,3,3,2022-03-31,1940.0
Rajahmundry APMC,Swarna Masuri (New),2022-03-24,0.5,1960.0,1960.0,1960.0,1960.0,1960.0,1960.0,1960.0,5.5120601757511575e-06,4.473617776440681e-06,0.0,0.0,1.0,1.0,3,3,2022-03-31,1960.0
Tanuku APMC,MTU-1010,2022-03-24,1.0,1960.0,1980.0,1970.0,1970.0,1970.0,1970.0,1970.0,0.0,2.2053098967288814e-06,0.0,0.0,1.0,1.0,3,3,2022-04-01,1970.0
Tanuku APMC,MTU-1010,2022-03-25,1.0,1960.0,1980.0,1970.0,1970.0,1970.0,1970.0,1970.0,0.0,2.2053098967288814e-06,0.0,0.0,1.0,1.0,3,4,2022-04-01,1970.0
Banaganapalli APMC,Sona Mahsuri,2022-03-25,1.0,1800.0,2200.0,2000.0,2000.0,2000.0,2000.0,1828.571428571429,0.0,200.6856379383572,0.0,0.0,1.0,1.09375,3,4,2022-04-01,2000.0
Atmakur (Nandyal District) APMC,Sona Mahsuri,2022-03-25,0.01,1800.0,1800.0,1800.0,1800.0,1800.0,1800.0,1800.0,0.0,0.0,0.0,0.0,1.0,1.0,3,4,2022-04-01,1800.0
Atmakur (Nandyal District) APMC,Sona Mahsuri,2022-03-26,0.01,1800.0,1800.0,1800.0,1800.0,1800.0,1800.0,1800.0,0.0,0.0,0.0,0.0,1.0,1.0,3,5,2022-04-02,1800.0
Banaganapalli APMC,Sona Mahsuri,2022-03-26,1.0,1800.0,2200.0,2000.0,2000.0,2000.0,2000.0,1860.7142857142856,0.0,188.29045834374296,0.0,0.0,1.0,1.074856046065259,3,5,2022-04-02,1950.0
Rajahmundry APMC,Paddy,2022-03-26,0.5,1940.0,1940.0,1940.0,1940.0,1940.0,1940.0,1940.0,3.759662683014833e-06,0.0,0.0,0.0,1.0,1.0,3,5,2022-04-02,1940.0
Rajahmundry APMC,Swarna Masuri (New),2022-03-26,0.5,1960.0,1960.0,1960.0,1960.0,1960.0,1960.0,1960.0,5.5120601757511575e-06,4.473617776440681e-06,0.0,0.0,1.0,1.0,3,5,2022-04-02,1960.0
Tanuku APMC,MTU-1010,2022-03-26,1.0,1960.0,1980.0,1970.0,1970.0,1970.0,1970.0,1970.0,0.0,2.2053098967288814e-06,0.0,0.0,1.0,1.0,3,5,2022-04-02,1970.0
Atmakur (Nandyal District) APMC,Sona Mahsuri,2022-03-27,0.01,1800.0,1800.0,1800.0,1800.0,1800.0,1800.0,1800.0,0.0,0.0,0.0,0.0,1.0,1.0,3,6,2022-04-03,1800.0
Banaganapalli APMC,Sona Mahsuri,2022-03-27,1.0,1350.0,2050.0,1750.0,2000.0,2000.0,2000.0,1892.857142857143,0.0,168.54255666327572,-250.0,-250.0,0.875,0.9245283018867924,3,6,2022-04-03,1950.0
Rajahmundry APMC,Paddy,2022-03-27,0.5,1940.0,1940.0,1940.0,1940.0,1940.0,1940.0,1940.0,3.759662683014833e-06,0.0,0.0,0.0,1.0,1.0,3,6,2022-04-03,1940.0
Rajahmundry APMC,Swarna Masuri (New),2022-03-27,0.5,1960.0,1960.0,1960.0,1960.0,1960.0,1960.0,1960.0,5.5120601757511575e-06,4.473617776440681e-06,0.0,0.0,1.0,1.0,3,6,2022-04-03,1960.0
Tanuku APMC,MTU-1010,2022-03-27,1.0,1960.0,1980.0,1970.0,1970.0,1970.0,1970.0,1970.0,0.0,2.2053098967288814e-06,0.0,0.0,1.0,1.0,3,6,2022-04-03,1970.0
Rajahmundry APMC,Swarna Masuri (New),2022-03-28,0.5,1960.0,1960.0,1960.0,1960.0,1960.0,1960.0,1960.0,5.5120601757511575e-06,4.473617776440681e-06,0.0,0.0,1.0,1.0,3,0,2022-04-04,1960.0
Rajahmundry APMC,Paddy,2022-03-28,0.5,1940.0,1940.0,1940.0,1940.0,1940.0,1940.0,1940.0,3.759662683014833e-06,0.0,0.0,0.0,1.0,1.0,3,0,2022-04-04,1940.0
Tanuku APMC,MTU-1010,2022-03-28,1.0,1960.0,1980.0,1980.0,1970.0,1970.0,1970.0,1970.0,0.0,2.2053098967288814e-06,10.0,10.0,1.0050761421319796,1.0050761421319796,3,0,2022-04-04,1970.0
Atmakur (Nandyal District) APMC,Sona Mahsuri,2022-03-28,0.01,1800.0,1800.0,1800.0,1800.0,1800.0,1800.0,1800.0,0.0,0.0,0.0,0.0,1.0,1.0,3,0,2022-04-04,1800.0
Banaganapalli APMC,Sona Mahsuri,2022-03-28,1.0,1500.0,2000.0,1750.0,1750.0,2000.0,1964.2857142857144,1903.571428571429,94.4911182523068,152.4975229487175,0.0,-250.0,0.890909090909091,0.9193245778611632,3,0,2022-04-04,1900.0
Atmakur (Nandyal District) APMC,Sona Mahsuri,2022-03-29,0.01,1800.0,1800.0,1800.0,1800.0,1800.0,1800.0,1800.0,0.0,0.0,0.0,0.0,1.0,1.0,3,1,2022-04-05,1800.0
Banaganapalli APMC,Sona Mahsuri,2022-03-29,1.0,1500.0,2000.0,1750.0,1750.0,2000.0,1928.571428571429,1914.2857142857144,121.9875091185666,133.6306209562126,0.0,-250.0,0.9074074074074072,0.914179104477612,3,1,2022-04-05,1900.0
Rajahmundry APMC,Paddy,2022-03-29,0.5,1940.0,1940.0,1940.0,1940.0,1940.0,1940.0,1940.0,3.759662683014833e-06,0.0,0.0,0.0,1.0,1.0,3,1,2022-04-05,1940.0
Rajahmundry APMC,Swarna Masuri (New),2022-03-29,0.5,1960.0,1960.0,1960.0,1960.0,1960.0,1960.0,1960.0,5.5120601757511575e-06,4.473617776440681e-06,0.0,0.0,1.0,1.0,3,1,2022-04-05,1960.0
Atmakur (Nandyal District) APMC,Sona Mahsuri,2022-03-30,0.01,1800.0,1800.0,1800.0,1800.0,1800.0,1800.0,1800.0,0.0,0.0,0.0,0.0,1.0,1.0,3,2,2022-04-06,1800.0
Rajahmundry APMC,Paddy,2022-03-30,0.5,1940.0,1940.0,1940.0,1940.0,1940.0,1940.0,1940.0,3.759662683014833e-06,0.0,0.0,0.0,1.0,1.0,3,2,2022-04-06,1940.0
Rajahmundry APMC,Swarna Masuri (New),2022-03-30,0.5,1960.0,1960.0,1960.0,1960.0,1960.0,1960.0,1960.0,5.5120601757511575e-06,4.473617776440681e-06,0.0,0.0,1.0,1.0,3,2,2022-04-06,1960.0
Atmakur (Nandyal District) APMC,Sona Mahsuri,2022-03-31,0.01,1800.0,1800.0,1800.0,1800.0,1800.0,1800.0,1800.0,0.0,0.0,0.0,0.0,1.0,1.0,3,3,2022-04-07,1800.0
Rajahmundry APMC,Paddy,2022-03-31,0.5,1940.0,1940.0,1940.0,1940.0,1940.0,1940.0,1940.0,3.759662683014833e-06,0.0,0.0,0.0,1.0,1.0,3,3,2022-04-07,1940.0
Rajahmundry APMC,Swarna Masuri (New),2022-03-31,0.5,1960.0,1960.0,1960.0,1960.0,1960.0,1960.0,1960.0,5.5120601757511575e-06,4.473617776440681e-06,0.0,0.0,1.0,1.0,3,3,2022-04-07,1960.0
Tanuku APMC,MTU-1010,2022-04-01,1.0,1960.0,1980.0,1970.0,1980.0,1970.0,1971.4285714285716,1970.7142857142856,3.779644730092294,2.6726124191253966,-10.0,0.0,0.9992753623188406,0.9996375498368972,4,4,2022-04-08,1970.0
Rajahmundry APMC,Swarna Masuri (New),2022-04-01,0.5,1960.0,1960.0,1960.0,1960.0,1960.0,1960.0,1960.0,5.5120601757511575e-06,4.473617776440681e-06,0.0,0.0,1.0,1.0,4,4,2022-04-08,1960.0
Atmakur (Nandyal District) APMC,Sona Mahsuri,2022-04-01,0.01,1800.0,1800.0,1800.0,1800.0,1800.0,1800.0,1800.0,0.0,0.0,0.0,0.0,1.0,1.0,4,4,2022-04-08,1800.0
Banaganapalli APMC,Sona Mahsuri,2022-04-01,1.0,1800.0,2200.0,2000.0,1750.0,2000.0,1892.857142857143,1925.0,133.6306209562121,110.50582998891308,250.0,0.0,1.0566037735849056,1.0389610389610389,4,4,2022-04-08,1900.0
Rajahmundry APMC,Paddy,2022-04-01,0.5,1940.0,1940.0,1940.0,1940.0,1940.0,1940.0,1940.0,3.759662683014833e-06,0.0,0.0,0.0,1.0,1.0,4,4,2022-04-08,1940.0
Atmakur (Nandyal District) APMC,Sona Mahsuri,2022-04-02,0.01,1800.0,1800.0,1800.0,1800.0,1800.0,1800.0,1800.0,0.0,0.0,0.0,0.0,1.0,1.0,4,5,2022-04-09,1800.0
Banaganapalli APMC,Sona Mahsuri,2022-04-02,1.0,1800.0,2100.0,1950.0,2000.0,2000.0,1892.857142857143,1939.2857142857144,133.6306209562121,105.93643128087513,-50.0,-50.0,1.030188679245283,1.0055248618784531,4,5,2022-04-09,1900.0
Rajahmundry APMC,Paddy,2022-04-02,0.5,1940.0,1940.0,1940.0,1940.0,1940.0,1940.0,1940.0,3.759662683014833e-06,0.0,0.0,0.0,1.0,1.0,4,5,2022-04-09,1940.0
Rajahmundry APMC,Swarna Masuri (New),2022-04-02,0.5,1960.0,1960.0,1960.0,1960.0,1960.0,1960.0,1960.0,5.5120601757511575e-06,4.473617776440681e-06,0.0,0.0,1.0,1.0,4,5,2022-04-09,1960.0
Tanuku APMC,MTU-1010,2022-04-02,1.0,1960.0,1980.0,1970.0,1970.0,1970.0,1971.4285714285716,1970.7142857142856,3.779644730092294,2.6726124191253966,0.0,0.0,0.9992753623188406,0.9996375498368972,4,5,2022-04-10,1970.0
Atmakur (Nandyal District) APMC,Sona Mahsuri,2022-04-03,0.01,1800.0,1800.0,1800.0,1800.0,1800.0,1800.0,1800.0,0.0,0.0,0.0,0.0,1.0,1.0,4,6,2022-04-10,1800.0
Banaganapalli APMC,Sona Mahsuri,2022-04-03,1.0,1800.0,2100.0,1950.0,1950.0,2000.0,1885.7142857142856,1942.857142857143,128.17398889233104,105.35132224562348,0.0,-50.0,1.034090909090909,1.0036764705882353,4,6,2022-04-10,1900.0
Rajahmundry APMC,Paddy,2022-04-03,0.5,1940.0,1940.0,1940.0,1940.0,1940.0,1940.0,1940.0,3.759662683014833e-06,0.0,0.0,0.0,1.0,1.0,4,6,2022-04-10,1940.0
Rajahmundry APMC,Swarna Masuri (New),2022-04-03,0.5,1960.0,1960.0,1960.0,1960.0,1960.0,1960.0,1960.0,5.5120601757511575e-06,4.473617776440681e-06,0.0,0.0,1.0,1.0,4,6,2022-04-10,1960.0
Tanuku APMC,MTU-1010,2022-04-03,1.0,1960.0,1980.0,1970.0,1970.0,1970.0,1971.4285714285716,1970.7142857142856,3.779644730092294,2.6726124191253966,0.0,0.0,0.9992753623188406,0.9996375498368972,4,6,2022-04-10,1970.0
Rajahmundry APMC,Swarna Masuri (New),2022-04-04,0.5,1960.0,1960.0,1960.0,1960.0,1960.0,1960.0,1960.0,5.5120601757511575e-06,4.473617776440681e-06,0.0,0.0,1.0,1.0,4,0,2022-04-11,1960.0
Tanuku APMC,MTU-1010,2022-04-04,1.0,1960.0,1980.0,1970.0,1970.0,1970.0,1971.4285714285716,1970.7142857142856,3.779644730092294,2.6726124191253966,0.0,0.0,0.9992753623188406,0.9996375498368972,4,0,2022-04-11,1970.0
Banaganapalli APMC,Sona Mahsuri,2022-04-04,1.0,1800.0,2000.0,1900.0,1950.0,2000.0,1878.571428571429,1939.2857142857144,121.98750911856654,104.10529327518456,-50.0,-100.0,1.011406844106464,0.9797421731123388,4,0,2022-04-11,1900.0
Atmakur (Nandyal District) APMC,Sona Mahsuri,2022-04-04,0.01,1800.0,1800.0,1800.0,1800.0,1800.0,1800.0,1800.0,0.0,0.0,0.0,0.0,1.0,1.0,4,0,2022-04-11,1800.0
Rajahmundry APMC,Paddy,2022-04-04,0.5,1940.0,1940.0,1940.0,1940.0,1940.0,1940.0,1940.0,3.759662683014833e-06,0.0,0.0,0.0,1.0,1.0,4,0,2022-04-11,1940.0
Atmakur (Nandyal District) APMC,Sona Mahsuri,2022-04-05,0.01,1800.0,1800.0,1800.0,1800.0,1800.0,1800.0,1800.0,0.0,0.0,0.0,0.0,1.0,1.0,4,1,2022-04-12,1800.0
Banaganapalli APMC,Sona Mahsuri,2022-04-05,1.0,1800.0,2000.0,1900.0,1900.0,1750.0,1864.2857142857144,1932.142857142857,110.733485278414,103.04431992173062,0.0,150.0,1.0191570881226053,0.9833641404805916,4,1,2022-04-12,1600.0
Rajahmundry APMC,Paddy,2022-04-05,0.5,1940.0,1940.0,1940.0,1940.0,1940.0,1940.0,1940.0,3.759662683014833e-06,0.0,0.0,0.0,1.0,1.0,4,1,2022-04-16,1940.0
Rajahmundry APMC,Swarna Masuri (New),2022-04-05,0.5,1960.0,1960.0,1960.0,1960.0,1960.0,1960.0,1960.0,5.5120601757511575e-06,4.473617776440681e-06,0.0,0.0,1.0,1.0,4,1,2022-04-16,1960.0
Tanuku APMC,MTU-1010,2022-04-05,1.0,1960.0,1980.0,1970.0,1970.0,1970.0,1971.4285714285716,1970.7142857142856,3.779644730092294,2.6726124191253966,0.0,0.0,0.9992753623188406,0.9996375498368972,4,1,2022-04-12,1970.0
Atmakur (Nandyal District) APMC,Sona Mahsuri,2022-04-06,0.01,1800.0,1800.0,1800.0,1800.0,1800.0,1800.0,1800.0,0.0,0.0,0.0,0.0,1.0,1.0,4,2,2022-04-13,1800.0
Banaganapalli APMC,Sona Mahsuri,2022-04-06,1.0,1700.0,2100.0,1900.0,1900.0,1750.0,1885.7142857142856,1925.0,98.80235200593522,101.4320538018512,0.0,150.0,1.0075757575757576,0.987012987012987,4,2,2022-04-13,1850.0
Rajahmundry APMC,Paddy,2022-04-06,0.5,1940.0,1940.0,1940.0,1940.0,1940.0,1940.0,1940.0,3.759662683014833e-06,0.0,0.0,0.0,1.0,1.0,4,2,2022-04-16,1940.0
Rajahmundry APMC,Swarna Masuri (New),2022-04-06,0.5,1960.0,1960.0,1960.0,1960.0,1960.0,1960.0,1960.0,5.5120601757511575e-06,4.473617776440681e-06,0.0,0.0,1.0,1.0,4,2,2022-04-16,1960.0
Tanuku APMC,MTU-1010,2022-04-06,1.0,1960.0,1980.0,1970.0,1970.0,1970.0,1971.4285714285716,1970.7142857142856,3.779644730092294,2.6726124191253966,0.0,0.0,0.9992753623188406,0.9996375498368972,4,2,2022-04-13,1970.0
Tanuku APMC,MTU-1010,2022-04-07,1.0,1960.0,1980.0,1970.0,1970.0,1980.0,1971.4285714285716,1970.7142857142856,3.779644730092294,2.6726124191253966,0.0,-10.0,0.9992753623188406,0.9996375498368972,4,3,2022-04-14,1970.0
Rajahmundry APMC,Swarna Masuri (New),2022-04-07,0.5,1960.0,1960.0,1960.0,1960.0,1960.0,1960.0,1960.0,5.5120601757511575e-06,4.473617776440681e-06,0.0,0.0,1.0,1.0,4,3,2022-04-16,1960.0
Banaganapalli APMC,Sona Mahsuri,2022-04-07,1.0,1700.0,2100.0,1900.0,1900.0,1750.0,1907.142857142857,1917.857142857143,78.6795792469442,99.24162986822212,0.0,150.0,0.99625468164794,0.9906890130353816,4,3,2022-04-14,1800.0
Atmakur (Nandyal District) APMC,Sona Mahsuri,2022-04-07,0.01,1800.0,1800.0,1800.0,1800.0,1800.0,1800.0,1800.0,0.0,0.0,0.0,0.0,1.0,1.0,4,3,2022-04-14,1800.0
Rajahmundry APMC,Paddy,2022-04-07,0.5,1940.0,1940.0,1940.0,1940.0,1940.0,1940.0,1940.0,3.759662683014833e-06,0.0,0.0,0.0,1.0,1.0,4,3,2022-04-16,1940.0
Atmakur (Nandyal District) APMC,Sona Mahsuri,2022-04-08,0.01,1800.0,1800.0,1800.0,1800.0,1800.0,1800.0,1800.0,0.0,0.0,0.0,0.0,1.0,1.0,4,4,2022-04-15,1800.0
Banaganapalli APMC,Sona Mahsuri,2022-04-08,1.0,1700.0,2100.0,1900.0,1900.0,2000.0,1928.571428571429,1910.7142857142856,39.33978962347207,96.4336587994599,0.0,-100.0,0.9851851851851852,0.994392523364486,4,4,2022-04-15,1800.0
Rajahmundry APMC,Paddy,2022-04-08,0.5,1940.0,1940.0,1940.0,1940.0,1940.0,1940.0,1940.0,3.759662683014833e-06,0.0,0.0,0.0,1.0,1.0,4,4,2022-04-16,1940.0
Rajahmundry APMC,Swarna Masuri (New),2022-04-08,0.5,1960.0,1960.0,1960.0,1960.0,1960.0,1960.0,1960.0,5.5120601757511575e-06,4.473617776440681e-06,0.0,0.0,1.0,1.0,4,4,2022-04-16,1960.0
Tanuku APMC,MTU-1010,2022-04-08,1.0,1960.0,1980.0,1970.0,1970.0,1970.0,1970.0,1970.7142857142856,0.0,2.6726124191253966,0.0,0.0,1.0,0.9996375498368972,4,4,2022-04-15,1970.0
Atmakur (Nandyal District) APMC,Sona Mahsuri,2022-04-09,0.01,1800.0,1800.0,1800.0,1800.0,1800.0,1800.0,1800.0,0.0,0.0,0.0,0.0,1.0,1.0,4,5,2022-04-16,1800.0
Banaganapalli APMC,Sona Mahsuri,2022-04-09,1.0,1700.0,2100.0,1900.0,1900.0,1950.0,1914.2857142857144,1903.571428571429,24.39750182371296,92.95219142177336,0.0,-50.0,0.9925373134328358,0.99812382739212,4,5,2022-04-16,1800.0
Rajahmundry APMC,Paddy,2022-04-09,0.5,1940.0,1940.0,1940.0,1940.0,1940.0,1940.0,1940.0,3.759662683014833e-06,0.0,0.0,0.0,1.0,1.0,4,5,2022-04-16,1940.0
Rajahmundry APMC,Swarna Masuri (New),2022-04-09,0.5,1960.0,1960.0,1960.0,1960.0,1960.0,1960.0,1960.0,5.5120601757511575e-06,4.473617776440681e-06,0.0,0.0,1.0,1.0,4,5,2022-04-16,1960.0
Tanuku APMC,MTU-1010,2022-04-10,1.0,1960.0,1980.0,1970.0,1970.0,1970.0,1970.0,1970.7142857142856,0.0,2.6726124191253966,0.0,0.0,1.0,0.9996375498368972,4,6,2022-04-17,1970.0
Rajahmundry APMC,Swarna Masuri (New),2022-04-10,0.5,1960.0,1960.0,1960.0,1960.0,1960.0,1960.0,1960.0,5.5120601757511575e-06,4.473617776440681e-06,0.0,0.0,1.0,1.0,4,6,2022-04-17,1960.0
Rajahmundry APMC,Paddy,2022-04-10,0.5,1940.0,1940.0,1940.0,1940.0,1940.0,1940.0,1940.0,3.759662683014833e-06,0.0,0.0,0.0,1.0,1.0,4,6,2022-04-17,1940.0
Banaganapalli APMC,Sona Mahsuri,2022-04-10,1.0,1700.0,2100.0,1900.0,1900.0,1950.0,1907.142857142857,1896.4285714285716,18.898223650460768,88.71797518473481,0.0,-50.0,0.99625468164794,1.0018832391713748,4,6,2022-04-17,1800.0
Atmakur (Nandyal District) APMC,Sona Mahsuri,2022-04-10,0.01,1800.0,1800.0,1800.0,1800.0,1800.0,1800.0,1800.0,0.0,0.0,0.0,0.0,1.0,1.0,4,6,2022-04-17,1800.0
Atmakur (Nandyal District) APMC,Sona Mahsuri,2022-04-11,0.01,1800.0,1800.0,1800.0,1800.0,1800.0,1800.0,1800.0,0.0,0.0,0.0,0.0,1.0,1.0,4,0,2022-04-18,1800.0
Banaganapalli APMC,Sona Mahsuri,2022-04-11,1.0,1700.0,2000.0,1900.0,1900.0,1900.0,1900.0,1889.2857142857144,0.0,83.61673422083848,0.0,0.0,1.0,1.005671077504726,4,0,2022-04-18,1750.0
Rajahmundry APMC,Paddy,2022-04-11,0.5,1940.0,1940.0,1940.0,1940.0,1940.0,1940.0,1940.0,3.759662683014833e-06,0.0,0.0,0.0,1.0,1.0,4,0,2022-04-18,1940.0
Rajahmundry APMC,Swarna Masuri (New),2022-04-11,0.5,1960.0,1960.0,1960.0,1960.0,1960.0,1960.0,1960.0,5.5120601757511575e-06,4.473617776440681e-06,0.0,0.0,1.0,1.0,4,0,2022-04-18,1960.0
Tanuku APMC,MTU-1010,2022-04-11,1.0,1960.0,1980.0,1970.0,1970.0,1970.0,1970.0,1970.7142857142856,0.0,2.6726124191253966,0.0,0.0,1.0,0.9996375498368972,4,0,2022-04-18,1970.0
Atmakur (Nandyal District) APMC,Sona Mahsuri,2022-04-12,0.01,1800.0,1800.0,1800.0,1800.0,1800.0,1800.0,1800.0,0.0,0.0,0.0,0.0,1.0,1.0,4,1,2022-04-19,1800.0
Banaganapalli APMC,Sona Mahsuri,2022-04-12,1.0,1400.0,1800.0,1600.0,1900.0,1900.0,1900.0,1882.142857142857,0.0,77.4773983349167,-300.0,-300.0,0.8421052631578947,0.8500948766603416,4,1,2022-04-19,1600.0
Tanuku APMC,MTU-1010,2022-04-12,1.0,1960.0,1980.0,1970.0,1970.0,1970.0,1970.0,1970.7142857142856,0.0,2.6726124191253966,0.0,0.0,1.0,0.9996375498368972,4,1,2022-04-19,1970.0
Tanuku APMC,MTU-1010,2022-04-13,1.0,1960.0,1980.0,1970.0,1970.0,1970.0,1970.0,1970.7142857142856,0.0,2.6726124191253966,0.0,0.0,1.0,0.9996375498368972,4,2,2022-04-20,1970.0
Chintalapudi APMC,1001,2022-04-13,1.0,1940.0,1960.0,1950.0,1950.0,1950.0,1950.0,1950.0,0.0,0.0,0.0,0.0,1.0,1.0,4,2,2022-04-20,1950.0
Banaganapalli APMC,Sona Mahsuri,2022-04-13,1.0,1700.0,2000.0,1850.0,1600.0,1900.0,1857.142857142857,1871.4285714285716,113.38934190276817,103.24408292653273,250.0,-50.0,0.9961538461538462,0.9885496183206108,4,2,2022-04-20,1600.0
Atmakur (Nandyal District) APMC,Sona Mahsuri,2022-04-13,0.01,1800.0,1800.0,1800.0,1800.0,1800.0,1800.0,1800.0,0.0,0.0,0.0,0.0,1.0,1.0,4,2,2022-04-20,1800.0
Atmakur (Nandyal District) APMC,Sona Mahsuri,2022-04-14,0.01,1800.0,1800.0,1800.0,1800.0,1800.0,1800.0,1800.0,0.0,0.0,0.0,0.0,1.0,1.0,4,3,2022-04-21,1800.0
Banaganapalli APMC,Sona Mahsuri,2022-04-14,1.0,1600.0,2000.0,1800.0,1850.0,1900.0,1850.0,1878.571428571429,111.80339887498948,97.49612559222344,-50.0,-100.0,0.972972972972973,0.9581749049429658,4,3,2022-04-21,1600.0
Chintalapudi APMC,1001,2022-04-14,1.0,1940.0,1960.0,1950.0,1950.0,1950.0,1950.0,1950.0,0.0,0.0,0.0,0.0,1.0,1.0,4,3,2022-04-21,1950.0
Tanuku APMC,MTU-1010,2022-04-14,1.0,1960.0,1980.0,1970.0,1970.0,1970.0,1970.0,1970.7142857142856,0.0,2.6726124191253966,0.0,0.0,1.0,0.9996375498368972,4,3,2022-04-21,1970.0
Atmakur (Nandyal District) APMC,Sona Mahsuri,2022-04-15,0.01,1800.0,1800.0,1800.0,1800.0,1800.0,1800.0,1800.0,0.0,0.0,0.0,0.0,1.0,1.0,4,4,2022-04-22,1800.0
Banaganapalli APMC,Sona Mahsuri,2022-04-15,1.0,1600.0,2000.0,1800.0,1800.0,1900.0,1835.7142857142856,1882.142857142857,110.73348527841414,93.24727848605043,0.0,-100.0,0.980544747081712,0.9563567362428844,4,4,2022-04-22,1700.0
Chintalapudi APMC,1001,2022-04-15,1.0,1940.0,1960.0,1950.0,1950.0,1950.0,1950.0,1950.0,0.0,0.0,0.0,0.0,1.0,1.0,4,4,2022-04-23,1950.0
Tanuku APMC,MTU-1010,2022-04-15,1.0,1960.0,1980.0,1970.0,1970.0,1970.0,1970.0,1970.7142857142856,0.0,2.6726124191253966,0.0,0.0,1.0,0.9996375498368972,4,4,2022-04-22,1970.0
Tanuku APMC,MTU-1010,2022-04-16,1.0,1960.0,1980.0,1970.0,1970.0,1970.0,1970.0,1970.0,0.0,2.2053098967288814e-06,0.0,0.0,1.0,1.0,4,5,2022-04-23,1970.0
Rajahmundry APMC,Paddy,2022-04-16,0.5,1940.0,1940.0,1940.0,1940.0,1940.0,1940.0,1940.0,3.759662683014833e-06,0.0,0.0,0.0,1.0,1.0,4,5,2022-04-23,1940.0
Rajahmundry APMC,Swarna Masuri (New),2022-04-16,0.5,1960.0,1960.0,1960.0,1960.0,1960.0,1960.0,1960.0,5.5120601757511575e-06,4.473617776440681e-06,0.0,0.0,1.0,1.0,4,5,2022-04-23,1960.0
Banaganapalli APMC,Sona Mahsuri,2022-04-16,1.0,1600.0,2000.0,1800.0,1800.0,1900.0,1821.4285714285716,1867.857142857143,107.45984853711198,89.0270979860867,0.0,-100.0,0.9882352941176472,0.9636711281070746,4,5,2022-04-23,1700.0
Chintalapudi APMC,1001,2022-04-16,1.0,1940.0,1960.0,1950.0,1950.0,1950.0,1950.0,1950.0,0.0,0.0,0.0,0.0,1.0,1.0,4,5,2022-04-23,1950.0
Atmakur (Nandyal District) APMC,Sona Mahsuri,2022-04-16,0.01,1800.0,1800.0,1800.0,1800.0,1800.0,1800.0,1800.0,0.0,0.0,0.0,0.0,1.0,1.0,4,5,2022-04-23,1800.0
Atmakur (Nandyal District) APMC,Sona Mahsuri,2022-04-17,0.01,1800.0,1800.0,1800.0,1800.0,1800.0,1800.0,1800.0,0.0,0.0,0.0,0.0,1.0,1.0,4,6,2022-04-24,1800.0
Banaganapalli APMC,Sona Mahsuri,2022-04-17,1.0,1600.0,1900.0,1800.0,1800.0,1900.0,1807.142857142857,1857.142857142857,101.77004891982146,87.39200556894637,0.0,-100.0,0.9960474308300395,0.9692307692307692,4,6,2022-04-24,1600.0
Chintalapudi APMC,1001,2022-04-17,1.0,1940.0,1960.0,1950.0,1950.0,1950.0,1950.0,1950.0,0.0,0.0,0.0,0.0,1.0,1.0,4,6,2022-04-24,1950.0
Rajahmundry APMC,Paddy,2022-04-17,0.5,1940.0,1940.0,1940.0,1940.0,1940.0,1940.0,1940.0,3.759662683014833e-06,0.0,0.0,0.0,1.0,1.0,4,6,2022-04-24,1940.0
Rajahmundry APMC,Swarna Masuri (New),2022-04-17,0.5,1960.0,1960.0,1960.0,1960.0,1960.0,1960.0,1960.0,5.5120601757511575e-06,4.473617776440681e-06,0.0,0.0,1.0,1.0,4,6,2022-04-24,1960.0
Tanuku APMC,MTU-1010,2022-04-17,1.0,1960.0,1980.0,1970.0,1970.0,1970.0,1970.0,1970.0,0.0,2.2053098967288814e-06,0.0,0.0,1.0,1.0,4,6,2022-04-25,1970.0
Rajahmundry APMC,Swarna Masuri (New),2022-04-18,0.5,1960.0,1960.0,1960.0,1960.0,1960.0,1960.0,1960.0,5.5120601757511575e-06,4.473617776440681e-06,0.0,0.0,1.0,1.0,4,0,2022-04-25,1960.0
Rajahmundry APMC,Paddy,2022-04-18,0.5,1940.0,1940.0,1940.0,1940.0,1940.0,1940.0,1940.0,3.759662683014833e-06,0.0,0.0,0.0,1.0,1.0,4,0,2022-04-25,1940.0
Tanuku APMC,MTU-1010,2022-04-18,1.0,1960.0,1980.0,1970.0,1970.0,1970.0,1970.0,1970.0,0.0,2.2053098967288814e-06,0.0,0.0,1.0,1.0,4,0,2022-04-25,1970.0
Banaganapalli APMC,Sona Mahsuri,2022-04-18,1.0,1600.0,1900.0,1750.0,1800.0,1900.0,1792.857142857143,1846.4285714285716,93.2227235735804,84.27127833163846,-50.0,-150.0,0.9760956175298804,0.9477756286266924,4,0,2022-04-25,1600.0
Atmakur (Nandyal District) APMC,Sona Mahsuri,2022-04-18,0.01,1800.0,1800.0,1800.0,1800.0,1800.0,1800.0,1800.0,0.0,0.0,0.0,0.0,1.0,1.0,4,0,2022-04-25,1800.0
Chintalapudi APMC,1001,2022-04-18,1.0,1940.0,1960.0,1950.0,1950.0,1950.0,1950.0,1950.0,0.0,0.0,0.0,0.0,1.0,1.0,4,0,2022-04-25,1950.0
Rajahmundry APMC,Swarna Masuri (New),2022-04-19,0.5,1960.0,1960.0,1960.0,1960.0,1960.0,1960.0,1960.0,5.5120601757511575e-06,4.473617776440681e-06,0.0,0.0,1.0,1.0,4,1,2022-04-26,1960.0
Rajahmundry APMC,Paddy,2022-04-19,0.5,1940.0,1940.0,1940.0,1940.0,1940.0,1940.0,1940.0,3.759662683014833e-06,0.0,0.0,0.0,1.0,1.0,4,1,2022-04-26,1940.0
Tanuku APMC,MTU-1010,2022-04-19,1.0,1960.0,1980.0,1970.0,1970.0,1970.0,1970.0,1970.0,0.0,2.2053098967288814e-06,0.0,0.0,1.0,1.0,4,1,2022-04-26,1970.0
Banaganapalli APMC,Sona Mahsuri,2022-04-19,1.0,1400.0,1800.0,1600.0,1750.0,1600.0,1771.428571428571,1835.7142857142856,80.9173593712686,86.44378215075741,-150.0,0.0,0.903225806451613,0.8715953307392996,4,1,2022-04-26,1600.0
Atmakur (Nandyal District) APMC,Sona Mahsuri,2022-04-19,0.01,1800.0,1800.0,1800.0,1800.0,1800.0,1800.0,1800.0,0.0,0.0,0.0,0.0,1.0,1.0,4,1,2022-04-26,1800.0
Chintalapudi APMC,1001,2022-04-19,1.0,1940.0,1960.0,1950.0,1950.0,1950.0,1950.0,1950.0,0.0,0.0,0.0,0.0,1.0,1.0,4,1,2022-04-26,1950.0
Atmakur (Nandyal District) APMC,Sona Mahsuri,2022-04-20,0.01,1800.0,1800.0,1800.0,1800.0,1800.0,1800.0,1800.0,0.0,0.0,0.0,0.0,1.0,1.0,4,2,2022-04-28,1800.0
Banaganapalli APMC,Sona Mahsuri,2022-04-20,1.0,1400.0,1800.0,1600.0,1600.0,1850.0,1771.428571428571,1814.2857142857144,80.9173593712686,104.56608405245976,0.0,-250.0,0.903225806451613,0.8818897637795275,4,2,2022-04-27,1700.0
Chintalapudi APMC,1001,2022-04-20,1.0,1940.0,1960.0,1950.0,1950.0,1950.0,1950.0,1950.0,0.0,0.0,0.0,0.0,1.0,1.0,4,2,2022-04-27,1950.0
Rajahmundry APMC,Paddy,2022-04-20,0.5,1940.0,1940.0,1940.0,1940.0,1940.0,1940.0,1940.0,3.759662683014833e-06,0.0,0.0,0.0,1.0,1.0,4,2,2022-04-27,1940.0
Rajahmundry APMC,Swarna Masuri (New),2022-04-20,0.5,1960.0,1960.0,1960.0,1960.0,1960.0,1960.0,1960.0,5.5120601757511575e-06,4.473617776440681e-06,0.0,0.0,1.0,1.0,4,2,2022-04-27,1960.0
Tanuku APMC,MTU-1010,2022-04-20,1.0,1960.0,1980.0,1970.0,1970.0,1970.0,1970.0,1970.0,0.0,2.2053098967288814e-06,0.0,0.0,1.0,1.0,4,2,2022-04-27,1970.0
Tanuku APMC,MTU-1010,2022-04-21,1.0,1960.0,1980.0,1970.0,1970.0,1970.0,1970.0,1970.0,0.0,2.2053098967288814e-06,0.0,0.0,1.0,1.0,4,3,2022-04-28,1980.0
Rajahmundry APMC,Swarna Masuri (New),2022-04-21,0.5,1960.0,1960.0,1960.0,1960.0,1960.0,1960.0,1960.0,5.5120601757511575e-06,4.473617776440681e-06,0.0,0.0,1.0,1.0,4,3,2022-04-28,1960.0
Rajahmundry APMC,Paddy,2022-04-21,0.5,1940.0,1940.0,1940.0,1940.0,1940.0,1940.0,1940.0,3.759662683014833e-06,0.0,0.0,0.0,1.0,1.0,4,3,2022-04-28,1940.0
Chintalapudi APMC,1001,2022-04-21,1.0,1940.0,1960.0,1950.0,1950.0,1950.0,1950.0,1950.0,0.0,0.0,0.0,0.0,1.0,1.0,4,3,2022-04-28,1950.0
Banaganapalli APMC,Sona Mahsuri,2022-04-21,1.0,1400.0,1900.0,1600.0,1600.0,1800.0,1735.7142857142858,1792.857142857143,94.49111825230668,115.7868447043686,0.0,-200.0,0.9218106995884772,0.8924302788844621,4,3,2022-04-28,1800.0
Atmakur (Nandyal District) APMC,Sona Mahsuri,2022-04-21,0.01,1800.0,1800.0,1800.0,1800.0,1800.0,1800.0,1800.0,0.0,0.0,0.0,0.0,1.0,1.0,4,3,2022-04-28,1800.0
Atmakur (Nandyal District) APMC,Sona Mahsuri,2022-04-22,0.01,1800.0,1800.0,1800.0,1800.0,1800.0,1800.0,1800.0,0.0,0.0,0.0,0.0,1.0,1.0,4,4,2022-04-29,1800.0
Banaganapalli APMC,Sona Mahsuri,2022-04-22,1.0,1500.0,1900.0,1700.0,1600.0,1800.0,1707.142857142857,1771.428571428571,101.77004891982128,122.02503796397716,100.0,-100.0,0.99581589958159,0.9596774193548387,4,4,2022-04-29,1800.0
Rajahmundry APMC,Paddy,2022-04-22,0.5,1940.0,1940.0,1940.0,1940.0,1940.0,1940.0,1940.0,3.759662683014833e-06,0.0,0.0,0.0,1.0,1.0,4,4,2022-04-29,1940.0
Rajahmundry APMC,Swarna Masuri (New),2022-04-22,0.5,1960.0,1960.0,1960.0,1960.0,1960.0,1960.0,1960.0,5.5120601757511575e-06,4.473617776440681e-06,0.0,0.0,1.0,1.0,4,4,2022-04-29,1960.0
Tanuku APMC,MTU-1010,2022-04-22,1.0,1960.0,1980.0,1970.0,1970.0,1970.0,1970.0,1970.0,0.0,2.2053098967288814e-06,0.0,0.0,1.0,1.0,4,4,2022-04-29,1970.0
Atmakur (Nandyal District) APMC,Sona Mahsuri,2022-04-23,0.01,1800.0,1800.0,1800.0,1800.0,1800.0,1800.0,1800.0,0.0,0.0,0.0,0.0,1.0,1.0,4,5,2022-04-30,1800.0
Banaganapalli APMC,Sona Mahsuri,2022-04-23,1.0,1500.0,1900.0,1700.0,1700.0,1800.0,1692.857142857143,1757.142857142857,93.22272357358018,117.43597741411692,0.0,-100.0,1.0042194092827004,0.967479674796748,4,5,2022-04-30,1750.0
Chintalapudi APMC,1001,2022-04-23,1.0,1940.0,1960.0,1950.0,1950.0,1950.0,1950.0,1950.0,0.0,0.0,0.0,0.0,1.0,1.0,4,5,2022-04-30,1950.0
Tanuku APMC,MTU-1010,2022-04-23,1.0,1960.0,1980.0,1970.0,1970.0,1970.0,1970.0,1970.0,0.0,2.2053098967288814e-06,0.0,0.0,1.0,1.0,4,5,2022-04-30,1970.0
Banaganapalli APMC,Sona Mahsuri,2022-04-24,1.0,1400.0,1800.0,1600.0,1700.0,1800.0,1678.571428571429,1742.857142857143,80.91735937126832,110.6921282329844,-100.0,-200.0,0.953191489361702,0.918032786885246,4,6,2022-05-01,1700.0
Chintalapudi APMC,1001,2022-04-24,1.0,1940.0,1960.0,1950.0,1950.0,1950.0,1950.0,1950.0,0.0,0.0,0.0,0.0,1.0,1.0,4,6,2022-05-01,1950.0
Atmakur (Nandyal District) APMC,Sona Mahsuri,2022-04-24,0.01,1800.0,1800.0,1800.0,1800.0,1800.0,1800.0,1800.0,0.0,0.0,0.0,0.0,1.0,1.0,4,6,2022-05-01,1800.0
Atmakur (Nandyal District) APMC,Sona Mahsuri,2022-04-25,0.01,1800.0,1800.0,1800.0,1800.0,1800.0,1800.0,1800.0,0.0,0.0,0.0,0.0,1.0,1.0,4,0,2022-05-02,1800.0
Banaganapalli APMC,Sona Mahsuri,2022-04-25,1.0,1350.0,1900.0,1600.0,1600.0,1750.0,1650.0,1721.428571428571,64.54972243678965,106.90449676497084,0.0,-150.0,0.9696969696969696,0.9294605809128632,4,0,2022-05-02,1700.0
Chintalapudi APMC,1001,2022-04-25,1.0,1940.0,1960.0,1950.0,1950.0,1950.0,1950.0,1950.0,0.0,0.0,0.0,0.0,1.0,1.0,4,0,2022-05-02,1950.0
Rajahmundry APMC,Paddy,2022-04-25,0.5,1940.0,1940.0,1940.0,1940.0,1940.0,1940.0,1940.0,3.759662683014833e-06,0.0,0.0,0.0,1.0,1.0,4,0,2022-05-09,1940.0
Rajahmundry APMC,Swarna Masuri (New),2022-04-25,0.5,1960.0,1960.0,1960.0,1960.0,1960.0,1960.0,1960.0,5.5120601757511575e-06,4.473617776440681e-06,0.0,0.0,1.0,1.0,4,0,2022-05-09,1960.0
Tanuku APMC,MTU-1010,2022-04-25,1.0,1960.0,1980.0,1970.0,1970.0,1970.0,1970.0,1970.0,0.0,2.2053098967288814e-06,0.0,0.0,1.0,1.0,4,0,2022-05-02,1970.0
Atmakur (Nandyal District) APMC,Sona Mahsuri,2022-04-26,0.01,1800.0,1800.0,1800.0,1800.0,1800.0,1800.0,1800.0,0.0,0.0,0.0,0.0,1.0,1.0,4,1,2022-05-03,1800.0
Banaganapalli APMC,Sona Mahsuri,2022-04-26,1.0,1400.0,1800.0,1600.0,1600.0,1600.0,1628.571428571429,1700.0,48.79500364742569,98.05806756909332,0.0,0.0,0.9824561403508772,0.9411764705882352,4,1,2022-05-03,1600.0
Chintalapudi APMC,1001,2022-04-26,1.0,1940.0,1960.0,1950.0,1950.0,1950.0,1950.0,1950.0,0.0,0.0,0.0,0.0,1.0,1.0,4,1,2022-05-04,1950.0
Rajahmundry APMC,Paddy,2022-04-26,0.5,1940.0,1940.0,1940.0,1940.0,1940.0,1940.0,1940.0,3.759662683014833e-06,0.0,0.0,0.0,1.0,1.0,4,1,2022-05-09,1940.0
Rajahmundry APMC,Swarna Masuri (New),2022-04-26,0.5,1960.0,1960.0,1960.0,1960.0,1960.0,1960.0,1960.0,5.5120601757511575e-06,4.473617776440681e-06,0.0,0.0,1.0,1.0,4,1,2022-05-09,1960.0
Tanuku APMC,MTU-1010,2022-04-26,1.0,1960.0,1980.0,1970.0,1970.0,1970.0,1970.0,1970.0,0.0,2.2053098967288814e-06,0.0,0.0,1.0,1.0,4,1,2022-05-03,1970.0
Rajahmundry APMC,Swarna Masuri (New),2022-04-27,0.5,1960.0,1960.0,1960.0,1960.0,1960.0,1960.0,1960.0,5.5120601757511575e-06,4.473617776440681e-06,0.0,0.0,1.0,1.0,4,2,2022-05-09,1960.0
Tanuku APMC,MTU-1010,2022-04-27,1.0,1960.0,1980.0,1970.0,1970.0,1970.0,1970.0,1970.0,0.0,2.2053098967288814e-06,0.0,0.0,1.0,1.0,4,2,2022-05-04,1970.0
Chintalapudi APMC,1001,2022-04-27,1.0,1940.0,1960.0,1950.0,1950.0,1950.0,1950.0,1950.0,0.0,0.0,0.0,0.0,1.0,1.0,4,2,2022-05-04,1950.0
Banaganapalli APMC,Sona Mahsuri,2022-04-27,1.0,1500.0,1900.0,1700.0,1600.0,1600.0,1628.571428571429,1700.0,48.79500364742569,98.05806756909332,100.0,100.0,1.043859649122807,1.0,4,2,2022-05-04,1600.0
Rajahmundry APMC,Paddy,2022-04-27,0.5,1940.0,1940.0,1940.0,1940.0,1940.0,1940.0,1940.0,3.759662683014833e-06,0.0,0.0,0.0,1.0,1.0,4,2,2022-05-09,1940.0
Atmakur (Nandyal District) APMC,Sona Mahsuri,2022-04-28,0.01,1800.0,1800.0,1800.0,1800.0,1800.0,1800.0,1800.0,0.0,0.0,0.0,0.0,1.0,1.0,4,3,2022-05-05,1800.0
Banaganapalli APMC,Sona Mahsuri,2022-04-28,1.0,1600.0,1800.0,1800.0,1700.0,1600.0,1642.857142857143,1689.2857142857142,53.45224838248407,88.09647558778545,100.0,200.0,1.0956521739130434,1.06553911205074,4,3,2022-05-05,1700.0
Chintalapudi APMC,1001,2022-04-28,1.0,1940.0,1960.0,1950.0,1950.0,1950.0,1950.0,1950.0,0.0,0.0,0.0,0.0,1.0,1.0,4,3,2022-05-05,1950.0
Rajahmundry APMC,Paddy,2022-04-28,0.5,1940.0,1940.0,1940.0,1940.0,1940.0,1940.0,1940.0,3.759662683014833e-06,0.0,0.0,0.0,1.0,1.0,4,3,2022-05-09,1940.0
Rajahmundry APMC,Swarna Masuri (New),2022-04-28,0.5,1960.0,1960.0,1960.0,1960.0,1960.0,1960.0,1960.0,5.5120601757511575e-06,4.473617776440681e-06,0.0,0.0,1.0,1.0,4,3,2022-05-09,1960.0
Tanuku APMC,MTU-1010,2022-04-28,1.0,1960.0,1980.0,1980.0,1970.0,1970.0,1970.0,1970.0,0.0,2.2053098967288814e-06,10.0,10.0,1.0050761421319796,1.0050761421319796,4,3,2022-05-05,1970.0
Tanuku APMC,MTU-1010,2022-04-29,1.0,1960.0,1980.0,1970.0,1980.0,1970.0,1971.4285714285716,1970.7142857142856,3.779644730092294,2.6726124191253966,-10.0,0.0,0.9992753623188406,0.9996375498368972,4,4,2022-05-06,1970.0
Rajahmundry APMC,Swarna Masuri (New),2022-04-29,0.5,1960.0,1960.0,1960.0,1960.0,1960.0,1960.0,1960.0,5.5120601757511575e-06,4.473617776440681e-06,0.0,0.0,1.0,1.0,4,4,2022-05-09,1960.0
Rajahmundry APMC,Paddy,2022-04-29,0.5,1940.0,1940.0,1940.0,1940.0,1940.0,1940.0,1940.0,3.759662683014833e-06,0.0,0.0,0.0,1.0,1.0,4,4,2022-05-09,1940.0
Banaganapalli APMC,Sona Mahsuri,2022-04-29,1.0,1600.0,2000.0,1800.0,1800.0,1700.0,1671.428571428571,1689.2857142857142,75.59289460184495,88.09647558778545,0.0,100.0,1.076923076923077,1.06553911205074,4,4,2022-05-06,1900.0
Atmakur (Nandyal District) APMC,Sona Mahsuri,2022-04-29,0.01,1800.0,1800.0,1800.0,1800.0,1800.0,1800.0,1800.0,0.0,0.0,0.0,0.0,1.0,1.0,4,4,2022-05-08,1800.0
Chintalapudi APMC,1001,2022-04-29,1.0,1940.0,1960.0,1950.0,1950.0,1950.0,1950.0,1950.0,0.0,0.0,0.0,0.0,1.0,1.0,4,4,2022-05-09,1950.0
Atmakur (Nandyal District) APMC,Sona Mahsuri,2022-04-30,0.01,1800.0,1800.0,1800.0,1800.0,1800.0,1800.0,1800.0,0.0,0.0,0.0,0.0,1.0,1.0,4,5,2022-05-08,1800.0
Banaganapalli APMC,Sona Mahsuri,2022-04-30,1.0,1600.0,1900.0,1750.0,1800.0,1700.0,1685.7142857142858,1689.2857142857142,89.97354108424334,88.09647558778545,-50.0,50.0,1.0381355932203389,1.0359408033826638,4,5,2022-05-08,1700.0
Chintalapudi APMC,1001,2022-04-30,1.0,1940.0,1960.0,1950.0,1950.0,1950.0,1950.0,1950.0,0.0,0.0,0.0,0.0,1.0,1.0,4,5,2022-05-09,1950.0
Tanuku APMC,MTU-1010,2022-04-30,1.0,1960.0,1980.0,1970.0,1970.0,1970.0,1971.4285714285716,1970.7142857142856,3.779644730092294,2.6726124191253966,0.0,0.0,0.9992753623188406,0.9996375498368972,4,5,2022-05-14,1970.0
Tanuku APMC,MTU-1010,2022-05-01,1.0,1960.0,1980.0,1970.0,1970.0,1970.0,1971.4285714285716,1970.7142857142856,3.779644730092294,2.6726124191253966,0.0,0.0,0.9992753623188406,0.9996375498368972,5,6,2022-05-14,1970.0
Atmakur (Nandyal District) APMC,Sona Mahsuri,2022-05-01,0.01,1800.0,1800.0,1800.0,1800.0,1800.0,1800.0,1800.0,0.0,0.0,0.0,0.0,1.0,1.0,5,6,2022-05-08,1800.0
Banaganapalli APMC,Sona Mahsuri,2022-05-01,1.0,1500.0,1900.0,1700.0,1750.0,1600.0,1692.857142857143,1685.7142857142858,93.22272357358008,84.18973861411116,-50.0,100.0,1.0042194092827004,1.0084745762711864,5,6,2022-05-08,1700.0
Chintalapudi APMC,1001,2022-05-01,1.0,1940.0,1960.0,1950.0,1950.0,1950.0,1950.0,1950.0,0.0,0.0,0.0,0.0,1.0,1.0,5,6,2022-05-09,1950.0
Chintalapudi APMC,1001,2022-05-02,1.0,1940.0,1960.0,1950.0,1950.0,1950.0,1950.0,1950.0,0.0,0.0,0.0,0.0,1.0,1.0,5,0,2022-05-09,1950.0
Tanuku APMC,MTU-1010,2022-05-02,1.0,1960.0,1980.0,1970.0,1970.0,1970.0,1971.4285714285716,1970.7142857142856,3.779644730092294,2.6726124191253966,0.0,0.0,0.9992753623188406,0.9996375498368972,5,0,2022-05-14,1970.0
Atmakur (Nandyal District) APMC,Sona Mahsuri,2022-05-02,0.01,1800.0,1800.0,1800.0,1800.0,1800.0,1800.0,1800.0,0.0,0.0,0.0,0.0,1.0,1.0,5,0,2022-05-09,1800.0
Banaganapalli APMC,Sona Mahsuri,2022-05-02,1.0,1500.0,1900.0,1700.0,1700.0,1600.0,1707.142857142857,1678.571428571429,83.80817098475222,77.74288420142595,0.0,100.0,0.99581589958159,1.0127659574468084,5,0,2022-05-09,1750.0
Tanuku APMC,MTU-1010,2022-05-03,1.0,1960.0,1980.0,1970.0,1970.0,1970.0,1971.4285714285716,1970.7142857142856,3.779644730092294,2.6726124191253966,0.0,0.0,0.9992753623188406,0.9996375498368972,5,1,2022-05-14,1970.0
Banaganapalli APMC,Sona Mahsuri,2022-05-03,1.0,1300.0,1900.0,1600.0,1700.0,1600.0,1721.428571428571,1675.0,69.86381310057682,75.31983087525629,-100.0,0.0,0.9294605809128632,0.9552238805970148,5,1,2022-05-10,1700.0
Atmakur (Nandyal District) APMC,Sona Mahsuri,2022-05-03,0.01,1800.0,1800.0,1800.0,1800.0,1800.0,1800.0,1800.0,0.0,0.0,0.0,0.0,1.0,1.0,5,1,2022-05-10,1800.0
Atmakur (Nandyal District) APMC,Sona Mahsuri,2022-05-04,0.01,1800.0,1800.0,1800.0,1800.0,1800.0,1800.0,1800.0,0.0,0.0,0.0,0.0,1.0,1.0,5,2,2022-05-11,1800.0
Banaganapalli APMC,Sona Mahsuri,2022-05-04,1.0,1300.0,1900.0,1600.0,1600.0,1700.0,1721.428571428571,1675.0,69.86381310057682,75.31983087525629,0.0,-100.0,0.9294605809128632,0.9552238805970148,5,2,2022-05-11,1700.0
Chintalapudi APMC,1001,2022-05-04,1.0,1940.0,1960.0,1950.0,1950.0,1950.0,1950.0,1950.0,0.0,0.0,0.0,0.0,1.0,1.0,5,2,2022-05-11,1950.0
Tanuku APMC,MTU-1010,2022-05-04,1.0,1960.0,1980.0,1970.0,1970.0,1970.0,1971.4285714285716,1970.7142857142856,3.779644730092294,2.6726124191253966,0.0,0.0,0.9992753623188406,0.9996375498368972,5,2,2022-05-14,1970.0
Atmakur (Nandyal District) APMC,Sona Mahsuri,2022-05-05,0.01,1800.0,1800.0,1800.0,1800.0,1800.0,1800.0,1800.0,0.0,0.0,0.0,0.0,1.0,1.0,5,3,2022-05-13,1800.0
Banaganapalli APMC,Sona Mahsuri,2022-05-05,1.0,1300.0,1900.0,1700.0,1600.0,1800.0,1707.142857142857,1675.0,83.80817098475227,75.31983087525629,100.0,-100.0,0.99581589958159,1.0149253731343284,5,3,2022-05-12,1700.0
Chintalapudi APMC,1001,2022-05-05,1.0,1940.0,1960.0,1950.0,1950.0,1950.0,1950.0,1950.0,0.0,0.0,0.0,0.0,1.0,1.0,5,3,2022-05-12,1950.0
Tanuku APMC,MTU-1010,2022-05-05,1.0,1960.0,1980.0,1970.0,1970.0,1980.0,1971.4285714285716,1970.7142857142856,3.779644730092294,2.6726124191253966,0.0,-10.0,0.9992753623188406,0.9996375498368972,5,3,2022-05-14,1970.0
Banaganapalli APMC,Sona Mahsuri,2022-05-06,1.0,1700.0,2100.0,1900.0,1700.0,1800.0,1692.857142857143,1682.142857142857,73.19250547113963,72.34304723687522,200.0,100.0,1.1223628691983123,1.129511677282378,5,4,2022-05-13,1700.0
Tanuku APMC,MTU-1010,2022-05-06,1.0,1960.0,1980.0,1970.0,1970.0,1970.0,1970.0,1970.7142857142856,0.0,2.6726124191253966,0.0,0.0,1.0,0.9996375498368972,5,4,2022-05-14,1970.0
Atmakur (Nandyal District) APMC,Sona Mahsuri,2022-05-08,0.01,1800.0,1800.0,1800.0,1800.0,1800.0,1800.0,1800.0,0.0,0.0,0.0,0.0,1.0,1.0,5,6,2022-05-15,1800.0
Banaganapalli APMC,Sona Mahsuri,2022-05-08,1.0,1400.0,2000.0,1700.0,1900.0,1750.0,1707.142857142857,1696.428571428571,101.77004891982124,92.95219142177416,-200.0,-50.0,0.99581589958159,1.0021052631578948,5,6,2022-05-15,1700.0
Rajahmundry APMC,Swarna Masuri (New),2022-05-09,0.5,1960.0,1960.0,1960.0,1960.0,1960.0,1960.0,1960.0,5.5120601757511575e-06,4.473617776440681e-06,0.0,0.0,1.0,1.0,5,0,2022-05-16,1960.0
Rajahmundry APMC,Paddy,2022-05-09,0.5,1940.0,1940.0,1940.0,1940.0,1940.0,1940.0,1940.0,3.759662683014833e-06,0.0,0.0,0.0,1.0,1.0,5,0,2022-05-16,1940.0
Banaganapalli APMC,Sona Mahsuri,2022-05-09,1.0,1350.0,2000.0,1750.0,1700.0,1700.0,1700.0,1696.428571428571,99.99999999999976,92.95219142177416,50.0,50.0,1.0294117647058822,1.0315789473684212,5,0,2022-05-16,1650.0
Atmakur (Nandyal District) APMC,Sona Mahsuri,2022-05-09,0.01,1800.0,1800.0,1800.0,1800.0,1800.0,1800.0,1800.0,0.0,0.0,0.0,0.0,1.0,1.0,5,0,2022-05-16,1800.0
Chintalapudi APMC,1001,2022-05-09,1.0,1940.0,1960.0,1950.0,1950.0,1950.0,1950.0,1950.0,0.0,0.0,0.0,0.0,1.0,1.0,5,0,2022-05-22,1950.0
Atmakur (Nandyal District) APMC,Sona Mahsuri,2022-05-10,0.01,1800.0,1800.0,1800.0,1800.0,1800.0,1800.0,1800.0,0.0,0.0,0.0,0.0,1.0,1.0,5,1,2022-05-17,1800.0
Banaganapalli APMC,Sona Mahsuri,2022-05-10,1.0,1400.0,2000.0,1700.0,1750.0,1700.0,1707.142857142857,1707.142857142857,101.77004891982124,89.56549571111783,-50.0,0.0,0.99581589958159,0.99581589958159,5,1,2022-05-17,1650.0
Chintalapudi APMC,1001,2022-05-10,1.0,1940.0,1960.0,1950.0,1950.0,1950.0,1950.0,1950.0,0.0,0.0,0.0,0.0,1.0,1.0,5,1,2022-05-22,1950.0
Rajahmundry APMC,Paddy,2022-05-10,0.5,1940.0,1940.0,1940.0,1940.0,1940.0,1940.0,1940.0,3.759662683014833e-06,0.0,0.0,0.0,1.0,1.0,5,1,2022-05-17,1940.0
Rajahmundry APMC,Swarna Masuri (New),2022-05-10,0.5,1960.0,1960.0,1960.0,1960.0,1960.0,1960.0,1960.0,5.5120601757511575e-06,4.473617776440681e-06,0.0,0.0,1.0,1.0,5,1,2022-05-17,1960.0
Atmakur (Nandyal District) APMC,Sona Mahsuri,2022-05-11,0.01,1800.0,1800.0,1800.0,1800.0,1800.0,1800.0,1800.0,0.0,0.0,0.0,0.0,1.0,1.0,5,2,2022-05-18,1800.0
Banaganapalli APMC,Sona Mahsuri,2022-05-11,1.0,1350.0,2000.0,1700.0,1700.0,1600.0,1707.142857142857,1714.2857142857142,101.77004891982124,84.18973861411094,0.0,100.0,0.99581589958159,0.9916666666666668,5,2,2022-05-18,1650.0
Chintalapudi APMC,1001,2022-05-11,1.0,1940.0,1960.0,1950.0,1950.0,1950.0,1950.0,1950.0,0.0,0.0,0.0,0.0,1.0,1.0,5,2,2022-05-22,1950.0
Rajahmundry APMC,Paddy,2022-05-11,0.5,1940.0,1940.0,1940.0,1940.0,1940.0,1940.0,1940.0,3.759662683014833e-06,0.0,0.0,0.0,1.0,1.0,5,2,2022-05-18,1940.0
Rajahmundry APMC,Swarna Masuri (New),2022-05-11,0.5,1960.0,1960.0,1960.0,1960.0,1960.0,1960.0,1960.0,5.5120601757511575e-06,4.473617776440681e-06,0.0,0.0,1.0,1.0,5,2,2022-05-18,1960.0
Rajahmundry APMC,Swarna Masuri (New),2022-05-12,0.5,1960.0,1960.0,1960.0,1960.0,1960.0,1960.0,1960.0,5.5120601757511575e-06,4.473617776440681e-06,0.0,0.0,1.0,1.0,5,3,2022-05-19,1960.0
Rajahmundry APMC,Paddy,2022-05-12,0.5,1940.0,1940.0,1940.0,1940.0,1940.0,1940.0,1940.0,3.759662683014833e-06,0.0,0.0,0.0,1.0,1.0,5,3,2022-05-19,1940.0
Banaganapalli APMC,Sona Mahsuri,2022-05-12,1.0,1300.0,2000.0,1700.0,1700.0,1600.0,1721.428571428571,1721.428571428571,90.63269671749636,77.74288420142558,0.0,100.0,0.9875518672199172,0.9875518672199172,5,3,2022-05-19,1700.0
Chintalapudi APMC,1001,2022-05-12,1.0,1940.0,1960.0,1950.0,1950.0,1950.0,1950.0,1950.0,0.0,0.0,0.0,0.0,1.0,1.0,5,3,2022-05-22,1950.0
Atmakur (Nandyal District) APMC,Sona Mahsuri,2022-05-13,0.01,1800.0,1800.0,1800.0,1800.0,1800.0,1800.0,1800.0,0.0,0.0,0.0,0.0,1.0,1.0,5,4,2022-05-20,1800.0
Banaganapalli APMC,Sona Mahsuri,2022-05-13,1.0,1400.0,2000.0,1700.0,1700.0,1700.0,1735.7142857142858,1721.428571428571,74.80132415430933,77.74288420142558,0.0,0.0,0.9794238683127572,0.9875518672199172,5,4,2022-05-20,1650.0
Rajahmundry APMC,Paddy,2022-05-13,0.5,1940.0,1940.0,1940.0,1940.0,1940.0,1940.0,1940.0,3.759662683014833e-06,0.0,0.0,0.0,1.0,1.0,5,4,2022-05-20,1940.0
Rajahmundry APMC,Swarna Masuri (New),2022-05-13,0.5,1960.0,1960.0,1960.0,1960.0,1960.0,1960.0,1960.0,5.5120601757511575e-06,4.473617776440681e-06,0.0,0.0,1.0,1.0,5,4,2022-05-20,1960.0
Atmakur (Nandyal District) APMC,Sona Mahsuri,2022-05-14,0.01,1800.0,1800.0,1800.0,1800.0,1800.0,1800.0,1800.0,0.0,0.0,0.0,0.0,1.0,1.0,5,5,2022-05-21,1800.0
Banaganapalli APMC,Sona Mahsuri,2022-05-14,1.0,1400.0,2000.0,1700.0,1700.0,1900.0,1735.7142857142858,1714.2857142857142,74.80132415430933,74.49463436685075,0.0,-200.0,0.9794238683127572,0.9916666666666668,5,5,2022-05-21,1650.0
Rajahmundry APMC,Paddy,2022-05-14,0.5,1940.0,1940.0,1940.0,1940.0,1940.0,1940.0,1940.0,3.759662683014833e-06,0.0,0.0,0.0,1.0,1.0,5,5,2022-05-21,1940.0
Rajahmundry APMC,Swarna Masuri (New),2022-05-14,0.5,1960.0,1960.0,1960.0,1960.0,1960.0,1960.0,1960.0,5.5120601757511575e-06,4.473617776440681e-06,0.0,0.0,1.0,1.0,5,5,2022-05-21,1960.0
Tanuku APMC,MTU-1010,2022-05-14,1.0,1960.0,1980.0,1970.0,1970.0,1970.0,1970.0,1970.7142857142856,0.0,2.6726124191253966,0.0,0.0,1.0,0.9996375498368972,5,5,2022-05-21,1970.0
Rajahmundry APMC,Swarna Masuri (New),2022-05-15,0.5,1960.0,1960.0,1960.0,1960.0,1960.0,1960.0,1960.0,5.5120601757511575e-06,4.473617776440681e-06,0.0,0.0,1.0,1.0,5,6,2022-05-22,1960.0
Tanuku APMC,MTU-1010,2022-05-15,1.0,1960.0,1980.0,1970.0,1970.0,1970.0,1970.0,1970.7142857142856,0.0,2.6726124191253966,0.0,0.0,1.0,0.9996375498368972,5,6,2022-05-22,1970.0
Rajahmundry APMC,Paddy,2022-05-15,0.5,1940.0,1940.0,1940.0,1940.0,1940.0,1940.0,1940.0,3.759662683014833e-06,0.0,0.0,0.0,1.0,1.0,5,6,2022-05-22,1940.0
Banaganapalli APMC,Sona Mahsuri,2022-05-15,1.0,1350.0,2000.0,1700.0,1700.0,1700.0,1707.142857142857,1707.142857142857,18.898223650460054,70.321084640776,0.0,0.0,0.99581589958159,0.99581589958159,5,6,2022-05-22,1650.0
Atmakur (Nandyal District) APMC,Sona Mahsuri,2022-05-15,0.01,1800.0,1800.0,1800.0,1800.0,1800.0,1800.0,1800.0,0.0,0.0,0.0,0.0,1.0,1.0,5,6,2022-05-22,1800.0
Atmakur (Nandyal District) APMC,Sona Mahsuri,2022-05-16,0.01,1800.0,1800.0,1800.0,1800.0,1800.0,1800.0,1800.0,0.0,0.0,0.0,0.0,1.0,1.0,5,0,2022-05-23,1800.0
Banaganapalli APMC,Sona Mahsuri,2022-05-16,1.0,1350.0,1950.0,1650.0,1700.0,1750.0,1707.142857142857,1703.571428571429,18.898223650460054,69.23840006785457,-50.0,-100.0,0.9665271966527196,0.9685534591194968,5,0,2022-05-23,1650.0
Rajahmundry APMC,Paddy,2022-05-16,0.5,1940.0,1940.0,1940.0,1940.0,1940.0,1940.0,1940.0,3.759662683014833e-06,0.0,0.0,0.0,1.0,1.0,5,0,2022-05-23,1940.0
Rajahmundry APMC,Swarna Masuri (New),2022-05-16,0.5,1960.0,1960.0,1960.0,1960.0,1960.0,1960.0,1960.0,5.5120601757511575e-06,4.473617776440681e-06,0.0,0.0,1.0,1.0,5,0,2022-05-23,1960.0
Tanuku APMC,MTU-1010,2022-05-16,1.0,1960.0,1980.0,1970.0,1970.0,1970.0,1970.0,1970.7142857142856,0.0,2.6726124191253966,0.0,0.0,1.0,0.9996375498368972,5,0,2022-05-23,1970.0
Atmakur (Nandyal District) APMC,Sona Mahsuri,2022-05-17,0.01,1800.0,1800.0,1800.0,1800.0,1800.0,1800.0,1800.0,0.0,0.0,0.0,0.0,1.0,1.0,5,1,2022-05-24,1800.0
Banaganapalli APMC,Sona Mahsuri,2022-05-17,1.0,1350.0,1950.0,1650.0,1650.0,1700.0,1692.857142857143,1700.0,18.898223650461368,70.71067811865647,0.0,-50.0,0.9746835443037974,0.9705882352941176,5,1,2022-05-24,1600.0
Rajahmundry APMC,Paddy,2022-05-17,0.5,1940.0,1940.0,1940.0,1940.0,1940.0,1940.0,1940.0,3.759662683014833e-06,0.0,0.0,0.0,1.0,1.0,5,1,2022-05-24,1940.0
Rajahmundry APMC,Swarna Masuri (New),2022-05-17,0.5,1960.0,1960.0,1960.0,1960.0,1960.0,1960.0,1960.0,5.5120601757511575e-06,4.473617776440681e-06,0.0,0.0,1.0,1.0,5,1,2022-05-24,1960.0
Tanuku APMC,MTU-1010,2022-05-17,1.0,1960.0,1980.0,1970.0,1970.0,1970.0,1970.0,1970.7142857142856,0.0,2.6726124191253966,0.0,0.0,1.0,0.9996375498368972,5,1,2022-05-24,1970.0
Tanuku APMC,MTU-1010,2022-05-18,1.0,1960.0,1980.0,1970.0,1970.0,1970.0,1970.0,1970.7142857142856,0.0,2.6726124191253966,0.0,0.0,1.0,0.9996375498368972,5,2,2022-05-25,1970.0
Rajahmundry APMC,Swarna Masuri (New),2022-05-18,0.5,1960.0,1960.0,1960.0,1960.0,1960.0,1960.0,1960.0,5.5120601757511575e-06,4.473617776440681e-06,0.0,0.0,1.0,1.0,5,2,2022-05-25,1960.0
Atmakur (Nandyal District) APMC,Sona Mahsuri,2022-05-18,0.01,1800.0,1800.0,1800.0,1800.0,1800.0,1800.0,1800.0,0.0,0.0,0.0,0.0,1.0,1.0,5,2,2022-05-25,1800.0
Banaganapalli APMC,Sona Mahsuri,2022-05-18,1.0,1350.0,1950.0,1650.0,1650.0,1700.0,1685.7142857142858,1696.428571428571,24.397501823713355,71.96229171289416,0.0,-50.0,0.9788135593220338,0.9726315789473684,5,2,2022-05-25,1650.0
Rajahmundry APMC,Paddy,2022-05-18,0.5,1940.0,1940.0,1940.0,1940.0,1940.0,1940.0,1940.0,3.759662683014833e-06,0.0,0.0,0.0,1.0,1.0,5,2,2022-05-25,1940.0
Atmakur (Nandyal District) APMC,Sona Mahsuri,2022-05-19,0.01,1800.0,1800.0,1800.0,1800.0,1800.0,1800.0,1800.0,0.0,0.0,0.0,0.0,1.0,1.0,5,3,2022-05-26,1800.0
Banaganapalli APMC,Sona Mahsuri,2022-05-19,1.0,1450.0,2000.0,1700.0,1650.0,1700.0,1678.571428571429,1700.0,26.726124191242494,67.93662204867753,50.0,0.0,1.0127659574468084,1.0,5,3,2022-05-26,1650.0
Rajahmundry APMC,Paddy,2022-05-19,0.5,1940.0,1940.0,1940.0,1940.0,1940.0,1940.0,1940.0,3.759662683014833e-06,0.0,0.0,0.0,1.0,1.0,5,3,2022-05-26,1940.0
Rajahmundry APMC,Swarna Masuri (New),2022-05-19,0.5,1960.0,1960.0,1960.0,1960.0,1960.0,1960.0,1960.0,5.5120601757511575e-06,4.473617776440681e-06,0.0,0.0,1.0,1.0,5,3,2022-05-26,1960.0
Tanuku APMC,MTU-1010,2022-05-19,1.0,1960.0,1980.0,1970.0,1970.0,1970.0,1970.0,1970.7142857142856,0.0,2.6726124191253966,0.0,0.0,1.0,0.9996375498368972,5,3,2022-05-26,1970.0
Atmakur (Nandyal District) APMC,Sona Mahsuri,2022-05-20,0.01,1800.0,1800.0,1800.0,1800.0,1800.0,1800.0,1800.0,0.0,0.0,0.0,0.0,1.0,1.0,5,4,2022-05-27,1800.0
Banaganapalli APMC,Sona Mahsuri,2022-05-20,1.0,1350.0,1950.0,1650.0,1700.0,1700.0,1678.571428571429,1707.142857142857,26.726124191242494,61.57279262149012,-50.0,-50.0,0.9829787234042552,0.9665271966527196,5,4,2022-05-27,1650.0
Rajahmundry APMC,Paddy,2022-05-20,0.5,1940.0,1940.0,1940.0,1940.0,1940.0,1940.0,1940.0,3.759662683014833e-06,0.0,0.0,0.0,1.0,1.0,5,4,2022-05-27,1940.0
Rajahmundry APMC,Swarna Masuri (New),2022-05-20,0.5,1960.0,1960.0,1960.0,1960.0,1960.0,1960.0,1960.0,5.5120601757511575e-06,4.473617776440681e-06,0.0,0.0,1.0,1.0,5,4,2022-05-27,1960.0
Tanuku APMC,MTU-1010,2022-05-20,1.0,1960.0,1980.0,1970.0,1970.0,1970.0,1970.0,1970.0,0.0,2.2053098967288814e-06,0.0,0.0,1.0,1.0,5,4,2022-05-27,1970.0
Tanuku APMC,MTU-1010,2022-05-21,1.0,1960.0,1980.0,1970.0,1970.0,1970.0,1970.0,1970.0,0.0,2.2053098967288814e-06,0.0,0.0,1.0,1.0,5,5,2022-05-28,1970.0
Rajahmundry APMC,Swarna Masuri (New),2022-05-21,0.5,1960.0,1960.0,1960.0,1960.0,1960.0,1960.0,1960.0,5.5120601757511575e-06,4.473617776440681e-06,0.0,0.0,1.0,1.0,5,5,2022-05-28,1960.0
Banaganapalli APMC,Sona Mahsuri,2022-05-21,1.0,1350.0,1950.0,1650.0,1650.0,1700.0,1671.428571428571,1703.571428571429,26.726124191242494,63.44072252682432,0.0,-50.0,0.9871794871794872,0.9685534591194968,5,5,2022-05-28,1650.0
Rajahmundry APMC,Paddy,2022-05-21,0.5,1940.0,1940.0,1940.0,1940.0,1940.0,1940.0,1940.0,3.759662683014833e-06,0.0,0.0,0.0,1.0,1.0,5,5,2022-05-28,1940.0
Atmakur (Nandyal District) APMC,Sona Mahsuri,2022-05-21,0.01,1800.0,1800.0,1800.0,1800.0,1800.0,1800.0,1800.0,0.0,0.0,0.0,0.0,1.0,1.0,5,5,2022-05-28,1800.0
Atmakur (Nandyal District) APMC,Sona Mahsuri,2022-05-22,0.01,1800.0,1800.0,1800.0,1800.0,1800.0,1800.0,1800.0,0.0,0.0,0.0,0.0,1.0,1.0,5,6,2022-05-29,1800.0
Banaganapalli APMC,Sona Mahsuri,2022-05-22,1.0,1350.0,1950.0,1650.0,1650.0,1700.0,1664.2857142857142,1685.7142857142858,24.397501823713355,30.562492275110447,0.0,-50.0,0.9914163090128756,0.9788135593220338,5,6,2022-05-29,1650.0
Chintalapudi APMC,1001,2022-05-22,1.0,1940.0,1960.0,1950.0,1950.0,1950.0,1950.0,1950.0,0.0,0.0,0.0,0.0,1.0,1.0,5,6,2022-05-29,1950.0
Rajahmundry APMC,Paddy,2022-05-22,0.5,1940.0,1940.0,1940.0,1940.0,1940.0,1940.0,1940.0,3.759662683014833e-06,0.0,0.0,0.0,1.0,1.0,5,6,2022-05-29,1940.0
Rajahmundry APMC,Swarna Masuri (New),2022-05-22,0.5,1960.0,1960.0,1960.0,1960.0,1960.0,1960.0,1960.0,5.5120601757511575e-06,4.473617776440681e-06,0.0,0.0,1.0,1.0,5,6,2022-05-29,1960.0
Tanuku APMC,MTU-1010,2022-05-22,1.0,1960.0,1980.0,1970.0,1970.0,1970.0,1970.0,1970.0,0.0,2.2053098967288814e-06,0.0,0.0,1.0,1.0,5,6,2022-05-29,1970.0
Tanuku APMC,MTU-1010,2022-05-23,1.0,1960.0,1980.0,1970.0,1970.0,1970.0,1970.0,1970.0,0.0,2.2053098967288814e-06,0.0,0.0,1.0,1.0,5,0,2022-05-30,1970.0
Rajahmundry APMC,Swarna Masuri (New),2022-05-23,0.5,1960.0,1960.0,1960.0,1960.0,1960.0,1960.0,1960.0,5.5120601757511575e-06,4.473617776440681e-06,0.0,0.0,1.0,1.0,5,0,2022-05-30,1960.0
Rajahmundry APMC,Paddy,2022-05-23,0.5,1940.0,1940.0,1940.0,1940.0,1940.0,1940.0,1940.0,3.759662683014833e-06,0.0,0.0,0.0,1.0,1.0,5,0,2022-05-30,1940.0
Banaganapalli APMC,Sona Mahsuri,2022-05-23,1.0,1350.0,1950.0,1650.0,1650.0,1650.0,1657.142857142857,1682.142857142857,18.898223650461368,31.66618468883657,0.0,0.0,0.9956896551724138,0.9808917197452228,5,0,2022-05-30,1650.0
Atmakur (Nandyal District) APMC,Sona Mahsuri,2022-05-23,0.01,1800.0,1800.0,1800.0,1800.0,1800.0,1800.0,1800.0,0.0,0.0,0.0,0.0,1.0,1.0,5,0,2022-05-30,1800.0
Chintalapudi APMC,1001,2022-05-23,1.0,1940.0,1960.0,1950.0,1950.0,1950.0,1950.0,1950.0,0.0,0.0,0.0,0.0,1.0,1.0,5,0,2022-05-30,1950.0
Atmakur (Nandyal District) APMC,Sona Mahsuri,2022-05-24,0.01,1800.0,1800.0,1800.0,1800.0,1800.0,1800.0,1800.0,0.0,0.0,0.0,0.0,1.0,1.0,5,1,2022-05-31,1800.0
Banaganapalli APMC,Sona Mahsuri,2022-05-24,1.0,1400.0,1900.0,1600.0,1650.0,1650.0,1657.142857142857,1675.0,18.898223650461368,25.94372608314357,-50.0,-50.0,0.9655172413793104,0.9552238805970148,5,1,2022-05-31,1750.0
Chintalapudi APMC,1001,2022-05-24,1.0,1940.0,1960.0,1950.0,1950.0,1950.0,1950.0,1950.0,0.0,0.0,0.0,0.0,1.0,1.0,5,1,2022-06-01,1950.0
Rajahmundry APMC,Paddy,2022-05-24,0.5,1940.0,1940.0,1940.0,1940.0,1940.0,1940.0,1940.0,3.759662683014833e-06,0.0,0.0,0.0,1.0,1.0,5,1,2022-05-31,1940.0
Rajahmundry APMC,Swarna Masuri (New),2022-05-24,0.5,1960.0,1960.0,1960.0,1960.0,1960.0,1960.0,1960.0,5.5120601757511575e-06,4.473617776440681e-06,0.0,0.0,1.0,1.0,5,1,2022-05-31,1960.0
Tanuku APMC,MTU-1010,2022-05-24,1.0,1960.0,1980.0,1970.0,1970.0,1970.0,1970.0,1970.0,0.0,2.2053098967288814e-06,0.0,0.0,1.0,1.0,5,1,2022-05-31,1970.0
Tanuku APMC,MTU-1010,2022-05-25,1.0,1960.0,1980.0,1970.0,1970.0,1970.0,1970.0,1970.0,0.0,2.2053098967288814e-06,0.0,0.0,1.0,1.0,5,2,2022-06-01,1970.0
Rajahmundry APMC,Paddy,2022-05-25,0.5,1940.0,1940.0,1940.0,1940.0,1940.0,1940.0,1940.0,3.759662683014833e-06,0.0,0.0,0.0,1.0,1.0,5,2,2022-06-01,1940.0
Rajahmundry APMC,Swarna Masuri (New),2022-05-25,0.5,1960.0,1960.0,1960.0,1960.0,1960.0,1960.0,1960.0,5.5120601757511575e-06,4.473617776440681e-06,0.0,0.0,1.0,1.0,5,2,2022-06-01,1960.0
Banaganapalli APMC,Sona Mahsuri,2022-05-25,1.0,1350.0,1950.0,1650.0,1600.0,1650.0,1650.0,1667.857142857143,28.867513459481284,31.66618468883678,50.0,0.0,1.0,0.9892933618843684,5,2,2022-06-01,1650.0
Atmakur (Nandyal District) APMC,Sona Mahsuri,2022-05-25,0.01,1800.0,1800.0,1800.0,1800.0,1800.0,1800.0,1800.0,0.0,0.0,0.0,0.0,1.0,1.0,5,2,2022-06-01,1800.0
Chintalapudi APMC,1001,2022-05-25,1.0,1940.0,1960.0,1950.0,1950.0,1950.0,1950.0,1950.0,0.0,0.0,0.0,0.0,1.0,1.0,5,2,2022-06-01,1950.0
Atmakur (Nandyal District) APMC,Sona Mahsuri,2022-05-26,0.01,1800.0,1800.0,1800.0,1800.0,1800.0,1800.0,1800.0,0.0,0.0,0.0,0.0,1.0,1.0,5,3,2022-06-02,1800.0
Banaganapalli APMC,Sona Mahsuri,2022-05-26,1.0,1350.0,1950.0,1650.0,1650.0,1700.0,1650.0,1664.2857142857142,28.867513459481284,30.562492275110777,0.0,-50.0,1.0,0.9914163090128756,5,3,2022-06-02,1650.0
Rajahmundry APMC,Paddy,2022-05-26,0.5,1940.0,1940.0,1940.0,1940.0,1940.0,1940.0,1940.0,3.759662683014833e-06,0.0,0.0,0.0,1.0,1.0,5,3,2022-06-02,1940.0
Rajahmundry APMC,Swarna Masuri (New),2022-05-26,0.5,1960.0,1960.0,1960.0,1960.0,1960.0,1960.0,1960.0,5.5120601757511575e-06,4.473617776440681e-06,0.0,0.0,1.0,1.0,5,3,2022-06-02,1960.0
Tanuku APMC,MTU-1010,2022-05-26,1.0,1960.0,1980.0,1970.0,1970.0,1970.0,1970.0,1970.0,0.0,2.2053098967288814e-06,0.0,0.0,1.0,1.0,5,3,2022-06-02,1970.0
Atmakur (Nandyal District) APMC,Sona Mahsuri,2022-05-27,0.01,1800.0,1800.0,1800.0,1800.0,1800.0,1800.0,1800.0,0.0,0.0,0.0,0.0,1.0,1.0,5,4,2022-06-03,1800.0
Banaganapalli APMC,Sona Mahsuri,2022-05-27,1.0,1350.0,1950.0,1650.0,1650.0,1650.0,1642.857142857143,1660.7142857142858,18.898223650461368,28.946711176096716,0.0,0.0,1.0043478260869565,0.9935483870967742,5,4,2022-06-06,1650.0
Chintalapudi APMC,1001,2022-05-27,1.0,1940.0,1960.0,1950.0,1950.0,1950.0,1950.0,1950.0,0.0,0.0,0.0,0.0,1.0,1.0,5,4,2022-06-03,1950.0
Rajahmundry APMC,Paddy,2022-05-27,0.5,1940.0,1940.0,1940.0,1940.0,1940.0,1940.0,1940.0,3.759662683014833e-06,0.0,0.0,0.0,1.0,1.0,5,4,2022-06-03,1940.0
Rajahmundry APMC,Swarna Masuri (New),2022-05-27,0.5,1960.0,1960.0,1960.0,1960.0,1960.0,1960.0,1960.0,5.5120601757511575e-06,4.473617776440681e-06,0.0,0.0,1.0,1.0,5,4,2022-06-03,1960.0
Tanuku APMC,MTU-1010,2022-05-27,1.0,1960.0,1980.0,1970.0,1970.0,1970.0,1970.0,1970.0,0.0,2.2053098967288814e-06,0.0,0.0,1.0,1.0,5,4,2022-06-03,1970.0
Tanuku APMC,MTU-1010,2022-05-28,1.0,1960.0,1980.0,1970.0,1970.0,1970.0,1970.0,1970.0,0.0,2.2053098967288814e-06,0.0,0.0,1.0,1.0,5,5,2022-06-06,1970.0
Rajahmundry APMC,Paddy,2022-05-28,0.5,1940.0,1940.0,1940.0,1940.0,1940.0,1940.0,1940.0,3.759662683014833e-06,0.0,0.0,0.0,1.0,1.0,5,5,2022-06-05,1940.0
Rajahmundry APMC,Swarna Masuri (New),2022-05-28,0.5,1960.0,1960.0,1960.0,1960.0,1960.0,1960.0,1960.0,5.5120601757511575e-06,4.473617776440681e-06,0.0,0.0,1.0,1.0,5,5,2022-06-05,1960.0
Banaganapalli APMC,Sona Mahsuri,2022-05-28,1.0,1350.0,1950.0,1650.0,1650.0,1650.0,1642.857142857143,1657.142857142857,18.898223650461368,26.72612419124762,0.0,0.0,1.0043478260869565,0.9956896551724138,5,5,2022-06-06,1650.0
Chintalapudi APMC,1001,2022-05-28,1.0,1940.0,1960.0,1950.0,1950.0,1950.0,1950.0,1950.0,0.0,0.0,0.0,0.0,1.0,1.0,5,5,2022-06-04,1950.0
Atmakur (Nandyal District) APMC,Sona Mahsuri,2022-05-28,0.01,1800.0,1800.0,1800.0,1800.0,1800.0,1800.0,1800.0,0.0,0.0,0.0,0.0,1.0,1.0,5,5,2022-06-04,1800.0
Atmakur (Nandyal District) APMC,Sona Mahsuri,2022-05-29,0.01,1800.0,1800.0,1800.0,1800.0,1800.0,1800.0,1800.0,0.0,0.0,0.0,0.0,1.0,1.0,5,6,2022-06-05,1800.0
Banaganapalli APMC,Sona Mahsuri,2022-05-29,1.0,1350.0,1950.0,1650.0,1650.0,1650.0,1642.857142857143,1653.571428571429,18.898223650461368,23.731557327472068,0.0,0.0,1.0043478260869565,0.9978401727861772,5,6,2022-06-06,1650.0
Chintalapudi APMC,1001,2022-05-29,1.0,1940.0,1960.0,1950.0,1950.0,1950.0,1950.0,1950.0,0.0,0.0,0.0,0.0,1.0,1.0,5,6,2022-06-12,1950.0
Rajahmundry APMC,Paddy,2022-05-29,0.5,1940.0,1940.0,1940.0,1940.0,1940.0,1940.0,1940.0,3.759662683014833e-06,0.0,0.0,0.0,1.0,1.0,5,6,2022-06-05,1940.0
Rajahmundry APMC,Swarna Masuri (New),2022-05-29,0.5,1960.0,1960.0,1960.0,1960.0,1960.0,1960.0,1960.0,5.5120601757511575e-06,4.473617776440681e-06,0.0,0.0,1.0,1.0,5,6,2022-06-05,1960.0
Tanuku APMC,MTU-1010,2022-05-29,1.0,1960.0,1980.0,1970.0,1970.0,1970.0,1970.0,1970.0,0.0,2.2053098967288814e-06,0.0,0.0,1.0,1.0,5,6,2022-06-06,1970.0
Rajahmundry APMC,Swarna Masuri (New),2022-05-30,0.5,1960.0,1960.0,1960.0,1960.0,1960.0,1960.0,1960.0,5.5120601757511575e-06,4.473617776440681e-06,0.0,0.0,1.0,1.0,5,0,2022-06-06,1960.0
Rajahmundry APMC,Paddy,2022-05-30,0.5,1940.0,1940.0,1940.0,1940.0,1940.0,1940.0,1940.0,3.759662683014833e-06,0.0,0.0,0.0,1.0,1.0,5,0,2022-06-06,1940.0
Tanuku APMC,MTU-1010,2022-05-30,1.0,1960.0,1980.0,1970.0,1970.0,1970.0,1970.0,1970.0,0.0,2.2053098967288814e-06,0.0,0.0,1.0,1.0,5,0,2022-06-06,1970.0
Banaganapalli APMC,Sona Mahsuri,2022-05-30,1.0,1350.0,1950.0,1650.0,1650.0,1650.0,1642.857142857143,1650.0,18.898223650461368,19.611613513825617,0.0,0.0,1.0043478260869565,1.0,5,0,2022-06-06,1650.0
Atmakur (Nandyal District) APMC,Sona Mahsuri,2022-05-30,0.01,1800.0,1800.0,1800.0,1800.0,1800.0,1800.0,1800.0,0.0,0.0,0.0,0.0,1.0,1.0,5,0,2022-06-06,1800.0
Chintalapudi APMC,1001,2022-05-30,1.0,1940.0,1960.0,1950.0,1950.0,1950.0,1950.0,1950.0,0.0,0.0,0.0,0.0,1.0,1.0,5,0,2022-06-12,1950.0
Atmakur (Nandyal District) APMC,Sona Mahsuri,2022-05-31,0.01,1800.0,1800.0,1800.0,1800.0,1800.0,1800.0,1800.0,0.0,0.0,0.0,0.0,1.0,1.0,5,1,2022-06-07,1800.0
Banaganapalli APMC,Sona Mahsuri,2022-05-31,1.0,1350.0,1950.0,1750.0,1650.0,1600.0,1642.857142857143,1650.0,18.898223650461368,19.611613513825617,100.0,150.0,1.065217391304348,1.0606060606060606,5,1,2022-06-07,1650.0
Rajahmundry APMC,Paddy,2022-05-31,0.5,1940.0,1940.0,1940.0,1940.0,1940.0,1940.0,1940.0,3.759662683014833e-06,0.0,0.0,0.0,1.0,1.0,5,1,2022-06-07,1940.0
Rajahmundry APMC,Swarna Masuri (New),2022-05-31,0.5,1960.0,1960.0,1960.0,1960.0,1960.0,1960.0,1960.0,5.5120601757511575e-06,4.473617776440681e-06,0.0,0.0,1.0,1.0,5,1,2022-06-07,1960.0
Tanuku APMC,MTU-1010,2022-05-31,1.0,1960.0,1980.0,1970.0,1970.0,1970.0,1970.0,1970.0,0.0,2.2053098967288814e-06,0.0,0.0,1.0,1.0,5,1,2022-06-07,1970.0
Tanuku APMC,MTU-1010,2022-06-01,1.0,1960.0,1980.0,1970.0,1970.0,1970.0,1970.0,1970.0,0.0,2.2053098967288814e-06,0.0,0.0,1.0,1.0,6,2,2022-06-08,1970.0
Rajahmundry APMC,Swarna Masuri (New),2022-06-01,0.5,1960.0,1960.0,1960.0,1960.0,1960.0,1960.0,1960.0,5.5120601757511575e-06,4.473617776440681e-06,0.0,0.0,1.0,1.0,6,2,2022-06-08,1960.0
Rajahmundry APMC,Paddy,2022-06-01,0.5,1940.0,1940.0,1940.0,1940.0,1940.0,1940.0,1940.0,3.759662683014833e-06,0.0,0.0,0.0,1.0,1.0,6,2,2022-06-08,1940.0
Atmakur (Nandyal District) APMC,Sona Mahsuri,2022-06-01,0.01,1800.0,1800.0,1800.0,1800.0,1800.0,1800.0,1800.0,0.0,0.0,0.0,0.0,1.0,1.0,6,2,2022-06-08,1800.0
Banaganapalli APMC,Sona Mahsuri,2022-06-01,1.0,1350.0,1950.0,1650.0,1750.0,1650.0,1664.2857142857142,1657.142857142857,37.796447300922736,33.149677206593964,-100.0,0.0,0.9914163090128756,0.9956896551724138,6,2,2022-06-08,1650.0
Chintalapudi APMC,1001,2022-06-01,1.0,1940.0,1960.0,1950.0,1950.0,1950.0,1950.0,1950.0,0.0,0.0,0.0,0.0,1.0,1.0,6,2,2022-06-12,1950.0
Rajahmundry APMC,Swarna Masuri (New),2022-06-02,0.5,1960.0,1960.0,1960.0,1960.0,1960.0,1960.0,1960.0,5.5120601757511575e-06,4.473617776440681e-06,0.0,0.0,1.0,1.0,6,3,2022-06-09,1960.0
Tanuku APMC,MTU-1010,2022-06-02,1.0,1960.0,1980.0,1970.0,1970.0,1970.0,1970.0,1970.0,0.0,2.2053098967288814e-06,0.0,0.0,1.0,1.0,6,3,2022-06-09,1970.0
Rajahmundry APMC,Paddy,2022-06-02,0.5,1940.0,1940.0,1940.0,1940.0,1940.0,1940.0,1940.0,3.759662683014833e-06,0.0,0.0,0.0,1.0,1.0,6,3,2022-06-09,1940.0
Atmakur (Nandyal District) APMC,Sona Mahsuri,2022-06-02,0.01,1800.0,1800.0,1800.0,1800.0,1800.0,1800.0,1800.0,0.0,0.0,0.0,0.0,1.0,1.0,6,3,2022-06-09,1800.0
Banaganapalli APMC,Sona Mahsuri,2022-06-02,1.0,1350.0,1950.0,1650.0,1650.0,1650.0,1664.2857142857142,1657.142857142857,37.796447300922736,33.149677206593964,0.0,0.0,0.9914163090128756,0.9956896551724138,6,3,2022-06-09,1650.0
Chintalapudi APMC,1001,2022-06-02,1.0,1940.0,1960.0,1950.0,1950.0,1950.0,1950.0,1950.0,0.0,0.0,0.0,0.0,1.0,1.0,6,3,2022-06-12,1950.0
Atmakur (Nandyal District) APMC,Sona Mahsuri,2022-06-03,0.01,1800.0,1800.0,1800.0,1800.0,1800.0,1800.0,1800.0,0.0,0.0,0.0,0.0,1.0,1.0,6,4,2022-06-10,1800.0
Chintalapudi APMC,1001,2022-06-03,1.0,1940.0,1960.0,1950.0,1950.0,1950.0,1950.0,1950.0,0.0,0.0,0.0,0.0,1.0,1.0,6,4,2022-06-12,1950.0
Rajahmundry APMC,Paddy,2022-06-03,0.5,1940.0,1940.0,1940.0,1940.0,1940.0,1940.0,1940.0,3.759662683014833e-06,0.0,0.0,0.0,1.0,1.0,6,4,2022-06-10,1940.0
Rajahmundry APMC,Swarna Masuri (New),2022-06-03,0.5,1960.0,1960.0,1960.0,1960.0,1960.0,1960.0,1960.0,5.5120601757511575e-06,4.473617776440681e-06,0.0,0.0,1.0,1.0,6,4,2022-06-10,1960.0
Tanuku APMC,MTU-1010,2022-06-03,1.0,1960.0,1980.0,1970.0,1970.0,1970.0,1970.0,1970.0,0.0,2.2053098967288814e-06,0.0,0.0,1.0,1.0,6,4,2022-06-10,1970.0
Atmakur (Nandyal District) APMC,Sona Mahsuri,2022-06-04,0.01,1800.0,1800.0,1800.0,1800.0,1800.0,1800.0,1800.0,0.0,0.0,0.0,0.0,1.0,1.0,6,5,2022-06-14,1800.0
Chintalapudi APMC,1001,2022-06-04,1.0,1940.0,1960.0,1950.0,1950.0,1950.0,1950.0,1950.0,0.0,0.0,0.0,0.0,1.0,1.0,6,5,2022-06-12,1950.0
Rajahmundry APMC,Paddy,2022-06-05,0.5,1940.0,1940.0,1940.0,1940.0,1940.0,1940.0,1940.0,3.759662683014833e-06,0.0,0.0,0.0,1.0,1.0,6,6,2022-06-14,1940.0
Rajahmundry APMC,Swarna Masuri (New),2022-06-05,0.5,1960.0,1960.0,1960.0,1960.0,1960.0,1960.0,1960.0,5.5120601757511575e-06,4.473617776440681e-06,0.0,0.0,1.0,1.0,6,6,2022-06-14,1960.0
Atmakur (Nandyal District) APMC,Sona Mahsuri,2022-06-05,0.01,1800.0,1800.0,1800.0,1800.0,1800.0,1800.0,1800.0,0.0,0.0,0.0,0.0,1.0,1.0,6,6,2022-06-14,1800.0
Atmakur (Nandyal District) APMC,Sona Mahsuri,2022-06-06,0.01,1800.0,1800.0,1800.0,1800.0,1800.0,1800.0,1800.0,0.0,0.0,0.0,0.0,1.0,1.0,6,0,2022-06-14,1800.0
Banaganapalli APMC,Sona Mahsuri,2022-06-06,1.0,1350.0,1950.0,1650.0,1650.0,1650.0,1664.2857142857142,1653.571428571429,37.796447300922736,30.78639631074864,0.0,0.0,0.9914163090128756,0.9978401727861772,6,0,2022-06-13,1600.0
Rajahmundry APMC,Paddy,2022-06-06,0.5,1940.0,1940.0,1940.0,1940.0,1940.0,1940.0,1940.0,3.759662683014833e-06,0.0,0.0,0.0,1.0,1.0,6,0,2022-06-14,1940.0
Rajahmundry APMC,Swarna Masuri (New),2022-06-06,0.5,1960.0,1960.0,1960.0,1960.0,1960.0,1960.0,1960.0,5.5120601757511575e-06,4.473617776440681e-06,0.0,0.0,1.0,1.0,6,0,2022-06-14,1960.0
Tanuku APMC,MTU-1010,2022-06-06,1.0,1960.0,1980.0,1970.0,1970.0,1970.0,1970.0,1970.0,0.0,2.2053098967288814e-06,0.0,0.0,1.0,1.0,6,0,2022-06-13,1970.0
Atmakur (Nandyal District) APMC,Sona Mahsuri,2022-06-07,0.01,1800.0,1800.0,1800.0,1800.0,1800.0,1800.0,1800.0,0.0,0.0,0.0,0.0,1.0,1.0,6,1,2022-06-14,1800.0
Banaganapalli APMC,Sona Mahsuri,2022-06-07,1.0,1350.0,1950.0,1650.0,1650.0,1650.0,1664.2857142857142,1653.571428571429,37.796447300922736,30.78639631074864,0.0,0.0,0.9914163090128756,0.9978401727861772,6,1,2022-06-15,1600.0
Rajahmundry APMC,Paddy,2022-06-07,0.5,1940.0,1940.0,1940.0,1940.0,1940.0,1940.0,1940.0,3.759662683014833e-06,0.0,0.0,0.0,1.0,1.0,6,1,2022-06-14,1940.0
Rajahmundry APMC,Swarna Masuri (New),2022-06-07,0.5,1960.0,1960.0,1960.0,1960.0,1960.0,1960.0,1960.0,5.5120601757511575e-06,4.473617776440681e-06,0.0,0.0,1.0,1.0,6,1,2022-06-14,1960.0
Tanuku APMC,MTU-1010,2022-06-07,1.0,1960.0,1980.0,1970.0,1970.0,1970.0,1970.0,1970.0,0.0,2.2053098967288814e-06,0.0,0.0,1.0,1.0,6,1,2022-06-15,1970.0
Rajahmundry APMC,Swarna Masuri (New),2022-06-08,0.5,1960.0,1960.0,1960.0,1960.0,1960.0,1960.0,1960.0,5.5120601757511575e-06,4.473617776440681e-06,0.0,0.0,1.0,1.0,6,2,2022-06-15,1960.0
Rajahmundry APMC,Paddy,2022-06-08,0.5,1940.0,1940.0,1940.0,1940.0,1940.0,1940.0,1940.0,3.759662683014833e-06,0.0,0.0,0.0,1.0,1.0,6,2,2022-06-15,1940.0
Tanuku APMC,MTU-1010,2022-06-08,1.0,1960.0,1980.0,1970.0,1970.0,1970.0,1970.0,1970.0,0.0,2.2053098967288814e-06,0.0,0.0,1.0,1.0,6,2,2022-06-15,1970.0
Atmakur (Nandyal District) APMC,Sona Mahsuri,2022-06-08,0.01,1800.0,1800.0,1800.0,1800.0,1800.0,1800.0,1800.0,0.0,0.0,0.0,0.0,1.0,1.0,6,2,2022-06-15,1800.0
Banaganapalli APMC,Sona Mahsuri,2022-06-08,1.0,1350.0,1950.0,1650.0,1650.0,1650.0,1664.2857142857142,1653.571428571429,37.796447300922736,30.78639631074864,0.0,0.0,0.9914163090128756,0.9978401727861772,6,2,2022-06-15,1600.0
Atmakur (Nandyal District) APMC,Sona Mahsuri,2022-06-09,0.01,1800.0,1800.0,1800.0,1800.0,1800.0,1800.0,1800.0,0.0,0.0,0.0,0.0,1.0,1.0,6,3,2022-06-16,1800.0
Banaganapalli APMC,Sona Mahsuri,2022-06-09,1.0,1350.0,1950.0,1650.0,1650.0,1650.0,1664.2857142857142,1653.571428571429,37.796447300922736,30.78639631074864,0.0,0.0,0.9914163090128756,0.9978401727861772,6,3,2022-06-16,1600.0
Rajahmundry APMC,Paddy,2022-06-09,0.5,1940.0,1940.0,1940.0,1940.0,1940.0,1940.0,1940.0,3.759662683014833e-06,0.0,0.0,0.0,1.0,1.0,6,3,2022-06-16,1940.0
Rajahmundry APMC,Swarna Masuri (New),2022-06-09,0.5,1960.0,1960.0,1960.0,1960.0,1960.0,1960.0,1960.0,5.5120601757511575e-06,4.473617776440681e-06,0.0,0.0,1.0,1.0,6,3,2022-06-16,1960.0
Tanuku APMC,MTU-1010,2022-06-09,1.0,1960.0,1980.0,1970.0,1970.0,1970.0,1970.0,1970.0,0.0,2.2053098967288814e-06,0.0,0.0,1.0,1.0,6,3,2022-06-16,1970.0
Atmakur (Nandyal District) APMC,Sona Mahsuri,2022-06-10,0.01,1800.0,1800.0,1800.0,1800.0,1800.0,1800.0,1800.0,0.0,0.0,0.0,0.0,1.0,1.0,6,4,2022-06-17,1800.0
Banaganapalli APMC,Sona Mahsuri,2022-06-10,1.0,1350.0,1950.0,1650.0,1650.0,1750.0,1664.2857142857142,1653.571428571429,37.796447300922736,30.78639631074864,0.0,-100.0,0.9914163090128756,0.9978401727861772,6,4,2022-06-17,1600.0
Rajahmundry APMC,Paddy,2022-06-10,0.5,1940.0,1940.0,1940.0,1940.0,1940.0,1940.0,1940.0,3.759662683014833e-06,0.0,0.0,0.0,1.0,1.0,6,4,2022-06-17,1940.0
Rajahmundry APMC,Swarna Masuri (New),2022-06-10,0.5,1960.0,1960.0,1960.0,1960.0,1960.0,1960.0,1960.0,5.5120601757511575e-06,4.473617776440681e-06,0.0,0.0,1.0,1.0,6,4,2022-06-17,1960.0
Tanuku APMC,MTU-1010,2022-06-10,1.0,1960.0,1980.0,1970.0,1970.0,1970.0,1970.0,1970.0,0.0,2.2053098967288814e-06,0.0,0.0,1.0,1.0,6,4,2022-06-17,1970.0
Banaganapalli APMC,Sona Mahsuri,2022-06-11,1.0,1350.0,1950.0,1650.0,1650.0,1650.0,1650.0,1657.142857142857,0.0,26.726124191247617,0.0,0.0,1.0,0.9956896551724138,6,5,2022-06-18,1600.0
Tanuku APMC,MTU-1010,2022-06-11,1.0,1960.0,1980.0,1970.0,1970.0,1970.0,1970.0,1970.0,0.0,2.2053098967288814e-06,0.0,0.0,1.0,1.0,6,5,2022-06-18,1970.0
Tanuku APMC,MTU-1010,2022-06-12,1.0,1960.0,1980.0,1970.0,1970.0,1970.0,1970.0,1970.0,0.0,2.2053098967288814e-06,0.0,0.0,1.0,1.0,6,6,2022-06-19,1970.0
Banaganapalli APMC,Sona Mahsuri,2022-06-12,1.0,1350.0,1950.0,1650.0,1650.0,1650.0,1650.0,1657.142857142857,0.0,26.726124191247617,0.0,0.0,1.0,0.9956896551724138,6,6,2022-06-19,1600.0
Chintalapudi APMC,1001,2022-06-12,1.0,1940.0,1960.0,1950.0,1950.0,1950.0,1950.0,1950.0,0.0,0.0,0.0,0.0,1.0,1.0,6,6,2022-06-19,1950.0
Banaganapalli APMC,Sona Mahsuri,2022-06-13,1.0,1400.0,1900.0,1600.0,1650.0,1650.0,1650.0,1657.142857142857,0.0,26.726124191247617,-50.0,-50.0,0.9696969696969696,0.9655172413793104,6,0,2022-06-20,1600.0
Chintalapudi APMC,1001,2022-06-13,1.0,1940.0,1960.0,1950.0,1950.0,1950.0,1950.0,1950.0,0.0,0.0,0.0,0.0,1.0,1.0,6,0,2022-06-20,1950.0
Tanuku APMC,MTU-1010,2022-06-13,1.0,1960.0,1980.0,1970.0,1970.0,1970.0,1970.0,1970.0,0.0,2.2053098967288814e-06,0.0,0.0,1.0,1.0,6,0,2022-06-20,1970.0
Atmakur (Nandyal District) APMC,Sona Mahsuri,2022-06-14,0.01,1800.0,1800.0,1800.0,1800.0,1800.0,1800.0,1800.0,0.0,0.0,0.0,0.0,1.0,1.0,6,1,2022-06-21,1800.0
Chintalapudi APMC,1001,2022-06-14,1.0,1940.0,1960.0,1950.0,1950.0,1950.0,1950.0,1950.0,0.0,0.0,0.0,0.0,1.0,1.0,6,1,2022-06-21,1950.0
Atmakur (Nandyal District) APMC,Sona Mahsuri,2022-06-15,0.01,1800.0,1800.0,1800.0,1800.0,1800.0,1800.0,1800.0,0.0,0.0,0.0,0.0,1.0,1.0,6,2,2022-06-22,1800.0
Banaganapalli APMC,Sona Mahsuri,2022-06-15,1.0,1400.0,1900.0,1600.0,1600.0,1650.0,1642.857142857143,1653.571428571429,18.898223650461368,30.78639631074864,0.0,-50.0,0.9739130434782608,0.9676025917926564,6,2,2022-06-22,1650.0
Tanuku APMC,MTU-1010,2022-06-15,1.0,1960.0,1980.0,1970.0,1970.0,1970.0,1970.0,1970.0,0.0,2.2053098967288814e-06,0.0,0.0,1.0,1.0,6,2,2022-06-22,1970.0
Atmakur (Nandyal District) APMC,Sona Mahsuri,2022-06-16,0.01,1800.0,1800.0,1800.0,1800.0,1800.0,1800.0,1800.0,0.0,0.0,0.0,0.0,1.0,1.0,6,3,2022-06-23,1800.0
Banaganapalli APMC,Sona Mahsuri,2022-06-16,1.0,1400.0,1900.0,1600.0,1600.0,1650.0,1635.7142857142858,1650.0,24.397501823713355,33.96831102434203,0.0,-50.0,0.9781659388646288,0.9696969696969696,6,3,2022-06-23,1650.0
Tanuku APMC,MTU-1010,2022-06-16,1.0,1960.0,1980.0,1970.0,1970.0,1970.0,1970.0,1970.0,0.0,2.2053098967288814e-06,0.0,0.0,1.0,1.0,6,3,2022-06-23,1970.0
Tanuku APMC,MTU-1010,2022-06-17,1.0,1960.0,1980.0,1970.0,1970.0,1970.0,1970.0,1970.0,0.0,2.2053098967288814e-06,0.0,0.0,1.0,1.0,6,4,2022-06-24,1970.0
Rajahmundry APMC,Swarna Masuri (New),2022-06-17,0.5,1960.0,1960.0,1960.0,1960.0,1960.0,1960.0,1960.0,5.5120601757511575e-06,4.473617776440681e-06,0.0,0.0,1.0,1.0,6,4,2022-07-01,1960.0
Atmakur (Nandyal District) APMC,Sona Mahsuri,2022-06-17,0.01,1800.0,1800.0,1800.0,1800.0,1800.0,1800.0,1800.0,0.0,0.0,0.0,0.0,1.0,1.0,6,4,2022-06-24,1800.0
Banaganapalli APMC,Sona Mahsuri,2022-06-17,1.0,1400.0,1900.0,1600.0,1600.0,1650.0,1628.571428571429,1646.428571428571,26.726124191242494,36.5022955773725,0.0,-50.0,0.9824561403508772,0.9718004338394794,6,4,2022-06-24,1650.0
Rajahmundry APMC,Paddy,2022-06-17,0.5,1940.0,1940.0,1940.0,1940.0,1940.0,1940.0,1940.0,3.759662683014833e-06,0.0,0.0,0.0,1.0,1.0,6,4,2022-07-01,1940.0
Atmakur (Nandyal District) APMC,Sona Mahsuri,2022-06-18,0.01,1800.0,1800.0,1800.0,1800.0,1800.0,1800.0,1800.0,0.0,0.0,0.0,0.0,1.0,1.0,6,5,2022-06-25,1800.0
Banaganapalli APMC,Sona Mahsuri,2022-06-18,1.0,1400.0,1900.0,1600.0,1600.0,1650.0,1621.428571428571,1642.857142857143,26.726124191242494,38.51644432598592,0.0,-50.0,0.986784140969163,0.9739130434782608,6,5,2022-06-25,1650.0
Rajahmundry APMC,Paddy,2022-06-18,0.5,1940.0,1940.0,1940.0,1940.0,1940.0,1940.0,1940.0,3.759662683014833e-06,0.0,0.0,0.0,1.0,1.0,6,5,2022-07-01,1940.0
Rajahmundry APMC,Swarna Masuri (New),2022-06-18,0.5,1960.0,1960.0,1960.0,1960.0,1960.0,1960.0,1960.0,5.5120601757511575e-06,4.473617776440681e-06,0.0,0.0,1.0,1.0,6,5,2022-07-01,1960.0
Tanuku APMC,MTU-1010,2022-06-18,1.0,1960.0,1980.0,1970.0,1970.0,1970.0,1970.0,1970.0,0.0,2.2053098967288814e-06,0.0,0.0,1.0,1.0,6,5,2022-06-25,1970.0
Atmakur (Nandyal District) APMC,Sona Mahsuri,2022-06-19,0.01,1800.0,1800.0,1800.0,1800.0,1800.0,1800.0,1800.0,0.0,0.0,0.0,0.0,1.0,1.0,6,6,2022-06-26,1800.0
Banaganapalli APMC,Sona Mahsuri,2022-06-19,1.0,1400.0,1900.0,1600.0,1600.0,1650.0,1614.2857142857142,1632.142857142857,24.397501823713355,24.86225790494841,0.0,-50.0,0.991150442477876,0.9803063457330417,6,6,2022-06-26,1600.0
Rajahmundry APMC,Paddy,2022-06-19,0.5,1940.0,1940.0,1940.0,1940.0,1940.0,1940.0,1940.0,3.759662683014833e-06,0.0,0.0,0.0,1.0,1.0,6,6,2022-07-01,1940.0
Rajahmundry APMC,Swarna Masuri (New),2022-06-19,0.5,1960.0,1960.0,1960.0,1960.0,1960.0,1960.0,1960.0,5.5120601757511575e-06,4.473617776440681e-06,0.0,0.0,1.0,1.0,6,6,2022-07-01,1960.0
Tanuku APMC,MTU-1010,2022-06-19,1.0,1960.0,1980.0,1970.0,1970.0,1970.0,1970.0,1970.0,0.0,2.2053098967288814e-06,0.0,0.0,1.0,1.0,6,6,2022-06-28,1970.0
Tanuku APMC,MTU-1010,2022-06-20,1.0,1960.0,1980.0,1970.0,1970.0,1970.0,1970.0,1970.0,0.0,2.2053098967288814e-06,0.0,0.0,1.0,1.0,6,0,2022-06-28,1970.0
Rajahmundry APMC,Swarna Masuri (New),2022-06-20,0.5,1960.0,1960.0,1960.0,1960.0,1960.0,1960.0,1960.0,5.5120601757511575e-06,4.473617776440681e-06,0.0,0.0,1.0,1.0,6,0,2022-07-01,1960.0
Banaganapalli APMC,Sona Mahsuri,2022-06-20,1.0,1400.0,1900.0,1600.0,1600.0,1650.0,1607.142857142857,1628.571428571429,18.898223650461368,25.677629550660736,0.0,-50.0,0.9955555555555556,0.9824561403508772,6,0,2022-06-27,1600.0
Atmakur (Nandyal District) APMC,Sona Mahsuri,2022-06-20,0.01,1800.0,1800.0,1800.0,1800.0,1800.0,1800.0,1800.0,0.0,0.0,0.0,0.0,1.0,1.0,6,0,2022-06-27,1800.0
Rajahmundry APMC,Paddy,2022-06-20,0.5,1940.0,1940.0,1940.0,1940.0,1940.0,1940.0,1940.0,3.759662683014833e-06,0.0,0.0,0.0,1.0,1.0,6,0,2022-07-01,1940.0
Atmakur (Nandyal District) APMC,Sona Mahsuri,2022-06-21,0.01,1800.0,1800.0,1800.0,1800.0,1800.0,1800.0,1800.0,0.0,0.0,0.0,0.0,1.0,1.0,6,1,2022-06-28,1800.0
Banaganapalli APMC,Sona Mahsuri,2022-06-21,1.0,1400.0,1900.0,1600.0,1600.0,1600.0,1600.0,1625.0,0.0,25.943726083144533,0.0,0.0,1.0,0.9846153846153848,6,1,2022-06-28,1600.0
Chintalapudi APMC,1001,2022-06-21,1.0,1940.0,1960.0,1950.0,1950.0,1950.0,1950.0,1950.0,0.0,0.0,0.0,0.0,1.0,1.0,6,1,2022-07-05,1950.0
Atmakur (Nandyal District) APMC,Sona Mahsuri,2022-06-22,0.01,1800.0,1800.0,1800.0,1800.0,1800.0,1800.0,1800.0,0.0,0.0,0.0,0.0,1.0,1.0,6,2,2022-06-29,1800.0
Banaganapalli APMC,Sona Mahsuri,2022-06-22,1.0,1350.0,1950.0,1650.0,1600.0,1600.0,1600.0,1621.428571428571,0.0,25.677629550660924,50.0,50.0,1.03125,1.0176211453744497,6,2,2022-06-29,1600.0
Tanuku APMC,MTU-1010,2022-06-22,1.0,1960.0,1980.0,1970.0,1970.0,1970.0,1970.0,1970.0,0.0,2.2053098967288814e-06,0.0,0.0,1.0,1.0,6,2,2022-06-29,1970.0
Tanuku APMC,MTU-1010,2022-06-23,1.0,1960.0,1980.0,1970.0,1970.0,1970.0,1970.0,1970.0,0.0,2.2053098967288814e-06,0.0,0.0,1.0,1.0,6,3,2022-06-30,1970.0
Atmakur (Nandyal District) APMC,Sona Mahsuri,2022-06-23,0.01,1800.0,1800.0,1800.0,1800.0,1800.0,1800.0,1800.0,0.0,0.0,0.0,0.0,1.0,1.0,6,3,2022-06-30,1800.0
Banaganapalli APMC,Sona Mahsuri,2022-06-23,1.0,1350.0,1950.0,1650.0,1650.0,1600.0,1607.142857142857,1621.428571428571,18.898223650461368,25.677629550660924,0.0,50.0,1.0266666666666666,1.0176211453744497,6,3,2022-06-30,1600.0
Banaganapalli APMC,Sona Mahsuri,2022-06-24,1.0,1350.0,1950.0,1650.0,1650.0,1600.0,1614.2857142857142,1621.428571428571,24.397501823713355,25.677629550660924,0.0,50.0,1.02212389380531,1.0176211453744497,6,4,2022-07-03,1600.0
Tanuku APMC,MTU-1010,2022-06-24,1.0,1960.0,1980.0,1970.0,1970.0,1970.0,1970.0,1970.0,0.0,2.2053098967288814e-06,0.0,0.0,1.0,1.0,6,4,2022-07-01,1970.0
Atmakur (Nandyal District) APMC,Sona Mahsuri,2022-06-24,0.01,1800.0,1800.0,1800.0,1800.0,1800.0,1800.0,1800.0,0.0,0.0,0.0,0.0,1.0,1.0,6,4,2022-07-01,1800.0
Atmakur (Nandyal District) APMC,Sona Mahsuri,2022-06-25,0.01,1800.0,1800.0,1800.0,1800.0,1800.0,1800.0,1800.0,0.0,0.0,0.0,0.0,1.0,1.0,6,5,2022-07-03,1800.0
Banaganapalli APMC,Sona Mahsuri,2022-06-25,1.0,1350.0,1950.0,1650.0,1650.0,1600.0,1621.428571428571,1621.428571428571,26.726124191242494,25.677629550660924,0.0,50.0,1.0176211453744497,1.0176211453744497,6,5,2022-07-03,1600.0
Tanuku APMC,MTU-1010,2022-06-25,1.0,1960.0,1980.0,1970.0,1970.0,1970.0,1970.0,1970.0,0.0,2.2053098967288814e-06,0.0,0.0,1.0,1.0,6,5,2022-07-03,1970.0
Atmakur (Nandyal District) APMC,Sona Mahsuri,2022-06-26,0.01,1800.0,1800.0,1800.0,1800.0,1800.0,1800.0,1800.0,0.0,0.0,0.0,0.0,1.0,1.0,6,6,2022-07-03,1800.0
Banaganapalli APMC,Sona Mahsuri,2022-06-26,1.0,1300.0,1900.0,1600.0,1650.0,1600.0,1628.571428571429,1621.428571428571,26.726124191242494,25.677629550660924,-50.0,0.0,0.9824561403508772,0.986784140969163,6,6,2022-07-03,1600.0
Atmakur (Nandyal District) APMC,Sona Mahsuri,2022-06-27,0.01,1800.0,1800.0,1800.0,1800.0,1800.0,1800.0,1800.0,0.0,0.0,0.0,0.0,1.0,1.0,6,0,2022-07-04,1800.0
Banaganapalli APMC,Sona Mahsuri,2022-06-27,1.0,1300.0,1900.0,1600.0,1600.0,1600.0,1628.571428571429,1617.857142857143,26.726124191242494,24.8622579049488,0.0,0.0,0.9824561403508772,0.988962472406181,6,0,2022-07-04,1600.0
Atmakur (Nandyal District) APMC,Sona Mahsuri,2022-06-28,0.01,1800.0,1800.0,1800.0,1800.0,1800.0,1800.0,1800.0,0.0,0.0,0.0,0.0,1.0,1.0,6,1,2022-07-05,1800.0
Banaganapalli APMC,Sona Mahsuri,2022-06-28,1.0,1300.0,1900.0,1600.0,1600.0,1600.0,1628.571428571429,1614.2857142857142,26.726124191242494,23.440361546931733,0.0,0.0,0.9824561403508772,0.991150442477876,6,1,2022-07-05,1600.0
Tanuku APMC,MTU-1010,2022-06-28,1.0,1960.0,1980.0,1970.0,1970.0,1970.0,1970.0,1970.0,0.0,2.2053098967288814e-06,0.0,0.0,1.0,1.0,6,1,2022-07-09,1970.0
Banaganapalli APMC,Sona Mahsuri,2022-06-29,1.0,1300.0,1900.0,1600.0,1600.0,1650.0,1628.571428571429,1614.2857142857142,26.726124191242494,23.440361546931733,0.0,-50.0,0.9824561403508772,0.991150442477876,6,2,2022-07-06,1600.0
Tanuku APMC,MTU-1010,2022-06-29,1.0,1960.0,1980.0,1970.0,1970.0,1970.0,1970.0,1970.0,0.0,2.2053098967288814e-06,0.0,0.0,1.0,1.0,6,2,2022-07-09,1970.0
Atmakur (Nandyal District) APMC,Sona Mahsuri,2022-06-29,0.01,1800.0,1800.0,1800.0,1800.0,1800.0,1800.0,1800.0,0.0,0.0,0.0,0.0,1.0,1.0,6,2,2022-07-06,1800.0
Atmakur (Nandyal District) APMC,Sona Mahsuri,2022-06-30,0.01,1800.0,1800.0,1800.0,1800.0,1800.0,1800.0,1800.0,0.0,0.0,0.0,0.0,1.0,1.0,6,3,2022-07-07,1800.0
Banaganapalli APMC,Sona Mahsuri,2022-06-30,1.0,1300.0,1900.0,1600.0,1600.0,1650.0,1621.428571428571,1614.2857142857142,26.726124191242494,23.440361546931733,0.0,-50.0,0.986784140969163,0.991150442477876,6,3,2022-07-07,1600.0
Tanuku APMC,MTU-1010,2022-06-30,1.0,1960.0,1980.0,1970.0,1970.0,1970.0,1970.0,1970.0,0.0,2.2053098967288814e-06,0.0,0.0,1.0,1.0,6,3,2022-07-09,1970.0
Atmakur (Nandyal District) APMC,Sona Mahsuri,2022-07-01,0.01,1800.0,1800.0,1800.0,1800.0,1800.0,1800.0,1800.0,0.0,0.0,0.0,0.0,1.0,1.0,7,4,2022-07-08,1800.0
Rajahmundry APMC,Paddy,2022-07-01,0.5,1940.0,1940.0,1940.0,1940.0,1940.0,1940.0,1940.0,3.759662683014833e-06,0.0,0.0,0.0,1.0,1.0,7,4,2022-07-08,1940.0
Rajahmundry APMC,Swarna Masuri (New),2022-07-01,0.5,1960.0,1960.0,1960.0,1960.0,1960.0,1960.0,1960.0,5.5120601757511575e-06,4.473617776440681e-06,0.0,0.0,1.0,1.0,7,4,2022-07-08,1960.0
Tanuku APMC,MTU-1010,2022-07-01,1.0,1960.0,1980.0,1970.0,1970.0,1970.0,1970.0,1970.0,0.0,2.2053098967288814e-06,0.0,0.0,1.0,1.0,7,4,2022-07-09,1970.0
Rajahmundry APMC,Paddy,2022-07-02,0.5,1940.0,1940.0,1940.0,1940.0,1940.0,1940.0,1940.0,3.759662683014833e-06,0.0,0.0,0.0,1.0,1.0,7,5,2022-07-09,1940.0
Rajahmundry APMC,Swarna Masuri (New),2022-07-02,0.5,1960.0,1960.0,1960.0,1960.0,1960.0,1960.0,1960.0,5.5120601757511575e-06,4.473617776440681e-06,0.0,0.0,1.0,1.0,7,5,2022-07-09,1960.0
Tanuku APMC,MTU-1010,2022-07-03,1.0,1960.0,1980.0,1970.0,1970.0,1970.0,1970.0,1970.0,0.0,2.2053098967288814e-06,0.0,0.0,1.0,1.0,7,6,2022-07-10,1970.0
Rajahmundry APMC,Paddy,2022-07-03,0.5,1940.0,1940.0,1940.0,1940.0,1940.0,1940.0,1940.0,3.759662683014833e-06,0.0,0.0,0.0,1.0,1.0,7,6,2022-07-10,1940.0
Rajahmundry APMC,Swarna Masuri (New),2022-07-03,0.5,1960.0,1960.0,1960.0,1960.0,1960.0,1960.0,1960.0,5.5120601757511575e-06,4.473617776440681e-06,0.0,0.0,1.0,1.0,7,6,2022-07-10,1960.0
Atmakur (Nandyal District) APMC,Sona Mahsuri,2022-07-03,0.01,1800.0,1800.0,1800.0,1800.0,1800.0,1800.0,1800.0,0.0,0.0,0.0,0.0,1.0,1.0,7,6,2022-07-10,1800.0
Banaganapalli APMC,Sona Mahsuri,2022-07-03,1.0,1300.0,1800.0,1600.0,1600.0,1650.0,1614.2857142857142,1614.2857142857142,24.397501823713355,23.440361546931733,0.0,-50.0,0.991150442477876,0.991150442477876,7,6,2022-07-10,1600.0
Atmakur (Nandyal District) APMC,Sona Mahsuri,2022-07-04,0.01,1800.0,1800.0,1800.0,1800.0,1800.0,1800.0,1800.0,0.0,0.0,0.0,0.0,1.0,1.0,7,0,2022-07-11,1800.0
Banaganapalli APMC,Sona Mahsuri,2022-07-04,1.0,1300.0,1800.0,1600.0,1600.0,1650.0,1607.142857142857,1614.2857142857142,18.898223650461368,23.440361546931733,0.0,-50.0,0.9955555555555556,0.991150442477876,7,0,2022-07-11,1600.0
Rajahmundry APMC,Paddy,2022-07-04,0.5,1940.0,1940.0,1940.0,1940.0,1940.0,1940.0,1940.0,3.759662683014833e-06,0.0,0.0,0.0,1.0,1.0,7,0,2022-07-11,1940.0
Rajahmundry APMC,Swarna Masuri (New),2022-07-04,0.5,1960.0,1960.0,1960.0,1960.0,1960.0,1960.0,1960.0,5.5120601757511575e-06,4.473617776440681e-06,0.0,0.0,1.0,1.0,7,0,2022-07-11,1960.0
Tanuku APMC,MTU-1010,2022-07-04,1.0,1960.0,1980.0,1970.0,1970.0,1970.0,1970.0,1970.0,0.0,2.2053098967288814e-06,0.0,0.0,1.0,1.0,7,0,2022-07-11,1970.0
Rajahmundry APMC,Swarna Masuri (New),2022-07-05,0.5,1960.0,1960.0,1960.0,1960.0,1960.0,1960.0,1960.0,5.5120601757511575e-06,4.473617776440681e-06,0.0,0.0,1.0,1.0,7,1,2022-07-12,1960.0
Atmakur (Nandyal District) APMC,Sona Mahsuri,2022-07-05,0.01,1800.0,1800.0,1800.0,1800.0,1800.0,1800.0,1800.0,0.0,0.0,0.0,0.0,1.0,1.0,7,1,2022-07-12,1800.0
Banaganapalli APMC,Sona Mahsuri,2022-07-05,1.0,1300.0,1800.0,1600.0,1600.0,1600.0,1600.0,1614.2857142857142,0.0,23.440361546931733,0.0,0.0,1.0,0.991150442477876,7,1,2022-07-12,1600.0
Chintalapudi APMC,1001,2022-07-05,1.0,1940.0,1960.0,1950.0,1950.0,1950.0,1950.0,1950.0,0.0,0.0,0.0,0.0,1.0,1.0,7,1,2022-07-15,1950.0
Rajahmundry APMC,Paddy,2022-07-05,0.5,1940.0,1940.0,1940.0,1940.0,1940.0,1940.0,1940.0,3.759662683014833e-06,0.0,0.0,0.0,1.0,1.0,7,1,2022-07-12,1940.0
Rajahmundry APMC,Swarna Masuri (New),2022-07-06,0.5,1960.0,1960.0,1960.0,1960.0,1960.0,1960.0,1960.0,5.5120601757511575e-06,4.473617776440681e-06,0.0,0.0,1.0,1.0,7,2,2022-07-13,1960.0
Rajahmundry APMC,Paddy,2022-07-06,0.5,1940.0,1940.0,1940.0,1940.0,1940.0,1940.0,1940.0,3.759662683014833e-06,0.0,0.0,0.0,1.0,1.0,7,2,2022-07-13,1940.0
Banaganapalli APMC,Sona Mahsuri,2022-07-06,1.0,1300.0,1800.0,1600.0,1600.0,1600.0,1600.0,1614.2857142857142,0.0,23.440361546931733,0.0,0.0,1.0,0.991150442477876,7,2,2022-07-13,1600.0
Atmakur (Nandyal District) APMC,Sona Mahsuri,2022-07-06,0.01,1800.0,1800.0,1800.0,1800.0,1800.0,1800.0,1800.0,0.0,0.0,0.0,0.0,1.0,1.0,7,2,2022-07-13,1800.0
Chintalapudi APMC,1001,2022-07-06,1.0,1940.0,1960.0,1950.0,1950.0,1950.0,1950.0,1950.0,0.0,0.0,0.0,0.0,1.0,1.0,7,2,2022-07-15,1950.0
Rajahmundry APMC,Swarna Masuri (New),2022-07-07,0.5,1960.0,1960.0,1960.0,1960.0,1960.0,1960.0,1960.0,5.5120601757511575e-06,4.473617776440681e-06,0.0,0.0,1.0,1.0,7,3,2022-07-14,1960.0
Atmakur (Nandyal District) APMC,Sona Mahsuri,2022-07-07,0.01,1800.0,1800.0,1800.0,1800.0,1800.0,1800.0,1800.0,0.0,0.0,0.0,0.0,1.0,1.0,7,3,2022-07-14,1800.0
Banaganapalli APMC,Sona Mahsuri,2022-07-07,1.0,1300.0,1800.0,1600.0,1600.0,1600.0,1600.0,1614.2857142857142,0.0,23.440361546931733,0.0,0.0,1.0,0.991150442477876,7,3,2022-07-14,1600.0
Chintalapudi APMC,1001,2022-07-07,1.0,1940.0,1960.0,1950.0,1950.0,1950.0,1950.0,1950.0,0.0,0.0,0.0,0.0,1.0,1.0,7,3,2022-07-15,1950.0
Rajahmundry APMC,Paddy,2022-07-07,0.5,1940.0,1940.0,1940.0,1940.0,1940.0,1940.0,1940.0,3.759662683014833e-06,0.0,0.0,0.0,1.0,1.0,7,3,2022-07-14,1940.0
Chintalapudi APMC,1001,2022-07-08,1.0,1940.0,1960.0,1950.0,1950.0,1950.0,1950.0,1950.0,0.0,0.0,0.0,0.0,1.0,1.0,7,4,2022-07-15,1950.0
Rajahmundry APMC,Paddy,2022-07-08,0.5,1940.0,1940.0,1940.0,1940.0,1940.0,1940.0,1940.0,3.759662683014833e-06,0.0,0.0,0.0,1.0,1.0,7,4,2022-07-15,1940.0
Atmakur (Nandyal District) APMC,Sona Mahsuri,2022-07-08,0.01,1800.0,1800.0,1800.0,1800.0,1800.0,1800.0,1800.0,0.0,0.0,0.0,0.0,1.0,1.0,7,4,2022-07-15,1800.0
Banaganapalli APMC,Sona Mahsuri,2022-07-08,1.0,1350.0,1800.0,1600.0,1600.0,1600.0,1600.0,1614.2857142857142,0.0,23.440361546931733,0.0,0.0,1.0,0.991150442477876,7,4,2022-07-15,1600.0
Rajahmundry APMC,Swarna Masuri (New),2022-07-08,0.5,1960.0,1960.0,1960.0,1960.0,1960.0,1960.0,1960.0,5.5120601757511575e-06,4.473617776440681e-06,0.0,0.0,1.0,1.0,7,4,2022-07-15,1960.0
Tanuku APMC,MTU-1010,2022-07-09,1.0,1960.0,1980.0,1970.0,1970.0,1970.0,1970.0,1970.0,0.0,2.2053098967288814e-06,0.0,0.0,1.0,1.0,7,5,2022-07-19,1970.0
Rajahmundry APMC,Paddy,2022-07-09,0.5,1940.0,1940.0,1940.0,1940.0,1940.0,1940.0,1940.0,3.759662683014833e-06,0.0,0.0,0.0,1.0,1.0,7,5,2022-07-16,1940.0
Rajahmundry APMC,Swarna Masuri (New),2022-07-09,0.5,1960.0,1960.0,1960.0,1960.0,1960.0,1960.0,1960.0,5.5120601757511575e-06,4.473617776440681e-06,0.0,0.0,1.0,1.0,7,5,2022-07-16,1960.0
Banaganapalli APMC,Sona Mahsuri,2022-07-09,1.0,1350.0,1800.0,1600.0,1600.0,1600.0,1600.0,1610.7142857142858,0.0,21.29076568132377,0.0,0.0,1.0,0.9933481152993348,7,5,2022-07-18,1500.0
Atmakur (Nandyal District) APMC,Sona Mahsuri,2022-07-09,0.01,1800.0,1800.0,1800.0,1800.0,1800.0,1800.0,1800.0,0.0,0.0,0.0,0.0,1.0,1.0,7,5,2022-07-16,1800.0
Atmakur (Nandyal District) APMC,Sona Mahsuri,2022-07-10,0.01,1800.0,1800.0,1800.0,1800.0,1800.0,1800.0,1800.0,0.0,0.0,0.0,0.0,1.0,1.0,7,6,2022-07-17,1800.0
Banaganapalli APMC,Sona Mahsuri,2022-07-10,1.0,1350.0,1800.0,1600.0,1600.0,1600.0,1600.0,1607.142857142857,0.0,18.156825980073293,0.0,0.0,1.0,0.9955555555555556,7,6,2022-07-18,1500.0
Tanuku APMC,MTU-1010,2022-07-10,1.0,1960.0,1980.0,1970.0,1970.0,1970.0,1970.0,1970.0,0.0,2.2053098967288814e-06,0.0,0.0,1.0,1.0,7,6,2022-07-19,1970.0
Atmakur (Nandyal District) APMC,Sona Mahsuri,2022-07-11,0.01,1800.0,1800.0,1800.0,1800.0,1800.0,1800.0,1800.0,0.0,0.0,0.0,0.0,1.0,1.0,7,0,2022-07-18,1800.0
Banaganapalli APMC,Sona Mahsuri,2022-07-11,1.0,1400.0,1800.0,1600.0,1600.0,1600.0,1600.0,1603.571428571429,0.0,13.363062095633929,0.0,0.0,1.0,0.997772828507795,7,0,2022-07-18,1500.0
Tanuku APMC,MTU-1010,2022-07-11,1.0,1960.0,1980.0,1970.0,1970.0,1970.0,1970.0,1970.0,0.0,2.2053098967288814e-06,0.0,0.0,1.0,1.0,7,0,2022-07-19,1970.0
Atmakur (Nandyal District) APMC,Sona Mahsuri,2022-07-12,0.01,1800.0,1800.0,1800.0,1800.0,1800.0,1800.0,1800.0,0.0,0.0,0.0,0.0,1.0,1.0,7,1,2022-07-19,1800.0
Banaganapalli APMC,Sona Mahsuri,2022-07-12,1.0,1400.0,1800.0,1600.0,1600.0,1600.0,1600.0,1600.0,0.0,1.8552864039161198e-05,0.0,0.0,1.0,1.0,7,1,2022-07-19,1500.0
Tanuku APMC,MTU-1010,2022-07-12,1.0,1960.0,1980.0,1970.0,1970.0,1970.0,1970.0,1970.0,0.0,2.2053098967288814e-06,0.0,0.0,1.0,1.0,7,1,2022-07-19,1970.0
Banaganapalli APMC,Sona Mahsuri,2022-07-13,1.0,1400.0,1800.0,1600.0,1600.0,1600.0,1600.0,1600.0,0.0,1.8552864039161198e-05,0.0,0.0,1.0,1.0,7,2,2022-07-20,1500.0
Tanuku APMC,MTU-1010,2022-07-13,1.0,1960.0,1980.0,1970.0,1970.0,1970.0,1970.0,1970.0,0.0,2.2053098967288814e-06,0.0,0.0,1.0,1.0,7,2,2022-07-20,1970.0
Atmakur (Nandyal District) APMC,Sona Mahsuri,2022-07-13,0.01,1800.0,1800.0,1800.0,1800.0,1800.0,1800.0,1800.0,0.0,0.0,0.0,0.0,1.0,1.0,7,2,2022-07-20,1800.0
Atmakur (Nandyal District) APMC,Sona Mahsuri,2022-07-14,0.01,1800.0,1800.0,1800.0,1800.0,1800.0,1800.0,1800.0,0.0,0.0,0.0,0.0,1.0,1.0,7,3,2022-07-21,1800.0
Banaganapalli APMC,Sona Mahsuri,2022-07-14,1.0,1400.0,1800.0,1600.0,1600.0,1600.0,1600.0,1600.0,0.0,1.8552864039161198e-05,0.0,0.0,1.0,1.0,7,3,2022-07-21,1500.0
Tanuku APMC,MTU-1010,2022-07-14,1.0,1960.0,1980.0,1970.0,1970.0,1970.0,1970.0,1970.0,0.0,2.2053098967288814e-06,0.0,0.0,1.0,1.0,7,3,2022-07-21,1970.0
Atmakur (Nandyal District) APMC,Sona Mahsuri,2022-07-15,0.01,1800.0,1800.0,1800.0,1800.0,1800.0,1800.0,1800.0,0.0,0.0,0.0,0.0,1.0,1.0,7,4,2022-07-22,1800.0
Banaganapalli APMC,Sona Mahsuri,2022-07-15,1.0,1400.0,1800.0,1600.0,1600.0,1600.0,1600.0,1600.0,0.0,1.8552864039161198e-05,0.0,0.0,1.0,1.0,7,4,2022-07-22,1500.0
Tanuku APMC,MTU-1010,2022-07-15,1.0,1960.0,1980.0,1970.0,1970.0,1970.0,1970.0,1970.0,0.0,2.2053098967288814e-06,0.0,0.0,1.0,1.0,7,4,2022-07-22,1970.0
Atmakur (Nandyal District) APMC,Sona Mahsuri,2022-07-16,0.01,1800.0,1800.0,1800.0,1800.0,1800.0,1800.0,1800.0,0.0,0.0,0.0,0.0,1.0,1.0,7,5,2022-07-23,1800.0
Atmakur (Nandyal District) APMC,Sona Mahsuri,2022-07-17,0.01,1800.0,1800.0,1800.0,1800.0,1800.0,1800.0,1800.0,0.0,0.0,0.0,0.0,1.0,1.0,7,6,2022-07-24,1800.0
Atmakur (Nandyal District) APMC,Sona Mahsuri,2022-07-18,0.01,1800.0,1800.0,1800.0,1800.0,1800.0,1800.0,1800.0,0.0,0.0,0.0,0.0,1.0,1.0,7,0,2022-07-25,1800.0
Banaganapalli APMC,Sona Mahsuri,2022-07-18,1.0,1300.0,1800.0,1500.0,1600.0,1600.0,1600.0,1600.0,0.0,1.8552864039161198e-05,-100.0,-100.0,0.9375,0.9375,7,0,2022-07-25,1500.0
Atmakur (Nandyal District) APMC,Sona Mahsuri,2022-07-19,0.01,1800.0,1800.0,1800.0,1800.0,1800.0,1800.0,1800.0,0.0,0.0,0.0,0.0,1.0,1.0,7,1,2022-07-26,1800.0
Banaganapalli APMC,Sona Mahsuri,2022-07-19,1.0,1300.0,1800.0,1500.0,1500.0,1600.0,1585.7142857142858,1592.857142857143,37.796447300922736,26.726124191249077,0.0,-100.0,0.945945945945946,0.9417040358744394,7,1,2022-07-26,1500.0
Tanuku APMC,MTU-1010,2022-07-19,1.0,1960.0,1980.0,1970.0,1970.0,1970.0,1970.0,1970.0,0.0,2.2053098967288814e-06,0.0,0.0,1.0,1.0,7,1,2022-07-26,1970.0
Tanuku APMC,MTU-1010,2022-07-20,1.0,1960.0,1980.0,1970.0,1970.0,1970.0,1970.0,1970.0,0.0,2.2053098967288814e-06,0.0,0.0,1.0,1.0,7,2,2022-07-27,1970.0
Banaganapalli APMC,Sona Mahsuri,2022-07-20,1.0,1300.0,1800.0,1500.0,1500.0,1600.0,1571.428571428571,1585.7142857142858,48.79500364742671,36.31365196013318,0.0,-100.0,0.9545454545454546,0.945945945945946,7,2,2022-07-27,1500.0
Atmakur (Nandyal District) APMC,Sona Mahsuri,2022-07-20,0.01,1800.0,1800.0,1800.0,1800.0,1800.0,1800.0,1800.0,0.0,0.0,0.0,0.0,1.0,1.0,7,2,2022-07-27,1800.0
Atmakur (Nandyal District) APMC,Sona Mahsuri,2022-07-21,0.01,1800.0,1800.0,1800.0,1800.0,1800.0,1800.0,1800.0,0.0,0.0,0.0,0.0,1.0,1.0,7,3,2022-07-28,1800.0
Banaganapalli APMC,Sona Mahsuri,2022-07-21,1.0,1300.0,1800.0,1500.0,1500.0,1600.0,1557.142857142857,1578.571428571429,53.45224838248495,42.58153136263643,0.0,-100.0,0.963302752293578,0.9502262443438914,7,3,2022-07-28,1500.0
Tanuku APMC,MTU-1010,2022-07-21,1.0,1960.0,1980.0,1970.0,1970.0,1970.0,1970.0,1970.0,0.0,2.2053098967288814e-06,0.0,0.0,1.0,1.0,7,3,2022-07-30,1970.0
Atmakur (Nandyal District) APMC,Sona Mahsuri,2022-07-22,0.01,1800.0,1800.0,1800.0,1800.0,1800.0,1800.0,1800.0,0.0,0.0,0.0,0.0,1.0,1.0,7,4,2022-07-29,1800.0
Banaganapalli APMC,Sona Mahsuri,2022-07-22,1.0,1300.0,1800.0,1500.0,1500.0,1600.0,1542.857142857143,1571.428571428571,53.45224838248495,46.8807230938537,0.0,-100.0,0.9722222222222222,0.9545454545454546,7,4,2022-07-29,1500.0
Tanuku APMC,MTU-1010,2022-07-22,1.0,1960.0,1980.0,1970.0,1970.0,1970.0,1970.0,1970.0,0.0,2.2053098967288814e-06,0.0,0.0,1.0,1.0,7,4,2022-07-30,1970.0
Atmakur (Nandyal District) APMC,Sona Mahsuri,2022-07-23,0.01,1800.0,1800.0,1800.0,1800.0,1800.0,1800.0,1800.0,0.0,0.0,0.0,0.0,1.0,1.0,7,5,2022-07-30,1800.0
Banaganapalli APMC,Sona Mahsuri,2022-07-23,1.0,1300.0,1800.0,1500.0,1500.0,1600.0,1528.571428571429,1564.2857142857142,48.79500364742676,49.72451580988874,0.0,-100.0,0.9813084112149532,0.9589041095890412,7,5,2022-07-31,1700.0
Tanuku APMC,MTU-1010,2022-07-24,1.0,1960.0,1980.0,1970.0,1970.0,1970.0,1970.0,1970.0,0.0,2.2053098967288814e-06,0.0,0.0,1.0,1.0,7,6,2022-07-31,1970.0
Atmakur (Nandyal District) APMC,Sona Mahsuri,2022-07-24,0.01,1800.0,1800.0,1800.0,1800.0,1800.0,1800.0,1800.0,0.0,0.0,0.0,0.0,1.0,1.0,7,6,2022-07-31,1800.0
Banaganapalli APMC,Sona Mahsuri,2022-07-24,1.0,1300.0,1800.0,1500.0,1500.0,1600.0,1514.2857142857142,1557.142857142857,37.7964473009229,51.35525910131359,0.0,-100.0,0.9905660377358492,0.963302752293578,7,6,2022-07-31,1700.0
Tanuku APMC,MTU-1010,2022-07-25,1.0,1960.0,1980.0,1970.0,1970.0,1970.0,1970.0,1970.0,0.0,2.2053098967288814e-06,0.0,0.0,1.0,1.0,7,0,2022-08-01,1970.0
Atmakur (Nandyal District) APMC,Sona Mahsuri,2022-07-25,0.01,1800.0,1800.0,1800.0,1800.0,1800.0,1800.0,1800.0,0.0,0.0,0.0,0.0,1.0,1.0,7,0,2022-08-01,1800.0
Banaganapalli APMC,Sona Mahsuri,2022-07-25,1.0,1300.0,1700.0,1500.0,1500.0,1500.0,1500.0,1550.0,0.0,51.88745216628117,0.0,0.0,1.0,0.967741935483871,7,0,2022-08-01,1500.0
Atmakur (Nandyal District) APMC,Sona Mahsuri,2022-07-26,0.01,1800.0,1800.0,1800.0,1800.0,1800.0,1800.0,1800.0,0.0,0.0,0.0,0.0,1.0,1.0,7,1,2022-08-02,1800.0
Banaganapalli APMC,Sona Mahsuri,2022-07-26,1.0,1300.0,1800.0,1500.0,1500.0,1500.0,1500.0,1542.857142857143,0.0,51.35525910131378,0.0,0.0,1.0,0.9722222222222222,7,1,2022-08-02,1500.0
Tanuku APMC,MTU-1010,2022-07-26,1.0,1960.0,1980.0,1970.0,1970.0,1970.0,1970.0,1970.0,0.0,2.2053098967288814e-06,0.0,0.0,1.0,1.0,7,1,2022-08-02,1970.0
Atmakur (Nandyal District) APMC,Sona Mahsuri,2022-07-27,0.01,1800.0,1800.0,1800.0,1800.0,1800.0,1800.0,1800.0,0.0,0.0,0.0,0.0,1.0,1.0,7,2,2022-08-03,1800.0
Banaganapalli APMC,Sona Mahsuri,2022-07-27,1.0,1300.0,1700.0,1500.0,1500.0,1500.0,1500.0,1535.7142857142858,0.0,49.72451580988917,0.0,0.0,1.0,0.9767441860465116,7,2,2022-08-03,1500.0
Tanuku APMC,MTU-1010,2022-07-27,1.0,1960.0,1980.0,1970.0,1970.0,1970.0,1970.0,1970.0,0.0,2.2053098967288814e-06,0.0,0.0,1.0,1.0,7,2,2022-08-03,1970.0
Atmakur (Nandyal District) APMC,Sona Mahsuri,2022-07-28,0.01,1800.0,1800.0,1800.0,1800.0,1800.0,1800.0,1800.0,0.0,0.0,0.0,0.0,1.0,1.0,7,3,2022-08-04,1800.0
Banaganapalli APMC,Sona Mahsuri,2022-07-28,1.0,1300.0,1800.0,1500.0,1500.0,1500.0,1500.0,1528.571428571429,0.0,46.88072309385442,0.0,0.0,1.0,0.9813084112149532,7,3,2022-08-04,1500.0
Atmakur (Nandyal District) APMC,Sona Mahsuri,2022-07-29,0.01,1800.0,1800.0,1800.0,1800.0,1800.0,1800.0,1800.0,0.0,0.0,0.0,0.0,1.0,1.0,7,4,2022-08-05,1800.0
Banaganapalli APMC,Sona Mahsuri,2022-07-29,1.0,1300.0,1800.0,1500.0,1500.0,1500.0,1500.0,1521.428571428571,0.0,42.58153136263753,0.0,0.0,1.0,0.9859154929577464,7,4,2022-08-05,1700.0
Tanuku APMC,MTU-1010,2022-07-30,1.0,1960.0,1980.0,1970.0,1970.0,1970.0,1970.0,1970.0,0.0,2.2053098967288814e-06,0.0,0.0,1.0,1.0,7,5,2022-08-06,1970.0
Atmakur (Nandyal District) APMC,Sona Mahsuri,2022-07-30,0.01,1800.0,1800.0,1800.0,1800.0,1800.0,1800.0,1800.0,0.0,0.0,0.0,0.0,1.0,1.0,7,5,2022-08-07,1800.0
Banaganapalli APMC,Sona Mahsuri,2022-07-31,1.0,1400.0,1900.0,1700.0,1500.0,1500.0,1500.0,1514.2857142857142,0.0,36.313651960134784,200.0,200.0,1.1333333333333333,1.1226415094339623,7,6,2022-08-07,1700.0
Tanuku APMC,MTU-1010,2022-07-31,1.0,1960.0,1980.0,1970.0,1970.0,1970.0,1970.0,1970.0,0.0,2.2053098967288814e-06,0.0,0.0,1.0,1.0,7,6,2022-08-07,1970.0
Atmakur (Nandyal District) APMC,Sona Mahsuri,2022-07-31,0.01,1800.0,1800.0,1800.0,1800.0,1800.0,1800.0,1800.0,0.0,0.0,0.0,0.0,1.0,1.0,7,6,2022-08-07,1800.0
Banaganapalli APMC,Sona Mahsuri,2022-08-01,1.0,1300.0,1800.0,1500.0,1700.0,1500.0,1528.571428571429,1521.428571428571,75.59289460184543,57.89342235218803,-200.0,0.0,0.9813084112149532,0.9859154929577464,8,0,2022-08-08,1700.0
Tanuku APMC,MTU-1010,2022-08-01,1.0,1960.0,1980.0,1970.0,1970.0,1970.0,1970.0,1970.0,0.0,2.2053098967288814e-06,0.0,0.0,1.0,1.0,8,0,2022-08-08,1970.0
Atmakur (Nandyal District) APMC,Sona Mahsuri,2022-08-01,0.01,1800.0,1800.0,1800.0,1800.0,1800.0,1800.0,1800.0,0.0,0.0,0.0,0.0,1.0,1.0,8,0,2022-08-08,1800.0
Tanuku APMC,MTU-1010,2022-08-02,1.0,1960.0,1970.0,1970.0,1970.0,1970.0,1970.0,1970.0,0.0,2.2053098967288814e-06,0.0,0.0,1.0,1.0,8,1,2022-08-09,1970.0
Atmakur (Nandyal District) APMC,Sona Mahsuri,2022-08-02,0.01,1800.0,1800.0,1800.0,1800.0,1800.0,1800.0,1800.0,0.0,0.0,0.0,0.0,1.0,1.0,8,1,2022-08-09,1800.0
Banaganapalli APMC,Sona Mahsuri,2022-08-02,1.0,1300.0,1800.0,1500.0,1500.0,1500.0,1528.571428571429,1514.2857142857142,75.59289460184543,53.45224838248938,0.0,0.0,0.9813084112149532,0.9905660377358492,8,1,2022-08-09,1500.0
Atmakur (Nandyal District) APMC,Sona Mahsuri,2022-08-03,0.01,1800.0,1800.0,1800.0,1800.0,1800.0,1800.0,1800.0,0.0,0.0,0.0,0.0,1.0,1.0,8,2,2022-08-10,1800.0
Banaganapalli APMC,Sona Mahsuri,2022-08-03,1.0,1300.0,1800.0,1500.0,1500.0,1500.0,1528.571428571429,1514.2857142857142,75.59289460184543,53.45224838248938,0.0,0.0,0.9813084112149532,0.9905660377358492,8,2,2022-08-10,1500.0
Tanuku APMC,MTU-1010,2022-08-03,1.0,1960.0,1980.0,1970.0,1970.0,1970.0,1970.0,1970.0,0.0,2.2053098967288814e-06,0.0,0.0,1.0,1.0,8,2,2022-08-10,1970.0
Atmakur (Nandyal District) APMC,Sona Mahsuri,2022-08-04,0.01,1800.0,1800.0,1800.0,1800.0,1800.0,1800.0,1800.0,0.0,0.0,0.0,0.0,1.0,1.0,8,3,2022-08-11,1800.0
Banaganapalli APMC,Sona Mahsuri,2022-08-04,1.0,1300.0,1800.0,1500.0,1500.0,1500.0,1528.571428571429,1514.2857142857142,75.59289460184543,53.45224838248938,0.0,0.0,0.9813084112149532,0.9905660377358492,8,3,2022-08-11,1500.0
Tanuku APMC,MTU-1010,2022-08-04,1.0,1960.0,1980.0,1970.0,1970.0,1970.0,1970.0,1970.0,0.0,2.2053098967288814e-06,0.0,0.0,1.0,1.0,8,3,2022-08-11,1970.0
Atmakur (Nandyal District) APMC,Sona Mahsuri,2022-08-05,0.01,1800.0,1800.0,1800.0,1800.0,1800.0,1800.0,1800.0,0.0,0.0,0.0,0.0,1.0,1.0,8,4,2022-08-13,1800.0
Banaganapalli APMC,Sona Mahsuri,2022-08-05,1.0,1400.0,1900.0,1700.0,1500.0,1500.0,1528.571428571429,1514.2857142857142,75.59289460184543,53.45224838248938,200.0,200.0,1.1121495327102804,1.1226415094339623,8,4,2022-08-12,1500.0
Rajahmundry APMC,Paddy,2022-08-05,0.5,1940.0,1940.0,1940.0,1940.0,1940.0,1940.0,1940.0,3.759662683014833e-06,0.0,0.0,0.0,1.0,1.0,8,4,2022-08-19,1940.0
Rajahmundry APMC,Swarna Masuri (New),2022-08-05,0.5,1960.0,1960.0,1960.0,1960.0,1960.0,1960.0,1960.0,5.5120601757511575e-06,4.473617776440681e-06,0.0,0.0,1.0,1.0,8,4,2022-08-19,1960.0
Tanuku APMC,MTU-1010,2022-08-05,1.0,1960.0,1980.0,1970.0,1970.0,1970.0,1970.0,1970.0,0.0,2.2053098967288814e-06,0.0,0.0,1.0,1.0,8,4,2022-08-12,1970.0
Tanuku APMC,MTU-1010,2022-08-06,1.0,1960.0,1980.0,1970.0,1970.0,1970.0,1970.0,1970.0,0.0,2.2053098967288814e-06,0.0,0.0,1.0,1.0,8,5,2022-08-13,1970.0
Banaganapalli APMC,Sona Mahsuri,2022-08-06,1.0,1400.0,1900.0,1700.0,1700.0,1500.0,1557.142857142857,1528.571428571429,97.59000729485324,72.62730392025954,0.0,200.0,1.0917431192660552,1.1121495327102804,8,5,2022-08-13,1500.0
Atmakur (Nandyal District) APMC,Sona Mahsuri,2022-08-07,0.01,1800.0,1800.0,1800.0,1800.0,1800.0,1800.0,1800.0,0.0,0.0,0.0,0.0,1.0,1.0,8,6,2022-08-14,1800.0
Banaganapalli APMC,Sona Mahsuri,2022-08-07,1.0,1400.0,1900.0,1700.0,1700.0,1700.0,1585.7142857142858,1542.857142857143,106.9044967649696,85.16306272526673,0.0,0.0,1.072072072072072,1.101851851851852,8,6,2022-08-14,1500.0
Tanuku APMC,MTU-1010,2022-08-07,1.0,1960.0,1980.0,1970.0,1970.0,1970.0,1970.0,1970.0,0.0,2.2053098967288814e-06,0.0,0.0,1.0,1.0,8,6,2022-08-14,1970.0
Atmakur (Nandyal District) APMC,Sona Mahsuri,2022-08-08,0.01,1800.0,1800.0,1800.0,1800.0,1800.0,1800.0,1800.0,0.0,0.0,0.0,0.0,1.0,1.0,8,0,2022-08-15,1800.0
Banaganapalli APMC,Sona Mahsuri,2022-08-08,1.0,1400.0,1900.0,1700.0,1700.0,1500.0,1585.7142857142858,1557.142857142857,106.9044967649696,93.76144618770152,0.0,200.0,1.072072072072072,1.0917431192660552,8,0,2022-08-15,1600.0
Tanuku APMC,MTU-1010,2022-08-08,1.0,1960.0,1980.0,1970.0,1970.0,1970.0,1970.0,1970.0,0.0,2.2053098967288814e-06,0.0,0.0,1.0,1.0,8,0,2022-08-15,1970.0
Atmakur (Nandyal District) APMC,Sona Mahsuri,2022-08-09,0.01,1800.0,1800.0,1800.0,1800.0,1800.0,1800.0,1800.0,0.0,0.0,0.0,0.0,1.0,1.0,8,1,2022-08-16,1800.0
Banaganapalli APMC,Sona Mahsuri,2022-08-09,1.0,1300.0,1800.0,1500.0,1700.0,1500.0,1614.2857142857142,1571.428571428571,106.90449676496948,99.44903161977165,-200.0,0.0,0.9292035398230089,0.9545454545454546,8,1,2022-08-16,1600.0
Tanuku APMC,MTU-1010,2022-08-09,1.0,1960.0,1980.0,1970.0,1970.0,1970.0,1970.0,1970.0,0.0,2.2053098967288814e-06,0.0,0.0,1.0,1.0,8,1,2022-08-16,1970.0
Tanuku APMC,MTU-1010,2022-08-10,1.0,1960.0,1980.0,1970.0,1970.0,1970.0,1970.0,1970.0,0.0,2.2053098967288814e-06,0.0,0.0,1.0,1.0,8,2,2022-08-17,1970.0
Atmakur (Nandyal District) APMC,Sona Mahsuri,2022-08-10,0.01,1800.0,1800.0,1800.0,1800.0,1800.0,1800.0,1800.0,0.0,0.0,0.0,0.0,1.0,1.0,8,2,2022-08-17,1800.0
Banaganapalli APMC,Sona Mahsuri,2022-08-10,1.0,1300.0,1800.0,1500.0,1500.0,1500.0,1614.2857142857142,1571.428571428571,106.90449676496948,99.44903161977165,0.0,0.0,0.9292035398230089,0.9545454545454546,8,2,2022-08-17,1700.0
Tanuku APMC,MTU-1010,2022-08-11,1.0,1960.0,1980.0,1970.0,1970.0,1970.0,1970.0,1970.0,0.0,2.2053098967288814e-06,0.0,0.0,1.0,1.0,8,3,2022-08-18,1970.0
Banaganapalli APMC,Sona Mahsuri,2022-08-11,1.0,1300.0,1800.0,1500.0,1500.0,1500.0,1614.2857142857142,1571.428571428571,106.90449676496948,99.44903161977165,0.0,0.0,0.9292035398230089,0.9545454545454546,8,3,2022-08-18,1700.0
Atmakur (Nandyal District) APMC,Sona Mahsuri,2022-08-11,0.01,1800.0,1800.0,1800.0,1800.0,1800.0,1800.0,1800.0,0.0,0.0,0.0,0.0,1.0,1.0,8,3,2022-08-18,1800.0
Banaganapalli APMC,Sona Mahsuri,2022-08-12,1.0,1300.0,1800.0,1500.0,1500.0,1700.0,1614.2857142857142,1571.428571428571,106.90449676496948,99.44903161977165,0.0,-200.0,0.9292035398230089,0.9545454545454546,8,4,2022-08-19,1700.0
Tanuku APMC,MTU-1010,2022-08-12,1.0,1960.0,1980.0,1970.0,1970.0,1970.0,1970.0,1970.0,0.0,2.2053098967288814e-06,0.0,0.0,1.0,1.0,8,4,2022-08-19,1970.0
Atmakur (Nandyal District) APMC,Sona Mahsuri,2022-08-13,0.01,1800.0,1800.0,1800.0,1800.0,1800.0,1800.0,1800.0,0.0,0.0,0.0,0.0,1.0,1.0,8,5,2022-08-20,1800.0
Banaganapalli APMC,Sona Mahsuri,2022-08-13,1.0,1300.0,1800.0,1500.0,1500.0,1700.0,1585.7142857142858,1571.428571428571,106.9044967649696,99.44903161977165,0.0,-200.0,0.945945945945946,0.9545454545454546,8,5,2022-08-20,1700.0
Tanuku APMC,MTU-1010,2022-08-13,1.0,1960.0,1970.0,1970.0,1970.0,1970.0,1970.0,1970.0,0.0,2.2053098967288814e-06,0.0,0.0,1.0,1.0,8,5,2022-08-20,1970.0
Atmakur (Nandyal District) APMC,Sona Mahsuri,2022-08-14,0.01,1800.0,1800.0,1800.0,1800.0,1800.0,1800.0,1800.0,0.0,0.0,0.0,0.0,1.0,1.0,8,6,2022-08-21,1800.0
Banaganapalli APMC,Sona Mahsuri,2022-08-14,1.0,1300.0,1800.0,1500.0,1500.0,1700.0,1557.142857142857,1571.428571428571,97.59000729485324,99.44903161977165,0.0,-200.0,0.963302752293578,0.9545454545454546,8,6,2022-08-21,1600.0
Tanuku APMC,MTU-1010,2022-08-14,1.0,1960.0,1980.0,1970.0,1970.0,1970.0,1970.0,1970.0,0.0,2.2053098967288814e-06,0.0,0.0,1.0,1.0,8,6,2022-08-21,1970.0
Atmakur (Nandyal District) APMC,Sona Mahsuri,2022-08-15,0.01,1800.0,1800.0,1800.0,1800.0,1800.0,1800.0,1800.0,0.0,0.0,0.0,0.0,1.0,1.0,8,0,2022-08-22,1800.0
Banaganapalli APMC,Sona Mahsuri,2022-08-15,1.0,1400.0,1800.0,1600.0,1500.0,1700.0,1528.571428571429,1557.142857142857,75.59289460184542,93.76144618770152,100.0,-100.0,1.0467289719626167,1.0275229357798166,8,0,2022-08-22,1600.0
Tanuku APMC,MTU-1010,2022-08-15,1.0,1960.0,1980.0,1970.0,1970.0,1970.0,1970.0,1970.0,0.0,2.2053098967288814e-06,0.0,0.0,1.0,1.0,8,0,2022-08-22,1970.0
Tanuku APMC,MTU-1010,2022-08-16,1.0,1960.0,1980.0,1970.0,1970.0,1970.0,1970.0,1970.0,0.0,2.2053098967288814e-06,0.0,0.0,1.0,1.0,8,1,2022-08-23,1970.0
Banaganapalli APMC,Sona Mahsuri,2022-08-16,1.0,1400.0,1800.0,1600.0,1600.0,1500.0,1514.2857142857142,1564.2857142857142,37.796447300922736,92.87827316640896,0.0,100.0,1.0566037735849056,1.0228310502283104,8,1,2022-08-23,1700.0
Atmakur (Nandyal District) APMC,Sona Mahsuri,2022-08-16,0.01,1800.0,1800.0,1800.0,1800.0,1800.0,1800.0,1800.0,0.0,0.0,0.0,0.0,1.0,1.0,8,1,2022-08-23,1800.0
Atmakur (Nandyal District) APMC,Sona Mahsuri,2022-08-17,0.01,1800.0,1800.0,1800.0,1800.0,1800.0,1800.0,1800.0,0.0,0.0,0.0,0.0,1.0,1.0,8,2,2022-08-24,1800.0
Banaganapalli APMC,Sona Mahsuri,2022-08-17,1.0,1400.0,1900.0,1700.0,1600.0,1500.0,1528.571428571429,1571.428571428571,48.79500364742671,91.38735334634,100.0,200.0,1.1121495327102804,1.0818181818181818,8,2,2022-08-24,1700.0
Tanuku APMC,MTU-1010,2022-08-17,1.0,1960.0,1980.0,1970.0,1970.0,1970.0,1970.0,1970.0,0.0,2.2053098967288814e-06,0.0,0.0,1.0,1.0,8,2,2022-08-26,1970.0
Atmakur (Nandyal District) APMC,Sona Mahsuri,2022-08-18,0.01,1800.0,1800.0,1800.0,1800.0,1800.0,1800.0,1800.0,0.0,0.0,0.0,0.0,1.0,1.0,8,3,2022-08-25,1800.0
Banaganapalli APMC,Sona Mahsuri,2022-08-18,1.0,1400.0,1900.0,1700.0,1700.0,1500.0,1557.142857142857,1585.7142857142858,78.67957924694439,94.92622930986695,0.0,200.0,1.0917431192660552,1.072072072072072,8,3,2022-08-25,1500.0
Tanuku APMC,MTU-1010,2022-08-18,1.0,1960.0,1980.0,1970.0,1970.0,1970.0,1970.0,1970.0,0.0,2.2053098967288814e-06,0.0,0.0,1.0,1.0,8,3,2022-08-26,1970.0
Atmakur (Nandyal District) APMC,Sona Mahsuri,2022-08-19,0.01,1800.0,1800.0,1800.0,1800.0,1800.0,1800.0,1800.0,0.0,0.0,0.0,0.0,1.0,1.0,8,4,2022-08-26,1800.0
Banaganapalli APMC,Sona Mahsuri,2022-08-19,1.0,1400.0,1900.0,1700.0,1700.0,1500.0,1585.7142857142858,1600.0,89.97354108424383,96.07689228305446,0.0,200.0,1.072072072072072,1.0625,8,4,2022-08-26,1500.0
Tanuku APMC,MTU-1010,2022-08-19,1.0,1960.0,1980.0,1970.0,1970.0,1970.0,1970.0,1970.0,0.0,2.2053098967288814e-06,0.0,0.0,1.0,1.0,8,4,2022-08-26,1970.0
Atmakur (Nandyal District) APMC,Sona Mahsuri,2022-08-20,0.01,1800.0,1800.0,1800.0,1800.0,1800.0,1800.0,1800.0,0.0,0.0,0.0,0.0,1.0,1.0,8,5,2022-08-27,1800.0
Banaganapalli APMC,Sona Mahsuri,2022-08-20,1.0,1400.0,1900.0,1700.0,1700.0,1500.0,1614.2857142857142,1600.0,89.97354108424392,96.07689228305446,0.0,200.0,1.0530973451327434,1.0625,8,5,2022-08-27,1500.0
Tanuku APMC,MTU-1010,2022-08-20,1.0,1960.0,1980.0,1970.0,1970.0,1970.0,1970.0,1970.0,0.0,2.2053098967288814e-06,0.0,0.0,1.0,1.0,8,5,2022-08-27,1970.0
Banaganapalli APMC,Sona Mahsuri,2022-08-21,1.0,1400.0,1800.0,1600.0,1700.0,1500.0,1642.857142857143,1600.0,78.67957924694464,96.07689228305446,-100.0,100.0,0.9739130434782608,1.0,8,6,2022-08-28,1500.0
Tanuku APMC,MTU-1010,2022-08-21,1.0,1960.0,1980.0,1970.0,1970.0,1970.0,1970.0,1970.0,0.0,2.2053098967288814e-06,0.0,0.0,1.0,1.0,8,6,2022-08-28,1970.0
Atmakur (Nandyal District) APMC,Sona Mahsuri,2022-08-21,0.01,1800.0,1800.0,1800.0,1800.0,1800.0,1800.0,1800.0,0.0,0.0,0.0,0.0,1.0,1.0,8,6,2022-08-28,1800.0
Atmakur (Nandyal District) APMC,Sona Mahsuri,2022-08-22,0.01,1800.0,1800.0,1800.0,1800.0,1800.0,1800.0,1800.0,0.0,0.0,0.0,0.0,1.0,1.0,8,0,2022-08-29,1800.0
Banaganapalli APMC,Sona Mahsuri,2022-08-22,1.0,1400.0,1800.0,1600.0,1600.0,1600.0,1657.142857142857,1592.857142857143,53.452248382485415,91.68747682532133,0.0,0.0,0.9655172413793104,1.0044843049327354,8,0,2022-08-29,1600.0
Tanuku APMC,MTU-1010,2022-08-22,1.0,1960.0,1980.0,1970.0,1970.0,1970.0,1970.0,1970.0,0.0,2.2053098967288814e-06,0.0,0.0,1.0,1.0,8,0,2022-08-29,1970.0
Atmakur (Nandyal District) APMC,Sona Mahsuri,2022-08-23,0.01,1800.0,1800.0,1800.0,1800.0,1800.0,1800.0,1800.0,0.0,0.0,0.0,0.0,1.0,1.0,8,1,2022-08-30,1800.0
Banaganapalli APMC,Sona Mahsuri,2022-08-23,1.0,1400.0,2000.0,1700.0,1600.0,1600.0,1657.142857142857,1585.7142857142858,53.452248382485415,86.44378215075915,100.0,100.0,1.0258620689655171,1.072072072072072,8,1,2022-08-30,1600.0
Tanuku APMC,MTU-1010,2022-08-23,1.0,1960.0,1980.0,1970.0,1970.0,1970.0,1970.0,1970.0,0.0,2.2053098967288814e-06,0.0,0.0,1.0,1.0,8,1,2022-08-30,1970.0
Atmakur (Nandyal District) APMC,Sona Mahsuri,2022-08-24,0.01,1800.0,1800.0,1800.0,1800.0,1800.0,1800.0,1800.0,0.0,0.0,0.0,0.0,1.0,1.0,8,2,2022-08-31,1800.0
Banaganapalli APMC,Sona Mahsuri,2022-08-24,1.0,1400.0,2000.0,1700.0,1700.0,1700.0,1671.428571428571,1600.0,48.79500364742728,87.7058019307053,0.0,0.0,1.0170940170940173,1.0625,8,2,2022-08-31,1600.0
Atmakur (Nandyal District) APMC,Sona Mahsuri,2022-08-25,0.01,1800.0,1800.0,1800.0,1800.0,1800.0,1800.0,1800.0,0.0,0.0,0.0,0.0,1.0,1.0,8,3,2022-09-01,1800.0
Banaganapalli APMC,Sona Mahsuri,2022-08-25,1.0,1300.0,1800.0,1500.0,1700.0,1700.0,1671.428571428571,1614.2857142857142,48.79500364742728,86.44378215075899,-200.0,-200.0,0.8974358974358975,0.9292035398230089,8,3,2022-09-01,1600.0
Banaganapalli APMC,Sona Mahsuri,2022-08-26,1.0,1300.0,1800.0,1500.0,1500.0,1700.0,1642.857142857143,1614.2857142857142,78.67957924694464,86.44378215075899,0.0,-200.0,0.9130434782608696,0.9292035398230089,8,4,2022-09-02,1600.0
Tanuku APMC,MTU-1010,2022-08-26,1.0,1960.0,1980.0,1970.0,1970.0,1970.0,1970.0,1970.0,0.0,2.2053098967288814e-06,0.0,0.0,1.0,1.0,8,4,2022-09-02,1970.0
Atmakur (Nandyal District) APMC,Sona Mahsuri,2022-08-26,0.01,1800.0,1800.0,1800.0,1800.0,1800.0,1800.0,1800.0,0.0,0.0,0.0,0.0,1.0,1.0,8,4,2022-09-02,1800.0
Atmakur (Nandyal District) APMC,Sona Mahsuri,2022-08-27,0.01,1800.0,1800.0,1800.0,1800.0,1800.0,1800.0,1800.0,0.0,0.0,0.0,0.0,1.0,1.0,8,5,2022-09-03,1800.0
Banaganapalli APMC,Sona Mahsuri,2022-08-27,1.0,1300.0,1800.0,1500.0,1500.0,1700.0,1614.2857142857142,1614.2857142857142,89.97354108424392,86.44378215075899,0.0,-200.0,0.9292035398230089,0.9292035398230089,8,5,2022-09-03,1800.0
Tanuku APMC,MTU-1010,2022-08-27,1.0,1960.0,1980.0,1970.0,1970.0,1970.0,1970.0,1970.0,0.0,2.2053098967288814e-06,0.0,0.0,1.0,1.0,8,5,2022-09-03,1970.0
Atmakur (Nandyal District) APMC,Sona Mahsuri,2022-08-28,0.01,1800.0,1800.0,1800.0,1800.0,1800.0,1800.0,1800.0,0.0,0.0,0.0,0.0,1.0,1.0,8,6,2022-09-04,1800.0
Banaganapalli APMC,Sona Mahsuri,2022-08-28,1.0,1300.0,1800.0,1500.0,1500.0,1600.0,1585.7142857142858,1614.2857142857142,89.97354108424378,86.44378215075899,0.0,-100.0,0.945945945945946,0.9292035398230089,8,6,2022-09-04,1600.0
Tanuku APMC,MTU-1010,2022-08-28,1.0,1960.0,1980.0,1970.0,1970.0,1970.0,1970.0,1970.0,0.0,2.2053098967288814e-06,0.0,0.0,1.0,1.0,8,6,2022-09-06,2040.0
Atmakur (Nandyal District) APMC,Sona Mahsuri,2022-08-29,0.01,1800.0,1800.0,1800.0,1800.0,1800.0,1800.0,1800.0,0.0,0.0,0.0,0.0,1.0,1.0,8,0,2022-09-05,1800.0
Banaganapalli APMC,Sona Mahsuri,2022-08-29,1.0,1350.0,1900.0,1600.0,1500.0,1600.0,1571.428571428571,1614.2857142857142,95.11897312113416,86.44378215075899,100.0,0.0,1.0181818181818183,0.991150442477876,8,0,2022-09-05,1550.0
Tanuku APMC,MTU-1010,2022-08-29,1.0,1960.0,1980.0,1970.0,1970.0,1970.0,1970.0,1970.0,0.0,2.2053098967288814e-06,0.0,0.0,1.0,1.0,8,0,2022-09-06,2040.0
Tanuku APMC,MTU-1010,2022-08-30,1.0,1960.0,1980.0,1970.0,1970.0,1970.0,1970.0,1970.0,0.0,2.2053098967288814e-06,0.0,0.0,1.0,1.0,8,1,2022-09-06,2040.0
Atmakur (Nandyal District) APMC,Sona Mahsuri,2022-08-30,0.01,1800.0,1800.0,1800.0,1800.0,1800.0,1800.0,1800.0,0.0,0.0,0.0,0.0,1.0,1.0,8,1,2022-09-09,2040.0
Banaganapalli APMC,Sona Mahsuri,2022-08-30,1.0,1350.0,1900.0,1600.0,1600.0,1700.0,1571.428571428571,1614.2857142857142,95.11897312113416,86.44378215075899,0.0,-100.0,1.0181818181818183,0.991150442477876,8,1,2022-09-06,1700.0
Tanuku APMC,MTU-1010,2022-08-31,1.0,1960.0,1980.0,1970.0,1970.0,1970.0,1970.0,1970.0,0.0,2.2053098967288814e-06,0.0,0.0,1.0,1.0,8,2,2022-09-07,2040.0
Banaganapalli APMC,Sona Mahsuri,2022-08-31,1.0,1400.0,1800.0,1600.0,1600.0,1700.0,1557.142857142857,1614.2857142857142,78.67957924694414,86.44378215075899,0.0,-100.0,1.0275229357798166,0.991150442477876,8,2,2022-09-07,1700.0
Atmakur (Nandyal District) APMC,Sona Mahsuri,2022-08-31,0.01,1800.0,1800.0,1800.0,1800.0,1800.0,1800.0,1800.0,0.0,0.0,0.0,0.0,1.0,1.0,8,2,2022-09-09,2040.0
Atmakur (Nandyal District) APMC,Sona Mahsuri,2022-09-01,0.01,1800.0,1800.0,1800.0,1800.0,1800.0,1800.0,1800.0,0.0,0.0,0.0,0.0,1.0,1.0,9,3,2022-09-09,2040.0
Banaganapalli APMC,Sona Mahsuri,2022-09-01,1.0,1400.0,1800.0,1600.0,1600.0,1500.0,1542.857142857143,1607.142857142857,53.45224838248446,82.87419301647697,0.0,100.0,1.037037037037037,0.9955555555555556,9,3,2022-09-08,1700.0
Tanuku APMC,MTU-1010,2022-09-01,1.0,1960.0,1980.0,1970.0,1970.0,1970.0,1970.0,1970.0,0.0,2.2053098967288814e-06,0.0,0.0,1.0,1.0,9,3,2022-09-08,2040.0
Atmakur (Nandyal District) APMC,Sona Mahsuri,2022-09-02,0.01,1800.0,1800.0,1800.0,1800.0,1800.0,1800.0,1800.0,0.0,0.0,0.0,0.0,1.0,1.0,9,4,2022-09-09,2040.0
Banaganapalli APMC,Sona Mahsuri,2022-09-02,1.0,1350.0,1800.0,1600.0,1600.0,1500.0,1557.142857142857,1600.0,53.4522483824846,78.44645405527628,0.0,100.0,1.0275229357798166,1.0,9,4,2022-09-09,1700.0
Tanuku APMC,MTU-1010,2022-09-02,1.0,1960.0,1980.0,1970.0,1970.0,1970.0,1970.0,1970.0,0.0,2.2053098967288814e-06,0.0,0.0,1.0,1.0,9,4,2022-09-09,2040.0
Atmakur (Nandyal District) APMC,Sona Mahsuri,2022-09-03,0.01,1800.0,1800.0,1800.0,1800.0,1800.0,1800.0,1800.0,0.0,0.0,0.0,0.0,1.0,1.0,9,5,2022-09-10,2040.0
Banaganapalli APMC,Sona Mahsuri,2022-09-03,1.0,1600.0,2000.0,1800.0,1600.0,1500.0,1571.428571428571,1592.857142857143,48.79500364742653,73.0045911547401,200.0,300.0,1.1454545454545455,1.1300448430493273,9,5,2022-09-10,1700.0
Tanuku APMC,MTU-1010,2022-09-03,1.0,1960.0,1980.0,1970.0,1970.0,1970.0,1970.0,1970.0,0.0,2.2053098967288814e-06,0.0,0.0,1.0,1.0,9,5,2022-09-10,2040.0
Atmakur (Nandyal District) APMC,Sona Mahsuri,2022-09-04,0.01,1800.0,1800.0,1800.0,1800.0,1800.0,1800.0,1800.0,0.0,0.0,0.0,0.0,1.0,1.0,9,6,2022-09-11,2040.0
Banaganapalli APMC,Sona Mahsuri,2022-09-04,1.0,1400.0,1800.0,1600.0,1800.0,1500.0,1614.2857142857142,1600.0,89.97354108424403,87.7058019307053,-200.0,100.0,0.991150442477876,1.0,9,6,2022-09-11,1700.0
Banaganapalli APMC,Sona Mahsuri,2022-09-05,1.0,1350.0,1750.0,1550.0,1600.0,1600.0,1628.571428571429,1600.0,75.59289460184597,87.7058019307053,-50.0,-50.0,0.9517543859649122,0.96875,9,0,2022-09-12,1700.0
Atmakur (Nandyal District) APMC,Sona Mahsuri,2022-09-05,0.01,1800.0,1800.0,1800.0,1800.0,1800.0,1800.0,1800.0,0.0,0.0,0.0,0.0,1.0,1.0,9,0,2022-09-12,2040.0
Banaganapalli APMC,Sona Mahsuri,2022-09-06,1.0,1400.0,2000.0,1700.0,1550.0,1600.0,1621.428571428571,1596.428571428571,80.91735937126914,88.71797518473662,150.0,100.0,1.0484581497797358,1.0648769574944073,9,1,2022-09-13,1750.0
Tanuku APMC,MTU-1010,2022-09-06,1.0,2020.0,2080.0,2040.0,1970.0,1970.0,1970.0,1970.0,0.0,2.2053098967288814e-06,70.0,70.0,1.035532994923858,1.035532994923858,9,1,2022-09-13,2040.0
Banaganapalli APMC,Sona Mahsuri,2022-09-07,1.0,1400.0,1900.0,1700.0,1700.0,1600.0,1635.7142857142858,1596.428571428571,85.21681032463519,88.71797518473662,0.0,100.0,1.039301310043668,1.0648769574944073,9,2,2022-09-14,1750.0
Tanuku APMC,MTU-1010,2022-09-07,1.0,2020.0,2080.0,2040.0,2040.0,1970.0,1980.0,1975.0,26.457513110645905,18.708286933870088,0.0,70.0,1.0303030303030305,1.0329113924050632,9,2,2022-09-14,2040.0
Banaganapalli APMC,Sona Mahsuri,2022-09-08,1.0,1400.0,1900.0,1700.0,1700.0,1600.0,1650.0,1596.428571428571,86.60254037844447,88.71797518473662,0.0,100.0,1.0303030303030305,1.0648769574944073,9,3,2022-09-15,1700.0
Tanuku APMC,MTU-1010,2022-09-08,1.0,2020.0,2080.0,2040.0,2040.0,1970.0,1990.0,1980.0,34.15650255319865,25.419556372090184,0.0,70.0,1.0251256281407035,1.0303030303030305,9,3,2022-09-15,2040.0
Atmakur (Nandyal District) APMC,Sona Mahsuri,2022-09-09,0.01,2040.0,2040.0,2040.0,1800.0,1800.0,1800.0,1800.0,0.0,0.0,240.0,240.0,1.1333333333333333,1.1333333333333333,9,4,2022-09-16,2040.0
Banaganapalli APMC,Sona Mahsuri,2022-09-09,1.0,1400.0,1900.0,1700.0,1700.0,1600.0,1664.2857142857142,1610.7142857142858,85.21681032463538,88.09647558778627,0.0,100.0,1.0214592274678111,1.0554323725055432,9,4,2022-09-16,1600.0
Tanuku APMC,MTU-1010,2022-09-09,1.0,2020.0,2080.0,2040.0,2040.0,1970.0,2000.0,1985.0,37.416573867739416,29.80707195384297,0.0,70.0,1.02,1.0277078085642315,9,4,2022-09-16,2040.0
Tanuku APMC,MTU-1010,2022-09-10,1.0,2020.0,2060.0,2040.0,2040.0,1970.0,2010.0,1990.0,37.416573867739416,32.816506165695344,0.0,70.0,1.0149253731343284,1.0251256281407035,9,5,2022-09-17,2040.0
Atmakur (Nandyal District) APMC,Sona Mahsuri,2022-09-10,0.01,2040.0,2040.0,2040.0,2040.0,1800.0,1834.2857142857144,1817.142857142857,90.71147352221456,64.14269805898185,0.0,240.0,1.1121495327102804,1.1226415094339623,9,5,2022-09-17,2040.0
Banaganapalli APMC,Sona Mahsuri,2022-09-10,1.0,1400.0,1900.0,1700.0,1700.0,1800.0,1678.571428571429,1625.0,80.91735937126957,84.92077756084706,0.0,-100.0,1.0127659574468084,1.0461538461538462,9,5,2022-09-17,1600.0
Banaganapalli APMC,Sona Mahsuri,2022-09-11,1.0,1400.0,1900.0,1700.0,1700.0,1600.0,1664.2857142857142,1639.2857142857142,62.67831705280183,78.88299862789111,0.0,100.0,1.0214592274678111,1.037037037037037,9,6,2022-09-18,1600.0
Tanuku APMC,MTU-1010,2022-09-11,1.0,2020.0,2060.0,2040.0,2040.0,1970.0,2020.0,1995.0,34.15650255319865,34.80716106692005,0.0,70.0,1.00990099009901,1.0225563909774436,9,6,2022-09-18,2040.0
Atmakur (Nandyal District) APMC,Sona Mahsuri,2022-09-11,0.01,2040.0,2040.0,2040.0,2040.0,1800.0,1868.571428571429,1834.2857142857144,117.10800875382398,87.15276470430757,0.0,240.0,1.091743119266055,1.1121495327102804,9,6,2022-09-18,2040.0
Tanuku APMC,MTU-1010,2022-09-12,1.0,2020.0,2060.0,2040.0,2040.0,1970.0,2030.0,2000.0,26.457513110645905,35.94868137091756,0.0,70.0,1.0049261083743843,1.02,9,0,2022-09-19,2040.0
Atmakur (Nandyal District) APMC,Sona Mahsuri,2022-09-12,0.01,2040.0,2040.0,2040.0,2040.0,1800.0,1902.857142857143,1851.4285714285716,128.2853961179637,102.19567527031684,0.0,240.0,1.072072072072072,1.101851851851852,9,0,2022-09-19,2040.0
Banaganapalli APMC,Sona Mahsuri,2022-09-12,1.0,1400.0,2000.0,1700.0,1700.0,1550.0,1678.571428571429,1653.571428571429,56.694670951385376,69.23840006785566,0.0,150.0,1.0127659574468084,1.0280777537796977,9,0,2022-09-19,1900.0
Atmakur (Nandyal District) APMC,Sona Mahsuri,2022-09-13,0.01,2040.0,2040.0,2040.0,2040.0,1800.0,1937.142857142857,1868.571428571429,128.2853961179637,112.51373542523896,0.0,240.0,1.0530973451327434,1.091743119266055,9,1,2022-09-20,2040.0
Banaganapalli APMC,Sona Mahsuri,2022-09-13,1.0,1500.0,2000.0,1750.0,1700.0,1700.0,1700.0,1660.7142857142858,0.0,68.44023622158474,50.0,50.0,1.0294117647058822,1.053763440860215,9,1,2022-09-20,1800.0
Tanuku APMC,MTU-1010,2022-09-13,1.0,2020.0,2060.0,2040.0,2040.0,2040.0,2040.0,2005.0,0.0,36.32121651639497,0.0,0.0,1.0,1.0174563591022443,9,1,2022-09-20,2040.0
Atmakur (Nandyal District) APMC,Sona Mahsuri,2022-09-14,0.01,2040.0,2040.0,2040.0,2040.0,1800.0,1971.4285714285716,1885.7142857142856,117.10800875382398,119.3388379437233,0.0,240.0,1.0347826086956522,1.0818181818181818,9,2,2022-09-21,2040.0
Banaganapalli APMC,Sona Mahsuri,2022-09-14,1.0,1500.0,2000.0,1750.0,1750.0,1700.0,1707.142857142857,1671.428571428571,18.898223650461368,69.9293206753095,0.0,50.0,1.0251046025104602,1.047008547008547,9,2,2022-09-21,1800.0
Tanuku APMC,MTU-1010,2022-09-14,1.0,2020.0,2060.0,2040.0,2040.0,2040.0,2040.0,2010.0,0.0,35.94868137091784,0.0,0.0,1.0,1.0149253731343284,9,2,2022-09-21,2040.0
Atmakur (Nandyal District) APMC,Sona Mahsuri,2022-09-15,0.01,2040.0,2040.0,2040.0,2040.0,1800.0,2005.7142857142856,1902.857142857143,90.71147352221456,123.25262184314296,0.0,240.0,1.017094017094017,1.072072072072072,9,3,2022-09-22,2040.0
Banaganapalli APMC,Sona Mahsuri,2022-09-15,1.0,1400.0,1900.0,1700.0,1750.0,1700.0,1714.2857142857142,1682.142857142857,24.397501823713355,69.63405128887352,-50.0,0.0,0.9916666666666668,1.010615711252654,9,3,2022-09-22,1800.0
Tanuku APMC,MTU-1010,2022-09-15,1.0,2020.0,2060.0,2040.0,2040.0,2040.0,2040.0,2015.0,0.0,34.807161066920614,0.0,0.0,1.0,1.0124069478908189,9,3,2022-09-22,2040.0
Banaganapalli APMC,Sona Mahsuri,2022-09-16,1.0,1400.0,1900.0,1600.0,1700.0,1700.0,1714.2857142857142,1689.2857142857142,24.397501823713355,65.57019558801781,-100.0,-100.0,0.9333333333333332,0.9471458773784356,9,4,2022-09-23,1800.0
Tanuku APMC,MTU-1010,2022-09-16,1.0,2020.0,2060.0,2040.0,2040.0,2040.0,2040.0,2020.0,0.0,32.81650616569624,0.0,0.0,1.0,1.00990099009901,9,4,2022-09-23,2040.0
Atmakur (Nandyal District) APMC,Sona Mahsuri,2022-09-16,0.01,2040.0,2040.0,2040.0,2040.0,2040.0,2040.0,1920.0,0.0,124.52988519906503,0.0,0.0,1.0,1.0625,9,4,2022-09-23,2040.0
Atmakur (Nandyal District) APMC,Sona Mahsuri,2022-09-17,0.01,2040.0,2040.0,2040.0,2040.0,2040.0,2040.0,1937.142857142857,0.0,123.25262184314296,0.0,0.0,1.0,1.0530973451327434,9,5,2022-09-24,2040.0
Banaganapalli APMC,Sona Mahsuri,2022-09-17,1.0,1300.0,1900.0,1600.0,1600.0,1700.0,1700.0,1689.2857142857142,49.99999999999995,65.57019558801781,0.0,-100.0,0.9411764705882352,0.9471458773784356,9,5,2022-09-24,1800.0
Tanuku APMC,MTU-1010,2022-09-17,1.0,2020.0,2060.0,2040.0,2040.0,2040.0,2040.0,2025.0,0.0,29.80707195384428,0.0,0.0,1.0,1.0074074074074073,9,5,2022-09-24,2040.0
Atmakur (Nandyal District) APMC,Sona Mahsuri,2022-09-18,0.01,2040.0,2040.0,2040.0,2040.0,2040.0,2040.0,1954.2857142857144,0.0,119.3388379437233,0.0,0.0,1.0,1.0438596491228072,9,6,2022-09-25,2040.0
Banaganapalli APMC,Sona Mahsuri,2022-09-18,1.0,1400.0,1900.0,1600.0,1600.0,1700.0,1685.7142857142858,1675.0,62.67831705280079,61.23724356958256,0.0,-100.0,0.9491525423728812,0.9552238805970148,9,6,2022-09-25,1800.0
Tanuku APMC,MTU-1010,2022-09-18,1.0,2020.0,2060.0,2040.0,2040.0,2040.0,2040.0,2030.0,0.0,25.419556372092103,0.0,0.0,1.0,1.0049261083743843,9,6,2022-09-25,2040.0
Atmakur (Nandyal District) APMC,Sona Mahsuri,2022-09-19,0.01,2040.0,2040.0,2040.0,2040.0,2040.0,2040.0,1971.4285714285716,0.0,112.51373542523896,0.0,0.0,1.0,1.0347826086956522,9,0,2022-09-26,2040.0
Banaganapalli APMC,Sona Mahsuri,2022-09-19,1.0,1600.0,2100.0,1900.0,1600.0,1700.0,1671.428571428571,1675.0,69.86381310057705,61.23724356958256,300.0,200.0,1.1367521367521367,1.1343283582089552,9,0,2022-09-26,1800.0
Tanuku APMC,MTU-1010,2022-09-19,1.0,2020.0,2060.0,2040.0,2040.0,2040.0,2040.0,2035.0,0.0,18.70828693387324,0.0,0.0,1.0,1.0024570024570023,9,0,2022-09-26,2040.0
Tanuku APMC,MTU-1010,2022-09-20,1.0,2020.0,2060.0,2040.0,2040.0,2040.0,2040.0,2040.0,0.0,1.1902574935023937e-05,0.0,0.0,1.0,1.0,9,1,2022-09-27,2040.0
Atmakur (Nandyal District) APMC,Sona Mahsuri,2022-09-20,0.01,2040.0,2040.0,2040.0,2040.0,2040.0,2040.0,1988.571428571429,0.0,102.19567527031684,0.0,0.0,1.0,1.0258620689655171,9,1,2022-09-27,2040.0
Banaganapalli APMC,Sona Mahsuri,2022-09-20,1.0,1600.0,2000.0,1800.0,1900.0,1750.0,1700.0,1700.0,111.80339887498948,75.95545253127725,-100.0,50.0,1.0588235294117647,1.0588235294117647,9,1,2022-09-27,1800.0
Banaganapalli APMC,Sona Mahsuri,2022-09-21,1.0,1600.0,2000.0,1800.0,1800.0,1750.0,1707.142857142857,1707.142857142857,117.00630833624396,80.52028616141907,0.0,50.0,1.0543933054393306,1.0543933054393306,9,2,2022-09-28,1800.0
Tanuku APMC,MTU-1010,2022-09-21,1.0,2020.0,2060.0,2040.0,2040.0,2040.0,2040.0,2040.0,0.0,1.1902574935023937e-05,0.0,0.0,1.0,1.0,9,2,2022-09-28,2040.0
Atmakur (Nandyal District) APMC,Sona Mahsuri,2022-09-21,0.01,2040.0,2040.0,2040.0,2040.0,2040.0,2040.0,2005.7142857142856,0.0,87.15276470430757,0.0,0.0,1.0,1.017094017094017,9,2,2022-09-28,2040.0
Atmakur (Nandyal District) APMC,Sona Mahsuri,2022-09-22,0.01,2040.0,2040.0,2040.0,2040.0,2040.0,2040.0,2022.857142857143,0.0,64.14269805898185,0.0,0.0,1.0,1.0084745762711864,9,3,2022-09-29,2040.0
Banaganapalli APMC,Sona Mahsuri,2022-09-22,1.0,1600.0,2000.0,1800.0,1800.0,1700.0,1714.2857142857142,1714.2857142857142,121.49857925879118,84.18973861411146,0.0,100.0,1.05,1.05,9,3,2022-09-29,1750.0
Tanuku APMC,MTU-1010,2022-09-22,1.0,2020.0,2060.0,2040.0,2040.0,2040.0,2040.0,2040.0,0.0,1.1902574935023937e-05,0.0,0.0,1.0,1.0,9,3,2022-09-29,2040.0
Atmakur (Nandyal District) APMC,Sona Mahsuri,2022-09-23,0.01,2040.0,2040.0,2040.0,2040.0,2040.0,2040.0,2040.0,0.0,0.0,0.0,0.0,1.0,1.0,9,4,2022-09-30,2040.0
Banaganapalli APMC,Sona Mahsuri,2022-09-23,1.0,1600.0,2000.0,1800.0,1800.0,1600.0,1728.571428571429,1721.428571428571,125.35663410560176,87.07707839849644,0.0,200.0,1.0413223140495866,1.045643153526971,9,4,2022-09-30,1800.0
Chintalapudi APMC,1001,2022-09-23,1.0,1940.0,1960.0,1950.0,1950.0,1950.0,1950.0,1950.0,0.0,0.0,0.0,0.0,1.0,1.0,9,4,2022-09-30,1950.0
Tanuku APMC,MTU-1010,2022-09-23,1.0,2020.0,2050.0,2040.0,2040.0,2040.0,2040.0,2040.0,0.0,1.1902574935023937e-05,0.0,0.0,1.0,1.0,9,4,2022-09-30,2040.0
Atmakur (Nandyal District) APMC,Sona Mahsuri,2022-09-24,0.01,2040.0,2040.0,2040.0,2040.0,2040.0,2040.0,2040.0,0.0,0.0,0.0,0.0,1.0,1.0,9,5,2022-10-01,2040.0
Banaganapalli APMC,Sona Mahsuri,2022-09-24,1.0,1600.0,2000.0,1800.0,1800.0,1600.0,1757.142857142857,1728.571428571429,113.38934190276824,89.25823753039977,0.0,200.0,1.024390243902439,1.0413223140495866,9,5,2022-10-01,1700.0
Chintalapudi APMC,1001,2022-09-24,1.0,1940.0,1960.0,1950.0,1950.0,1950.0,1950.0,1950.0,0.0,0.0,0.0,0.0,1.0,1.0,9,5,2022-10-01,1950.0
Tanuku APMC,MTU-1010,2022-09-24,1.0,2020.0,2060.0,2040.0,2040.0,2040.0,2040.0,2040.0,0.0,1.1902574935023937e-05,0.0,0.0,1.0,1.0,9,5,2022-10-03,2040.0
Banaganapalli APMC,Sona Mahsuri,2022-09-25,1.0,1600.0,2000.0,1800.0,1800.0,1600.0,1785.7142857142858,1735.7142857142858,89.97354108424392,90.78412990032194,0.0,200.0,1.008,1.037037037037037,9,6,2022-10-02,1700.0
Tanuku APMC,MTU-1010,2022-09-25,1.0,2020.0,2070.0,2040.0,2040.0,2040.0,2040.0,2040.0,0.0,1.1902574935023937e-05,0.0,0.0,1.0,1.0,9,6,2022-10-03,2040.0
Atmakur (Nandyal District) APMC,Sona Mahsuri,2022-09-25,0.01,2040.0,2040.0,2040.0,2040.0,2040.0,2040.0,2040.0,0.0,0.0,0.0,0.0,1.0,1.0,9,6,2022-10-02,2040.0
Atmakur (Nandyal District) APMC,Sona Mahsuri,2022-09-26,0.01,2040.0,2040.0,2040.0,2040.0,2040.0,2040.0,2040.0,0.0,0.0,0.0,0.0,1.0,1.0,9,0,2022-10-03,2040.0
Banaganapalli APMC,Sona Mahsuri,2022-09-26,1.0,1600.0,2000.0,1800.0,1800.0,1900.0,1814.2857142857144,1742.857142857143,37.79644730092328,91.68747682532047,0.0,-100.0,0.9921259842519684,1.0327868852459017,9,0,2022-10-03,1750.0
Tanuku APMC,MTU-1010,2022-09-26,1.0,2020.0,2060.0,2040.0,2040.0,2040.0,2040.0,2040.0,0.0,1.1902574935023937e-05,0.0,0.0,1.0,1.0,9,0,2022-10-03,2040.0
Atmakur (Nandyal District) APMC,Sona Mahsuri,2022-09-27,0.01,2040.0,2040.0,2040.0,2040.0,2040.0,2040.0,2040.0,0.0,0.0,0.0,0.0,1.0,1.0,9,1,2022-10-04,2040.0
Banaganapalli APMC,Sona Mahsuri,2022-09-27,1.0,1600.0,2000.0,1800.0,1800.0,1800.0,1800.0,1750.0,0.0,91.98662110078142,0.0,0.0,1.0,1.0285714285714285,9,1,2022-10-04,1750.0
Tanuku APMC,MTU-1010,2022-09-27,1.0,2020.0,2060.0,2040.0,2040.0,2040.0,2040.0,2040.0,0.0,1.1902574935023937e-05,0.0,0.0,1.0,1.0,9,1,2022-10-04,2040.0
Atmakur (Nandyal District) APMC,Sona Mahsuri,2022-09-28,0.01,2040.0,2040.0,2040.0,2040.0,2040.0,2040.0,2040.0,0.0,0.0,0.0,0.0,1.0,1.0,9,2,2022-10-05,2040.0
Banaganapalli APMC,Sona Mahsuri,2022-09-28,1.0,1600.0,2000.0,1800.0,1800.0,1800.0,1800.0,1753.571428571429,0.0,92.9521914217742,0.0,0.0,1.0,1.0264765784114052,9,2,2022-10-05,1750.0
Tanuku APMC,MTU-1010,2022-09-28,1.0,2020.0,2060.0,2040.0,2040.0,2040.0,2040.0,2040.0,0.0,1.1902574935023937e-05,0.0,0.0,1.0,1.0,9,2,2022-10-05,2040.0
Banaganapalli APMC,Sona Mahsuri,2022-09-29,1.0,1500.0,2000.0,1750.0,1800.0,1800.0,1800.0,1757.142857142857,0.0,93.76144618770044,-50.0,-50.0,0.9722222222222222,0.9959349593495936,9,3,2022-10-06,1750.0
Tanuku APMC,MTU-1010,2022-09-29,1.0,2020.0,2060.0,2040.0,2040.0,2040.0,2040.0,2040.0,0.0,1.1902574935023937e-05,0.0,0.0,1.0,1.0,9,3,2022-10-06,2040.0
Atmakur (Nandyal District) APMC,Sona Mahsuri,2022-09-29,0.01,2040.0,2040.0,2040.0,2040.0,2040.0,2040.0,2040.0,0.0,0.0,0.0,0.0,1.0,1.0,9,3,2022-10-06,2040.0
Tanuku APMC,MTU-1010,2022-09-30,1.0,2020.0,2060.0,2040.0,2040.0,2040.0,2040.0,2040.0,0.0,1.1902574935023937e-05,0.0,0.0,1.0,1.0,9,4,2022-10-07,2060.0
Atmakur (Nandyal District) APMC,Sona Mahsuri,2022-09-30,0.01,2040.0,2040.0,2040.0,2040.0,2040.0,2040.0,2040.0,0.0,0.0,0.0,0.0,1.0,1.0,9,4,2022-10-07,2040.0
Banaganapalli APMC,Sona Mahsuri,2022-09-30,1.0,1600.0,2000.0,1800.0,1750.0,1800.0,1792.857142857143,1760.7142857142858,18.898223650461368,92.35918893223364,50.0,0.0,1.00398406374502,1.022312373225152,9,4,2022-10-07,1800.0
Atmakur (Nandyal District) APMC,Sona Mahsuri,2022-10-01,0.01,2040.0,2040.0,2040.0,2040.0,2040.0,2040.0,2040.0,0.0,0.0,0.0,0.0,1.0,1.0,10,5,2022-10-08,2040.0
Banaganapalli APMC,Sona Mahsuri,2022-10-01,1.0,1400.0,2000.0,1700.0,1800.0,1800.0,1792.857142857143,1775.0,18.898223650461368,80.26398751811377,-100.0,-100.0,0.948207171314741,0.9577464788732394,10,5,2022-10-08,1800.0
Atmakur (Nandyal District) APMC,Sona Mahsuri,2022-10-02,0.01,2040.0,2040.0,2040.0,2040.0,2040.0,2040.0,2040.0,0.0,0.0,0.0,0.0,1.0,1.0,10,6,2022-10-09,2040.0
Banaganapalli APMC,Sona Mahsuri,2022-10-02,1.0,1400.0,2000.0,1700.0,1700.0,1800.0,1778.571428571429,1782.142857142857,39.33978962347219,66.81531047810773,0.0,-100.0,0.9558232931726908,0.9539078156312626,10,6,2022-10-09,1800.0
Atmakur (Nandyal District) APMC,Sona Mahsuri,2022-10-03,0.01,2040.0,2040.0,2040.0,2040.0,2040.0,2040.0,2040.0,0.0,0.0,0.0,0.0,1.0,1.0,10,0,2022-10-10,2040.0
Banaganapalli APMC,Sona Mahsuri,2022-10-03,1.0,1500.0,2000.0,1750.0,1700.0,1800.0,1764.2857142857142,1789.2857142857142,47.55948656056712,48.7480627961136,50.0,-50.0,0.9919028340080972,0.9780439121756488,10,0,2022-10-10,1800.0
Tanuku APMC,MTU-1010,2022-10-03,1.0,2020.0,2060.0,2040.0,2040.0,2040.0,2040.0,2040.0,0.0,1.1902574935023937e-05,0.0,0.0,1.0,1.0,10,0,2022-10-10,2040.0
Atmakur (Nandyal District) APMC,Sona Mahsuri,2022-10-04,0.01,2040.0,2040.0,2040.0,2040.0,2040.0,2040.0,2040.0,0.0,0.0,0.0,0.0,1.0,1.0,10,1,2022-10-11,2040.0
Banaganapalli APMC,Sona Mahsuri,2022-10-04,1.0,1500.0,2000.0,1750.0,1750.0,1800.0,1757.142857142857,1778.571428571429,44.98677054212189,37.79644730092565,0.0,-50.0,0.9959349593495936,0.9839357429718876,10,1,2022-10-11,1850.0
Tanuku APMC,MTU-1010,2022-10-04,1.0,2020.0,2060.0,2040.0,2040.0,2040.0,2040.0,2040.0,0.0,1.1902574935023937e-05,0.0,0.0,1.0,1.0,10,1,2022-10-11,2040.0
Banaganapalli APMC,Sona Mahsuri,2022-10-05,1.0,1500.0,2000.0,1750.0,1750.0,1800.0,1750.0,1775.0,40.82482904638632,37.97772626564048,0.0,-50.0,1.0,0.9859154929577464,10,2,2022-10-12,1850.0
Tanuku APMC,MTU-1010,2022-10-05,1.0,2020.0,2060.0,2040.0,2040.0,2040.0,2040.0,2040.0,0.0,1.1902574935023937e-05,0.0,0.0,1.0,1.0,10,2,2022-10-12,2040.0
Atmakur (Nandyal District) APMC,Sona Mahsuri,2022-10-05,0.01,2040.0,2040.0,2040.0,2040.0,2040.0,2040.0,2040.0,0.0,0.0,0.0,0.0,1.0,1.0,10,2,2022-10-12,2040.0
Atmakur (Nandyal District) APMC,Sona Mahsuri,2022-10-06,0.01,2040.0,2040.0,2040.0,2040.0,2040.0,2040.0,2040.0,0.0,0.0,0.0,0.0,1.0,1.0,10,3,2022-10-13,2040.0
Banaganapalli APMC,Sona Mahsuri,2022-10-06,1.0,1500.0,2000.0,1750.0,1750.0,1750.0,1742.857142857143,1771.428571428571,34.50327796711773,37.79644730092578,0.0,0.0,1.0040983606557377,0.9879032258064516,10,3,2022-10-13,1850.0
Tanuku APMC,MTU-1010,2022-10-06,1.0,2020.0,2060.0,2040.0,2040.0,2040.0,2040.0,2040.0,0.0,1.1902574935023937e-05,0.0,0.0,1.0,1.0,10,3,2022-10-13,2040.0
Atmakur (Nandyal District) APMC,Sona Mahsuri,2022-10-07,0.01,2040.0,2040.0,2040.0,2040.0,2040.0,2040.0,2040.0,0.0,0.0,0.0,0.0,1.0,1.0,10,4,2022-10-14,2040.0
Banaganapalli APMC,Sona Mahsuri,2022-10-07,1.0,1600.0,2000.0,1800.0,1750.0,1800.0,1742.857142857143,1767.857142857143,34.50327796711773,37.24731718342777,50.0,0.0,1.0327868852459017,1.018181818181818,10,4,2022-10-14,1850.0
Tanuku APMC,MTU-1010,2022-10-07,1.0,2020.0,2070.0,2060.0,2040.0,2040.0,2040.0,2040.0,0.0,1.1902574935023937e-05,20.0,20.0,1.0098039215686274,1.0098039215686274,10,4,2022-10-14,2040.0
Atmakur (Nandyal District) APMC,Sona Mahsuri,2022-10-08,0.01,2040.0,2040.0,2040.0,2040.0,2040.0,2040.0,2040.0,0.0,0.0,0.0,0.0,1.0,1.0,10,5,2022-10-15,2040.0
Banaganapalli APMC,Sona Mahsuri,2022-10-08,1.0,1600.0,2000.0,1800.0,1800.0,1700.0,1742.857142857143,1767.857142857143,34.50327796711773,37.24731718342777,0.0,100.0,1.0327868852459017,1.018181818181818,10,5,2022-10-15,2000.0
Tanuku APMC,MTU-1010,2022-10-08,1.0,2020.0,2060.0,2040.0,2060.0,2040.0,2042.857142857143,2041.4285714285716,7.559289460184537,5.345224838261974,-20.0,0.0,0.9986013986013986,0.999300209937019,10,5,2022-10-15,2060.0
Atmakur (Nandyal District) APMC,Sona Mahsuri,2022-10-09,0.01,2040.0,2040.0,2040.0,2040.0,2040.0,2040.0,2040.0,0.0,0.0,0.0,0.0,1.0,1.0,10,6,2022-10-16,2040.0
Banaganapalli APMC,Sona Mahsuri,2022-10-09,1.0,1600.0,2000.0,1800.0,1800.0,1700.0,1757.142857142857,1767.857142857143,34.50327796711774,37.24731718342777,0.0,100.0,1.024390243902439,1.018181818181818,10,6,2022-10-16,2000.0
Tanuku APMC,MTU-1010,2022-10-09,1.0,2020.0,2060.0,2040.0,2040.0,2040.0,2042.857142857143,2041.4285714285716,7.559289460184537,5.345224838261974,0.0,0.0,0.9986013986013986,0.999300209937019,10,6,2022-10-16,2060.0
Tanuku APMC,MTU-1010,2022-10-10,1.0,2020.0,2060.0,2040.0,2040.0,2040.0,2042.857142857143,2041.4285714285716,7.559289460184537,5.345224838261974,0.0,0.0,0.9986013986013986,0.999300209937019,10,0,2022-10-17,2060.0
Atmakur (Nandyal District) APMC,Sona Mahsuri,2022-10-10,0.01,2040.0,2040.0,2040.0,2040.0,2040.0,2040.0,2040.0,0.0,0.0,0.0,0.0,1.0,1.0,10,0,2022-10-17,2040.0
Banaganapalli APMC,Sona Mahsuri,2022-10-10,1.0,1600.0,2000.0,1800.0,1800.0,1750.0,1771.428571428571,1767.857142857143,26.72612419124253,37.24731718342777,0.0,50.0,1.0161290322580645,1.018181818181818,10,0,2022-10-17,2000.0
Atmakur (Nandyal District) APMC,Sona Mahsuri,2022-10-11,0.01,2040.0,2040.0,2040.0,2040.0,2040.0,2040.0,2040.0,0.0,0.0,0.0,0.0,1.0,1.0,10,1,2022-10-18,2040.0
Banaganapalli APMC,Sona Mahsuri,2022-10-11,1.0,1700.0,2000.0,1850.0,1800.0,1750.0,1778.571428571429,1767.857142857143,26.72612419124253,37.24731718342777,50.0,100.0,1.040160642570281,1.0464646464646463,10,1,2022-10-18,2000.0
Tanuku APMC,MTU-1010,2022-10-11,1.0,2020.0,2060.0,2040.0,2040.0,2040.0,2042.857142857143,2041.4285714285716,7.559289460184537,5.345224838261974,0.0,0.0,0.9986013986013986,0.999300209937019,10,1,2022-10-18,2060.0
Atmakur (Nandyal District) APMC,Sona Mahsuri,2022-10-12,0.01,2040.0,2040.0,2040.0,2040.0,2040.0,2040.0,2040.0,0.0,0.0,0.0,0.0,1.0,1.0,10,2,2022-10-19,2040.0
Banaganapalli APMC,Sona Mahsuri,2022-10-12,1.0,1700.0,2000.0,1850.0,1850.0,1750.0,1792.857142857143,1771.428571428571,34.50327796711774,42.58153136263471,0.0,100.0,1.0318725099601591,1.0443548387096775,10,2,2022-10-19,1800.0
Tanuku APMC,MTU-1010,2022-10-12,1.0,2020.0,2060.0,2040.0,2040.0,2040.0,2042.857142857143,2041.4285714285716,7.559289460184537,5.345224838261974,0.0,0.0,0.9986013986013986,0.999300209937019,10,2,2022-10-19,2040.0
Tanuku APMC,MTU-1010,2022-10-13,1.0,2020.0,2060.0,2040.0,2040.0,2040.0,2042.857142857143,2041.4285714285716,7.559289460184537,5.345224838261974,0.0,0.0,0.9986013986013986,0.999300209937019,10,3,2022-10-20,2040.0
Atmakur (Nandyal District) APMC,Sona Mahsuri,2022-10-13,0.01,2040.0,2040.0,2040.0,2040.0,2040.0,2040.0,2040.0,0.0,0.0,0.0,0.0,1.0,1.0,10,3,2022-10-20,2040.0
Banaganapalli APMC,Sona Mahsuri,2022-10-13,1.0,1700.0,2000.0,1850.0,1850.0,1750.0,1807.142857142857,1775.0,34.50327796711774,47.02699715630039,0.0,100.0,1.023715415019763,1.0422535211267605,10,3,2022-10-20,1900.0
Tanuku APMC,MTU-1010,2022-10-14,1.0,2020.0,2060.0,2040.0,2040.0,2060.0,2042.857142857143,2041.4285714285716,7.559289460184537,5.345224838261974,0.0,-20.0,0.9986013986013986,0.999300209937019,10,4,2022-10-21,2040.0
Banaganapalli APMC,Sona Mahsuri,2022-10-14,1.0,1700.0,2000.0,1850.0,1850.0,1800.0,1821.4285714285716,1782.142857142857,26.72612419124253,50.41040360093342,0.0,50.0,1.015686274509804,1.0380761523046091,10,4,2022-10-21,1900.0
Atmakur (Nandyal District) APMC,Sona Mahsuri,2022-10-14,0.01,2040.0,2040.0,2040.0,2040.0,2040.0,2040.0,2040.0,0.0,0.0,0.0,0.0,1.0,1.0,10,4,2022-10-21,2040.0
Atmakur (Nandyal District) APMC,Sona Mahsuri,2022-10-15,0.01,2040.0,2040.0,2040.0,2040.0,2040.0,2040.0,2040.0,0.0,0.0,0.0,0.0,1.0,1.0,10,5,2022-10-22,2040.0
Banaganapalli APMC,Sona Mahsuri,2022-10-15,1.0,1700.0,2100.0,2000.0,1850.0,1800.0,1828.571428571429,1785.7142857142858,26.72612419124253,53.45224838248679,150.0,200.0,1.09375,1.12,10,5,2022-10-22,1900.0
Tanuku APMC,MTU-1010,2022-10-15,1.0,2040.0,2080.0,2060.0,2040.0,2040.0,2040.0,2041.4285714285716,0.0,5.345224838261974,20.0,20.0,1.0098039215686274,1.0090972708187544,10,5,2022-10-22,2040.0
Tanuku APMC,MTU-1010,2022-10-16,1.0,2040.0,2080.0,2060.0,2060.0,2040.0,2042.857142857143,2042.857142857143,7.559289460184537,7.262730392035702,0.0,20.0,1.0083916083916085,1.0083916083916085,10,6,2022-10-23,2040.0
Atmakur (Nandyal District) APMC,Sona Mahsuri,2022-10-16,0.01,2040.0,2040.0,2040.0,2040.0,2040.0,2040.0,2040.0,0.0,0.0,0.0,0.0,1.0,1.0,10,6,2022-10-23,2040.0
Banaganapalli APMC,Sona Mahsuri,2022-10-16,1.0,1700.0,2100.0,2000.0,2000.0,1800.0,1857.142857142857,1807.142857142857,67.25927091345488,73.00459115473835,0.0,200.0,1.0769230769230769,1.1067193675889329,10,6,2022-10-23,1900.0
Banaganapalli APMC,Sona Mahsuri,2022-10-17,1.0,1700.0,2100.0,2000.0,2000.0,1800.0,1885.7142857142856,1828.571428571429,80.17837257372717,82.54203058555655,0.0,200.0,1.0606060606060606,1.09375,10,0,2022-10-24,1900.0
Tanuku APMC,MTU-1010,2022-10-17,1.0,2040.0,2080.0,2060.0,2060.0,2040.0,2045.7142857142856,2044.2857142857144,9.759000729485294,8.516306272535095,0.0,20.0,1.0069832402234635,1.0076869322152342,10,0,2022-10-24,2040.0
Atmakur (Nandyal District) APMC,Sona Mahsuri,2022-10-17,0.01,2040.0,2040.0,2040.0,2040.0,2040.0,2040.0,2040.0,0.0,0.0,0.0,0.0,1.0,1.0,10,0,2022-10-24,2040.0
Banaganapalli APMC,Sona Mahsuri,2022-10-18,1.0,1700.0,2100.0,2000.0,2000.0,1850.0,1914.2857142857144,1846.4285714285716,80.17837257372702,90.85975184587844,0.0,150.0,1.0447761194029852,1.0831721470019342,10,1,2022-10-25,1900.0
Tanuku APMC,MTU-1010,2022-10-18,1.0,2040.0,2080.0,2060.0,2060.0,2040.0,2048.5714285714284,2045.7142857142856,10.69044967649694,9.376144618777882,0.0,20.0,1.00557880055788,1.0069832402234635,10,1,2022-10-25,2040.0
Atmakur (Nandyal District) APMC,Sona Mahsuri,2022-10-18,0.01,2040.0,2040.0,2040.0,2040.0,2040.0,2040.0,2040.0,0.0,0.0,0.0,0.0,1.0,1.0,10,1,2022-10-25,2040.0
Banaganapalli APMC,Sona Mahsuri,2022-10-19,1.0,1600.0,2100.0,1800.0,2000.0,1850.0,1935.7142857142856,1864.2857142857144,80.1783725737269,94.92622930986508,-200.0,-50.0,0.9298892988929888,0.9655172413793104,10,2,2022-10-26,1850.0
Tanuku APMC,MTU-1010,2022-10-19,1.0,2040.0,2060.0,2040.0,2060.0,2040.0,2051.428571428572,2047.142857142857,10.69044967649694,9.944903161984522,-20.0,0.0,0.9944289693593314,0.9965108164689462,10,2,2022-10-26,2040.0
Atmakur (Nandyal District) APMC,Sona Mahsuri,2022-10-19,0.01,2040.0,2040.0,2040.0,2040.0,2040.0,2040.0,2040.0,0.0,0.0,0.0,0.0,1.0,1.0,10,2,2022-10-26,2040.0
Tanuku APMC,MTU-1010,2022-10-20,1.0,2040.0,2060.0,2040.0,2040.0,2040.0,2051.428571428572,2047.142857142857,10.69044967649694,9.944903161984522,0.0,0.0,0.9944289693593314,0.9965108164689462,10,3,2022-10-27,2040.0
Banaganapalli APMC,Sona Mahsuri,2022-10-20,1.0,1700.0,2100.0,1900.0,1800.0,1850.0,1928.571428571429,1867.857142857143,90.63269671749624,91.16161231812232,100.0,50.0,0.9851851851851852,1.017208413001912,10,3,2022-10-27,1850.0
Atmakur (Nandyal District) APMC,Sona Mahsuri,2022-10-20,0.01,2040.0,2040.0,2040.0,2040.0,2040.0,2040.0,2040.0,0.0,0.0,0.0,0.0,1.0,1.0,10,3,2022-10-27,2040.0
Atmakur (Nandyal District) APMC,Sona Mahsuri,2022-10-21,0.01,2040.0,2040.0,2040.0,2040.0,2040.0,2040.0,2040.0,0.0,0.0,0.0,0.0,1.0,1.0,10,4,2022-10-28,2040.0
Banaganapalli APMC,Sona Mahsuri,2022-10-21,1.0,1700.0,2100.0,1900.0,1900.0,1850.0,1935.7142857142856,1878.571428571429,85.2168103246343,84.83986208028774,0.0,50.0,0.9815498154981548,1.011406844106464,10,4,2022-10-28,1900.0
Tanuku APMC,MTU-1010,2022-10-21,1.0,2020.0,2060.0,2040.0,2040.0,2040.0,2051.428571428572,2047.142857142857,10.69044967649694,9.944903161984522,0.0,0.0,0.9944289693593314,0.9965108164689462,10,4,2022-10-28,2040.0
Atmakur (Nandyal District) APMC,Sona Mahsuri,2022-10-22,0.01,2040.0,2040.0,2040.0,2040.0,2040.0,2040.0,2040.0,0.0,0.0,0.0,0.0,1.0,1.0,10,5,2022-10-29,2040.0
Banaganapalli APMC,Sona Mahsuri,2022-10-22,1.0,1700.0,2100.0,1900.0,1900.0,2000.0,1942.857142857143,1885.7142857142856,78.67957924694389,81.87366306265243,0.0,-100.0,0.9779411764705882,1.0075757575757576,10,5,2022-10-29,1900.0
Tanuku APMC,MTU-1010,2022-10-22,1.0,2020.0,2060.0,2040.0,2040.0,2060.0,2051.428571428572,2045.7142857142856,10.69044967649694,9.376144618777882,0.0,-20.0,0.9944289693593314,0.9972067039106144,10,5,2022-10-29,2040.0
Atmakur (Nandyal District) APMC,Sona Mahsuri,2022-10-23,0.01,2040.0,2040.0,2040.0,2040.0,2040.0,2040.0,2040.0,0.0,0.0,0.0,0.0,1.0,1.0,10,6,2022-10-30,2040.0
Banaganapalli APMC,Sona Mahsuri,2022-10-23,1.0,1700.0,2100.0,1900.0,1900.0,2000.0,1928.571428571429,1892.857142857143,75.59289460184512,78.09546144880072,0.0,-100.0,0.9851851851851852,1.0037735849056604,10,6,2022-10-30,1900.0
Tanuku APMC,MTU-1010,2022-10-23,1.0,2020.0,2060.0,2040.0,2040.0,2060.0,2048.5714285714284,2045.7142857142856,10.69044967649694,9.376144618777882,0.0,-20.0,0.99581589958159,0.9972067039106144,10,6,2022-10-30,2040.0
Banaganapalli APMC,Sona Mahsuri,2022-10-24,1.0,1700.0,2100.0,1900.0,1900.0,2000.0,1914.2857142857144,1900.0,69.0065559342352,73.37993857053432,0.0,-100.0,0.9925373134328358,1.0,10,0,2022-10-31,1900.0
Tanuku APMC,MTU-1010,2022-10-24,1.0,2020.0,2060.0,2040.0,2040.0,2060.0,2045.7142857142856,2045.7142857142856,9.759000729485248,9.376144618777882,0.0,-20.0,0.9972067039106144,0.9972067039106144,10,0,2022-10-31,2040.0
Atmakur (Nandyal District) APMC,Sona Mahsuri,2022-10-24,0.01,2040.0,2040.0,2040.0,2040.0,2040.0,2040.0,2040.0,0.0,0.0,0.0,0.0,1.0,1.0,10,0,2022-10-31,2040.0
Atmakur (Nandyal District) APMC,Sona Mahsuri,2022-10-25,0.01,2040.0,2040.0,2040.0,2040.0,2040.0,2040.0,2040.0,0.0,0.0,0.0,0.0,1.0,1.0,10,1,2022-11-01,2040.0
Banaganapalli APMC,Sona Mahsuri,2022-10-25,1.0,1700.0,2100.0,1900.0,1900.0,2000.0,1900.0,1907.142857142857,57.73502691896249,67.53102665027056,0.0,-100.0,1.0,0.99625468164794,10,1,2022-11-01,1900.0
Tanuku APMC,MTU-1010,2022-10-25,1.0,2020.0,2060.0,2040.0,2040.0,2060.0,2042.857142857143,2045.7142857142856,7.559289460184341,9.376144618777882,0.0,-20.0,0.9986013986013986,0.9972067039106144,10,1,2022-11-01,2040.0
Atmakur (Nandyal District) APMC,Sona Mahsuri,2022-10-26,0.01,2040.0,2040.0,2040.0,2040.0,2040.0,2040.0,2040.0,0.0,0.0,0.0,0.0,1.0,1.0,10,2,2022-11-02,2040.0
Banaganapalli APMC,Sona Mahsuri,2022-10-26,1.0,1700.0,2100.0,1850.0,1900.0,1800.0,1885.7142857142856,1910.7142857142856,37.7964473009229,65.57019558801493,-50.0,50.0,0.981060606060606,0.9682242990654204,10,2,2022-11-02,1900.0
Tanuku APMC,MTU-1010,2022-10-26,1.0,2020.0,2060.0,2040.0,2040.0,2040.0,2040.0,2045.7142857142856,0.0,9.376144618777882,0.0,0.0,1.0,0.9972067039106144,10,2,2022-11-02,2040.0
Atmakur (Nandyal District) APMC,Sona Mahsuri,2022-10-27,0.01,2040.0,2040.0,2040.0,2040.0,2040.0,2040.0,2040.0,0.0,0.0,0.0,0.0,1.0,1.0,10,3,2022-11-03,2040.0
Banaganapalli APMC,Sona Mahsuri,2022-10-27,1.0,1700.0,2100.0,1850.0,1850.0,1900.0,1892.857142857143,1910.7142857142856,18.898223650461368,65.57019558801493,0.0,-50.0,0.9773584905660376,0.9682242990654204,10,3,2022-11-03,1900.0
Tanuku APMC,MTU-1010,2022-10-27,1.0,2020.0,2060.0,2040.0,2040.0,2040.0,2040.0,2045.7142857142856,0.0,9.376144618777882,0.0,0.0,1.0,0.9972067039106144,10,3,2022-11-03,2040.0
Tanuku APMC,MTU-1010,2022-10-28,1.0,2020.0,2060.0,2040.0,2040.0,2040.0,2040.0,2045.7142857142856,0.0,9.376144618777882,0.0,0.0,1.0,0.9972067039106144,10,4,2022-11-04,2040.0
Atmakur (Nandyal District) APMC,Sona Mahsuri,2022-10-28,0.01,2040.0,2040.0,2040.0,2040.0,2040.0,2040.0,2040.0,0.0,0.0,0.0,0.0,1.0,1.0,10,4,2022-11-04,2040.0
Banaganapalli APMC,Sona Mahsuri,2022-10-28,1.0,1700.0,2100.0,1900.0,1850.0,1900.0,1885.7142857142856,1910.7142857142856,24.397501823713355,65.57019558801493,50.0,0.0,1.0075757575757576,0.994392523364486,10,4,2022-11-04,1900.0
Banaganapalli APMC,Sona Mahsuri,2022-10-29,1.0,1700.0,2100.0,1900.0,1900.0,1900.0,1885.7142857142856,1914.2857142857144,24.397501823713355,63.33236937766488,0.0,0.0,1.0075757575757576,0.9925373134328358,10,5,2022-11-05,1900.0
Tanuku APMC,MTU-1010,2022-10-29,1.0,2020.0,2060.0,2040.0,2040.0,2040.0,2040.0,2045.7142857142856,0.0,9.376144618777882,0.0,0.0,1.0,0.9972067039106144,10,5,2022-11-05,2060.0
Atmakur (Nandyal District) APMC,Sona Mahsuri,2022-10-29,0.01,2040.0,2040.0,2040.0,2040.0,2040.0,2040.0,2040.0,0.0,0.0,0.0,0.0,1.0,1.0,10,5,2022-11-05,2040.0
Atmakur (Nandyal District) APMC,Sona Mahsuri,2022-10-30,0.01,2040.0,2040.0,2040.0,2040.0,2040.0,2040.0,2040.0,0.0,0.0,0.0,0.0,1.0,1.0,10,6,2022-11-06,2040.0
Banaganapalli APMC,Sona Mahsuri,2022-10-30,1.0,1700.0,2100.0,1900.0,1900.0,1900.0,1885.7142857142856,1907.142857142857,24.397501823713355,58.36602955995376,0.0,0.0,1.0075757575757576,0.99625468164794,10,6,2022-11-06,1900.0
Tanuku APMC,MTU-1010,2022-10-30,1.0,2020.0,2060.0,2040.0,2040.0,2040.0,2040.0,2044.2857142857144,0.0,8.51630627253512,0.0,0.0,1.0,0.9979035639413,10,6,2022-11-06,2060.0
Atmakur (Nandyal District) APMC,Sona Mahsuri,2022-10-31,0.01,2040.0,2040.0,2040.0,2040.0,2040.0,2040.0,2040.0,0.0,0.0,0.0,0.0,1.0,1.0,10,0,2022-11-07,2040.0
Banaganapalli APMC,Sona Mahsuri,2022-10-31,1.0,1700.0,2100.0,1900.0,1900.0,1900.0,1885.7142857142856,1900.0,24.397501823713355,51.887452166277136,0.0,0.0,1.0075757575757576,1.0,10,0,2022-11-07,1950.0
Tanuku APMC,MTU-1010,2022-10-31,1.0,2020.0,2060.0,2040.0,2040.0,2040.0,2040.0,2042.857142857143,0.0,7.262730392035802,0.0,0.0,1.0,0.9986013986013986,10,0,2022-11-07,2060.0
Atmakur (Nandyal District) APMC,Sona Mahsuri,2022-11-01,0.01,2040.0,2040.0,2040.0,2040.0,2040.0,2040.0,2040.0,0.0,0.0,0.0,0.0,1.0,1.0,11,1,2022-11-08,2040.0
Banaganapalli APMC,Sona Mahsuri,2022-11-01,1.0,1700.0,2100.0,1900.0,1900.0,1900.0,1885.7142857142856,1892.857142857143,24.397501823713355,43.221891075378586,0.0,0.0,1.0075757575757576,1.0037735849056604,11,1,2022-11-08,1950.0
Tanuku APMC,MTU-1010,2022-11-01,1.0,2020.0,2040.0,2040.0,2040.0,2040.0,2040.0,2041.4285714285716,0.0,5.345224838262269,0.0,0.0,1.0,0.999300209937019,11,1,2022-11-08,2040.0
Tanuku APMC,MTU-1010,2022-11-02,1.0,2020.0,2060.0,2040.0,2040.0,2040.0,2040.0,2040.0,0.0,1.2131806507799106e-05,0.0,0.0,1.0,1.0,11,2,2022-11-09,2040.0
Atmakur (Nandyal District) APMC,Sona Mahsuri,2022-11-02,0.01,2040.0,2040.0,2040.0,2040.0,2040.0,2040.0,2040.0,0.0,0.0,0.0,0.0,1.0,1.0,11,2,2022-11-09,2040.0
Banaganapalli APMC,Sona Mahsuri,2022-11-02,1.0,1700.0,2100.0,1900.0,1900.0,1850.0,1885.7142857142856,1885.7142857142856,24.397501823713355,30.562492275107,0.0,50.0,1.0075757575757576,1.0075757575757576,11,2,2022-11-09,1950.0
Tanuku APMC,MTU-1010,2022-11-03,1.0,2020.0,2060.0,2040.0,2040.0,2040.0,2040.0,2040.0,0.0,1.2131806507799106e-05,0.0,0.0,1.0,1.0,11,3,2022-11-10,2040.0
Banaganapalli APMC,Sona Mahsuri,2022-11-03,1.0,1700.0,2100.0,1900.0,1900.0,1850.0,1892.857142857143,1892.857142857143,18.898223650461368,18.156825980064717,0.0,50.0,1.0037735849056604,1.0037735849056604,11,3,2022-11-10,1950.0
Atmakur (Nandyal District) APMC,Sona Mahsuri,2022-11-03,0.01,2040.0,2040.0,2040.0,2040.0,2040.0,2040.0,2040.0,0.0,0.0,0.0,0.0,1.0,1.0,11,3,2022-11-10,2040.0
Atmakur (Nandyal District) APMC,Sona Mahsuri,2022-11-04,0.01,2040.0,2040.0,2040.0,2040.0,2040.0,2040.0,2040.0,0.0,0.0,0.0,0.0,1.0,1.0,11,4,2022-11-11,2040.0
Banaganapalli APMC,Sona Mahsuri,2022-11-04,1.0,1700.0,2100.0,1900.0,1900.0,1900.0,1900.0,1892.857142857143,0.0,18.156825980064717,0.0,0.0,1.0,1.0037735849056604,11,4,2022-11-12,2000.0
Tanuku APMC,MTU-1010,2022-11-04,1.0,2020.0,2060.0,2040.0,2040.0,2040.0,2040.0,2040.0,0.0,1.2131806507799106e-05,0.0,0.0,1.0,1.0,11,4,2022-11-16,2060.0
Atmakur (Nandyal District) APMC,Sona Mahsuri,2022-11-05,0.01,2040.0,2040.0,2040.0,2040.0,2040.0,2040.0,2040.0,0.0,0.0,0.0,0.0,1.0,1.0,11,5,2022-11-12,2040.0
Banaganapalli APMC,Sona Mahsuri,2022-11-05,1.0,1800.0,2100.0,1900.0,1900.0,1900.0,1900.0,1892.857142857143,0.0,18.156825980064717,0.0,0.0,1.0,1.0037735849056604,11,5,2022-11-12,2000.0
Tanuku APMC,MTU-1010,2022-11-05,1.0,2040.0,2080.0,2060.0,2040.0,2040.0,2040.0,2040.0,0.0,1.2131806507799106e-05,20.0,20.0,1.0098039215686274,1.0098039215686274,11,5,2022-11-16,2060.0
Tanuku APMC,MTU-1010,2022-11-06,1.0,2020.0,2080.0,2060.0,2060.0,2040.0,2042.857142857143,2041.4285714285716,7.559289460184537,5.345224838262269,0.0,20.0,1.0083916083916085,1.0090972708187544,11,6,2022-11-16,2060.0
Atmakur (Nandyal District) APMC,Sona Mahsuri,2022-11-06,0.01,2040.0,2040.0,2040.0,2040.0,2040.0,2040.0,2040.0,0.0,0.0,0.0,0.0,1.0,1.0,11,6,2022-11-13,2040.0
Banaganapalli APMC,Sona Mahsuri,2022-11-06,1.0,1800.0,2100.0,1900.0,1900.0,1900.0,1900.0,1892.857142857143,0.0,18.156825980064717,0.0,0.0,1.0,1.0037735849056604,11,6,2022-11-13,2000.0
Banaganapalli APMC,Sona Mahsuri,2022-11-07,1.0,1800.0,2100.0,1950.0,1900.0,1900.0,1900.0,1892.857142857143,0.0,18.156825980064717,50.0,50.0,1.0263157894736843,1.030188679245283,11,0,2022-11-14,2050.0
Tanuku APMC,MTU-1010,2022-11-07,1.0,2020.0,2080.0,2060.0,2060.0,2040.0,2045.7142857142856,2042.857142857143,9.759000729485294,7.262730392035802,0.0,20.0,1.0069832402234635,1.0083916083916085,11,0,2022-11-16,2060.0
Atmakur (Nandyal District) APMC,Sona Mahsuri,2022-11-07,0.01,2040.0,2040.0,2040.0,2040.0,2040.0,2040.0,2040.0,0.0,0.0,0.0,0.0,1.0,1.0,11,0,2022-11-14,2040.0
Tanuku APMC,MTU-1010,2022-11-08,1.0,2020.0,2060.0,2040.0,2060.0,2040.0,2048.5714285714284,2044.2857142857144,10.69044967649694,8.51630627253512,-20.0,0.0,0.99581589958159,0.9979035639413,11,1,2022-11-16,2060.0
Banaganapalli APMC,Sona Mahsuri,2022-11-08,1.0,1800.0,2100.0,1950.0,1950.0,1900.0,1907.142857142857,1896.4285714285716,18.898223650461368,23.731557327466483,0.0,50.0,1.0224719101123596,1.0282485875706215,11,1,2022-11-15,2050.0
Atmakur (Nandyal District) APMC,Sona Mahsuri,2022-11-08,0.01,2040.0,2040.0,2040.0,2040.0,2040.0,2040.0,2040.0,0.0,0.0,0.0,0.0,1.0,1.0,11,1,2022-11-15,2040.0
Atmakur (Nandyal District) APMC,Sona Mahsuri,2022-11-09,0.01,2040.0,2040.0,2040.0,2040.0,2040.0,2040.0,2040.0,0.0,0.0,0.0,0.0,1.0,1.0,11,2,2022-11-16,2040.0
Banaganapalli APMC,Sona Mahsuri,2022-11-09,1.0,1800.0,2100.0,1950.0,1950.0,1900.0,1914.2857142857144,1900.0,24.397501823713355,27.73500981126157,0.0,50.0,1.0186567164179106,1.0263157894736843,11,2,2022-11-16,2050.0
Tanuku APMC,MTU-1010,2022-11-09,1.0,2020.0,2060.0,2040.0,2040.0,2040.0,2048.5714285714284,2044.2857142857144,10.69044967649694,8.51630627253512,0.0,0.0,0.99581589958159,0.9979035639413,11,2,2022-11-16,2060.0
Atmakur (Nandyal District) APMC,Sona Mahsuri,2022-11-10,0.01,2040.0,2040.0,2040.0,2040.0,2040.0,2040.0,2040.0,0.0,0.0,0.0,0.0,1.0,1.0,11,3,2022-11-17,2040.0
Banaganapalli APMC,Sona Mahsuri,2022-11-10,1.0,1800.0,2100.0,1950.0,1950.0,1900.0,1921.4285714285716,1907.142857142857,26.726124191242494,26.7261241912422,0.0,50.0,1.0148698884758365,1.0224719101123596,11,3,2022-11-17,2050.0
Tanuku APMC,MTU-1010,2022-11-10,1.0,2020.0,2060.0,2040.0,2040.0,2040.0,2048.5714285714284,2044.2857142857144,10.69044967649694,8.51630627253512,0.0,0.0,0.99581589958159,0.9979035639413,11,3,2022-11-17,2060.0
Atmakur (Nandyal District) APMC,Sona Mahsuri,2022-11-11,0.01,2040.0,2040.0,2040.0,2040.0,2040.0,2040.0,2040.0,0.0,0.0,0.0,0.0,1.0,1.0,11,4,2022-11-18,2040.0
Atmakur (Nandyal District) APMC,Sona Mahsuri,2022-11-12,0.01,2040.0,2040.0,2040.0,2040.0,2040.0,2040.0,2040.0,0.0,0.0,0.0,0.0,1.0,1.0,11,5,2022-11-19,2040.0
Banaganapalli APMC,Sona Mahsuri,2022-11-12,1.0,1800.0,2100.0,2000.0,1950.0,1900.0,1928.571428571429,1914.2857142857144,26.726124191242494,23.440361546924056,50.0,100.0,1.037037037037037,1.0447761194029852,11,5,2022-11-19,2000.0
Atmakur (Nandyal District) APMC,Sona Mahsuri,2022-11-13,0.01,2040.0,2040.0,2040.0,2040.0,2040.0,2040.0,2040.0,0.0,0.0,0.0,0.0,1.0,1.0,11,6,2022-11-20,2040.0
Banaganapalli APMC,Sona Mahsuri,2022-11-13,1.0,1800.0,2100.0,2000.0,2000.0,1900.0,1942.857142857143,1921.4285714285716,34.50327796711771,32.31030863294237,0.0,100.0,1.0294117647058822,1.0408921933085502,11,6,2022-11-20,2000.0
Banaganapalli APMC,Sona Mahsuri,2022-11-14,1.0,1900.0,2200.0,2050.0,2000.0,1900.0,1957.142857142857,1928.571428571429,34.50327796711771,37.79644730092176,50.0,150.0,1.0474452554744529,1.0629629629629629,11,0,2022-11-21,2000.0
Atmakur (Nandyal District) APMC,Sona Mahsuri,2022-11-14,0.01,2040.0,2040.0,2040.0,2040.0,2040.0,2040.0,2040.0,0.0,0.0,0.0,0.0,1.0,1.0,11,0,2022-11-21,2040.0
Atmakur (Nandyal District) APMC,Sona Mahsuri,2022-11-15,0.01,2040.0,2040.0,2040.0,2040.0,2040.0,2040.0,2040.0,0.0,0.0,0.0,0.0,1.0,1.0,11,1,2022-11-22,2040.0
Banaganapalli APMC,Sona Mahsuri,2022-11-15,1.0,1900.0,2200.0,2050.0,2050.0,1950.0,1978.571428571429,1939.2857142857144,39.33978962347223,48.74806279611042,0.0,100.0,1.0361010830324908,1.0570902394106814,11,1,2022-11-22,2000.0
Atmakur (Nandyal District) APMC,Sona Mahsuri,2022-11-16,0.01,2040.0,2040.0,2040.0,2040.0,2040.0,2040.0,2040.0,0.0,0.0,0.0,0.0,1.0,1.0,11,2,2022-11-23,2040.0
Banaganapalli APMC,Sona Mahsuri,2022-11-16,1.0,1900.0,2200.0,2050.0,2050.0,1950.0,1992.857142857143,1950.0,44.986770542121945,55.47001962252172,0.0,100.0,1.028673835125448,1.051282051282051,11,2,2022-11-23,2050.0
Tanuku APMC,MTU-1010,2022-11-16,1.0,2020.0,2080.0,2060.0,2040.0,2040.0,2048.5714285714284,2044.2857142857144,10.69044967649694,8.51630627253512,20.0,20.0,1.00557880055788,1.0076869322152342,11,2,2022-11-23,2040.0
Atmakur (Nandyal District) APMC,Sona Mahsuri,2022-11-17,0.01,2040.0,2040.0,2040.0,2040.0,2040.0,2040.0,2040.0,0.0,0.0,0.0,0.0,1.0,1.0,11,3,2022-11-24,2040.0
Banaganapalli APMC,Sona Mahsuri,2022-11-17,1.0,1900.0,2200.0,2050.0,2050.0,1950.0,2007.142857142857,1960.7142857142856,44.986770542121945,59.415652653317,0.0,100.0,1.0213523131672595,1.0455373406193078,11,3,2022-11-24,2050.0
Tanuku APMC,MTU-1010,2022-11-17,1.0,2040.0,2080.0,2060.0,2060.0,2060.0,2051.428571428572,2045.7142857142856,10.69044967649694,9.376144618777882,0.0,0.0,1.004178272980501,1.0069832402234635,11,3,2022-11-24,2040.0
Atmakur (Nandyal District) APMC,Sona Mahsuri,2022-11-18,0.01,2040.0,2040.0,2040.0,2040.0,2040.0,2040.0,2040.0,0.0,0.0,0.0,0.0,1.0,1.0,11,4,2022-11-25,2040.0
Banaganapalli APMC,Sona Mahsuri,2022-11-18,1.0,1900.0,2100.0,2050.0,2050.0,1950.0,2021.4285714285716,1971.4285714285716,39.339789623472285,61.12498455021105,0.0,100.0,1.0141342756183749,1.039855072463768,11,4,2022-11-25,2050.0
Tanuku APMC,MTU-1010,2022-11-18,1.0,2020.0,2080.0,2060.0,2060.0,2060.0,2051.428571428572,2047.142857142857,10.69044967649694,9.944903161984522,0.0,0.0,1.004178272980501,1.0062805303558968,11,4,2022-11-25,2040.0
Banaganapalli APMC,Sona Mahsuri,2022-11-19,1.0,1850.0,2150.0,2000.0,2050.0,2000.0,2035.7142857142856,1982.142857142857,24.3975018237136,60.78696361107963,-50.0,0.0,0.9824561403508772,1.009009009009009,11,5,2022-11-26,2050.0
Tanuku APMC,MTU-1010,2022-11-19,1.0,2040.0,2060.0,2060.0,2060.0,2060.0,2051.428571428572,2048.5714285714284,10.69044967649694,10.27105182026933,0.0,0.0,1.004178272980501,1.00557880055788,11,5,2022-11-26,2040.0
Atmakur (Nandyal District) APMC,Sona Mahsuri,2022-11-19,0.01,2040.0,2040.0,2040.0,2040.0,2040.0,2040.0,2040.0,0.0,0.0,0.0,0.0,1.0,1.0,11,5,2022-11-26,2040.0
Atmakur (Nandyal District) APMC,Sona Mahsuri,2022-11-20,0.01,2040.0,2040.0,2040.0,2040.0,2040.0,2040.0,2040.0,0.0,0.0,0.0,0.0,1.0,1.0,11,6,2022-11-27,2040.0
Banaganapalli APMC,Sona Mahsuri,2022-11-20,1.0,1850.0,2150.0,2000.0,2000.0,2000.0,2035.7142857142856,1989.2857142857144,24.397501823713597,56.085687974777926,0.0,0.0,0.9824561403508772,1.0053859964093357,11,6,2022-11-27,2050.0
Atmakur (Nandyal District) APMC,Sona Mahsuri,2022-11-21,0.01,2040.0,2040.0,2040.0,2040.0,2040.0,2040.0,2040.0,0.0,0.0,0.0,0.0,1.0,1.0,11,0,2022-11-28,2040.0
Banaganapalli APMC,Sona Mahsuri,2022-11-21,1.0,1850.0,2150.0,2000.0,2000.0,2050.0,2035.7142857142856,1996.4285714285716,24.397501823713597,49.86244815754106,0.0,-50.0,0.9824561403508772,1.001788908765653,11,0,2022-11-28,2050.0
Tanuku APMC,MTU-1010,2022-11-21,1.0,2020.0,2060.0,2040.0,2060.0,2040.0,2051.428571428572,2050.0,10.69044967649694,10.37749043326284,-20.0,0.0,0.9944289693593314,0.9951219512195122,11,0,2022-11-28,2040.0
Atmakur (Nandyal District) APMC,Sona Mahsuri,2022-11-22,0.01,2040.0,2040.0,2040.0,2040.0,2040.0,2040.0,2040.0,0.0,0.0,0.0,0.0,1.0,1.0,11,1,2022-11-29,2040.0
Banaganapalli APMC,Sona Mahsuri,2022-11-22,1.0,1850.0,2150.0,2000.0,2000.0,2050.0,2028.571428571429,2003.571428571429,26.726124191242597,41.43709650823379,0.0,-50.0,0.9859154929577464,0.998217468805704,11,1,2022-11-29,2050.0
Tanuku APMC,MTU-1010,2022-11-22,1.0,2020.0,2080.0,2040.0,2040.0,2040.0,2051.428571428572,2050.0,10.69044967649694,10.37749043326284,0.0,0.0,0.9944289693593314,0.9951219512195122,11,1,2022-11-29,2040.0
Atmakur (Nandyal District) APMC,Sona Mahsuri,2022-11-23,0.01,2040.0,2040.0,2040.0,2040.0,2040.0,2040.0,2040.0,0.0,0.0,0.0,0.0,1.0,1.0,11,2,2022-11-30,2040.0
Banaganapalli APMC,Sona Mahsuri,2022-11-23,1.0,1850.0,2200.0,2050.0,2000.0,2050.0,2021.4285714285716,2007.142857142857,26.72612419124248,38.516444325978334,50.0,0.0,1.0141342756183749,1.0213523131672595,11,2,2022-11-30,2050.0
Tanuku APMC,MTU-1010,2022-11-23,1.0,2020.0,2080.0,2040.0,2040.0,2040.0,2051.428571428572,2050.0,10.69044967649694,10.37749043326284,0.0,0.0,0.9944289693593314,0.9951219512195122,11,2,2022-11-30,2040.0
Tanuku APMC,MTU-1010,2022-11-24,1.0,2020.0,2050.0,2040.0,2040.0,2060.0,2051.428571428572,2050.0,10.69044967649694,10.37749043326284,0.0,-20.0,0.9944289693593314,0.9951219512195122,11,3,2022-12-01,2040.0
Banaganapalli APMC,Sona Mahsuri,2022-11-24,1.0,1850.0,2200.0,2050.0,2050.0,2050.0,2021.4285714285716,2014.2857142857144,26.72612419124248,36.31365196012384,0.0,0.0,1.0141342756183749,1.017730496453901,11,3,2022-12-01,2050.0
Atmakur (Nandyal District) APMC,Sona Mahsuri,2022-11-24,0.01,2040.0,2040.0,2040.0,2040.0,2040.0,2040.0,2040.0,0.0,0.0,0.0,0.0,1.0,1.0,11,3,2022-12-01,2040.0
Atmakur (Nandyal District) APMC,Sona Mahsuri,2022-11-25,0.01,2040.0,2040.0,2040.0,2040.0,2040.0,2040.0,2040.0,0.0,0.0,0.0,0.0,1.0,1.0,11,4,2022-12-02,2040.0
Banaganapalli APMC,Sona Mahsuri,2022-11-25,1.0,1850.0,2200.0,2050.0,2050.0,2050.0,2021.4285714285716,2021.4285714285716,26.72612419124248,32.3103086329381,0.0,0.0,1.0141342756183749,1.0141342756183749,11,4,2022-12-02,2050.0
Tanuku APMC,MTU-1010,2022-11-25,1.0,2020.0,2060.0,2040.0,2040.0,2060.0,2048.5714285714284,2050.0,10.69044967649694,10.37749043326284,0.0,-20.0,0.99581589958159,0.9951219512195122,11,4,2022-12-02,2040.0
Atmakur (Nandyal District) APMC,Sona Mahsuri,2022-11-26,0.01,2040.0,2040.0,2040.0,2040.0,2040.0,2040.0,2040.0,0.0,0.0,0.0,0.0,1.0,1.0,11,5,2022-12-03,2040.0
Banaganapalli APMC,Sona Mahsuri,2022-11-26,1.0,1850.0,2200.0,2050.0,2050.0,2000.0,2021.4285714285716,2028.571428571429,26.72612419124248,25.677629550648053,0.0,50.0,1.0141342756183749,1.01056338028169,11,5,2022-12-03,2050.0
Tanuku APMC,MTU-1010,2022-11-26,1.0,2020.0,2080.0,2040.0,2040.0,2060.0,2045.7142857142856,2048.5714285714284,9.759000729485248,10.27105182026933,0.0,-20.0,0.9972067039106144,0.99581589958159,11,5,2022-12-03,2040.0
Atmakur (Nandyal District) APMC,Sona Mahsuri,2022-11-27,0.01,2040.0,2040.0,2040.0,2040.0,2040.0,2040.0,2040.0,0.0,0.0,0.0,0.0,1.0,1.0,11,6,2022-12-04,2040.0
Banaganapalli APMC,Sona Mahsuri,2022-11-27,1.0,1850.0,2200.0,2050.0,2050.0,2000.0,2028.571428571429,2032.142857142857,26.726124191242597,24.862257904935245,0.0,50.0,1.01056338028169,1.0087873462214412,11,6,2022-12-04,2050.0
Tanuku APMC,MTU-1010,2022-11-27,1.0,2020.0,2060.0,2040.0,2040.0,2060.0,2042.857142857143,2047.142857142857,7.559289460184341,9.944903161984522,0.0,-20.0,0.9986013986013986,0.9965108164689462,11,6,2022-12-04,2060.0
Atmakur (Nandyal District) APMC,Sona Mahsuri,2022-11-28,0.01,2040.0,2040.0,2040.0,2040.0,2040.0,2040.0,2040.0,0.0,0.0,0.0,0.0,1.0,1.0,11,0,2022-12-05,2040.0
Banaganapalli APMC,Sona Mahsuri,2022-11-28,1.0,1850.0,2200.0,2050.0,2050.0,2000.0,2035.7142857142856,2035.7142857142856,24.397501823713597,23.44036154691705,0.0,50.0,1.0070175438596491,1.0070175438596491,11,0,2022-12-05,2050.0
Tanuku APMC,MTU-1010,2022-11-28,1.0,2020.0,2060.0,2040.0,2040.0,2040.0,2040.0,2045.7142857142856,0.0,9.376144618777882,0.0,0.0,1.0,0.9972067039106144,11,0,2022-12-05,2040.0
Tanuku APMC,MTU-1010,2022-11-29,1.0,2020.0,2060.0,2040.0,2040.0,2040.0,2040.0,2045.7142857142856,0.0,9.376144618777882,0.0,0.0,1.0,0.9972067039106144,11,1,2022-12-06,2040.0
Banaganapalli APMC,Sona Mahsuri,2022-11-29,1.0,1850.0,2200.0,2050.0,2050.0,2000.0,2042.857142857143,2035.7142857142856,18.89822365046177,23.44036154691705,0.0,50.0,1.0034965034965035,1.0070175438596491,11,1,2022-12-06,2050.0
Atmakur (Nandyal District) APMC,Sona Mahsuri,2022-11-29,0.01,2040.0,2040.0,2040.0,2040.0,2040.0,2040.0,2040.0,0.0,0.0,0.0,0.0,1.0,1.0,11,1,2022-12-06,2040.0
Atmakur (Nandyal District) APMC,Sona Mahsuri,2022-11-30,0.01,2040.0,2040.0,2040.0,2040.0,2040.0,2040.0,2040.0,0.0,0.0,0.0,0.0,1.0,1.0,11,2,2022-12-07,2040.0
Banaganapalli APMC,Sona Mahsuri,2022-11-30,1.0,1850.0,2200.0,2050.0,2050.0,2050.0,2050.0,2035.7142857142856,0.0,23.44036154691705,0.0,0.0,1.0,1.0070175438596491,11,2,2022-12-07,2050.0
Tanuku APMC,MTU-1010,2022-11-30,1.0,2020.0,2060.0,2040.0,2040.0,2040.0,2040.0,2045.7142857142856,0.0,9.376144618777882,0.0,0.0,1.0,0.9972067039106144,11,2,2022-12-07,2040.0
Atmakur (Nandyal District) APMC,Sona Mahsuri,2022-12-01,0.01,2040.0,2040.0,2040.0,2040.0,2040.0,2040.0,2040.0,0.0,0.0,0.0,0.0,1.0,1.0,12,3,2022-12-08,2040.0
Banaganapalli APMC,Sona Mahsuri,2022-12-01,1.0,1850.0,2200.0,2050.0,2050.0,2050.0,2050.0,2035.7142857142856,0.0,23.44036154691705,0.0,0.0,1.0,1.0070175438596491,12,3,2022-12-08,2050.0
Tanuku APMC,MTU-1010,2022-12-01,1.0,2020.0,2060.0,2040.0,2040.0,2040.0,2040.0,2045.7142857142856,0.0,9.376144618777882,0.0,0.0,1.0,0.9972067039106144,12,3,2022-12-10,2040.0
Atmakur (Nandyal District) APMC,Sona Mahsuri,2022-12-02,0.01,2040.0,2040.0,2040.0,2040.0,2040.0,2040.0,2040.0,0.0,0.0,0.0,0.0,1.0,1.0,12,4,2022-12-09,2040.0
Banaganapalli APMC,Sona Mahsuri,2022-12-02,1.0,1850.0,2200.0,2050.0,2050.0,2050.0,2050.0,2035.7142857142856,0.0,23.44036154691705,0.0,0.0,1.0,1.0070175438596491,12,4,2022-12-09,2050.0
Tanuku APMC,MTU-1010,2022-12-02,1.0,2020.0,2060.0,2040.0,2040.0,2040.0,2040.0,2044.2857142857144,0.0,8.51630627253512,0.0,0.0,1.0,0.9979035639413,12,4,2022-12-10,2040.0
Atmakur (Nandyal District) APMC,Sona Mahsuri,2022-12-03,0.01,2040.0,2040.0,2040.0,2040.0,2040.0,2040.0,2040.0,0.0,0.0,0.0,0.0,1.0,1.0,12,5,2022-12-10,2040.0
Banaganapalli APMC,Sona Mahsuri,2022-12-03,1.0,1850.0,2200.0,2050.0,2050.0,2050.0,2050.0,2035.7142857142856,0.0,23.44036154691705,0.0,0.0,1.0,1.0070175438596491,12,5,2022-12-10,2050.0
Tanuku APMC,MTU-1010,2022-12-03,1.0,2020.0,2060.0,2040.0,2040.0,2040.0,2040.0,2042.857142857143,0.0,7.262730392035802,0.0,0.0,1.0,0.9986013986013986,12,5,2022-12-10,2040.0
Tanuku APMC,MTU-1010,2022-12-04,1.0,2040.0,2060.0,2060.0,2040.0,2040.0,2040.0,2041.4285714285716,0.0,5.345224838262269,20.0,20.0,1.0098039215686274,1.0090972708187544,12,6,2022-12-11,2040.0
Atmakur (Nandyal District) APMC,Sona Mahsuri,2022-12-04,0.01,2040.0,2040.0,2040.0,2040.0,2040.0,2040.0,2040.0,0.0,0.0,0.0,0.0,1.0,1.0,12,6,2022-12-11,2040.0
Banaganapalli APMC,Sona Mahsuri,2022-12-04,1.0,1850.0,2200.0,2050.0,2050.0,2050.0,2050.0,2039.2857142857144,0.0,21.29076568130729,0.0,0.0,1.0,1.0052539404553416,12,6,2022-12-11,2050.0
Atmakur (Nandyal District) APMC,Sona Mahsuri,2022-12-05,0.01,2040.0,2040.0,2040.0,2040.0,2040.0,2040.0,2040.0,0.0,0.0,0.0,0.0,1.0,1.0,12,0,2022-12-12,2040.0
Banaganapalli APMC,Sona Mahsuri,2022-12-05,1.0,1850.0,2200.0,2050.0,2050.0,2050.0,2050.0,2042.857142857143,0.0,18.156825980053625,0.0,0.0,1.0,1.0034965034965035,12,0,2022-12-12,2050.0
Tanuku APMC,MTU-1010,2022-12-05,1.0,2020.0,2060.0,2040.0,2060.0,2040.0,2042.857142857143,2041.4285714285716,7.559289460184537,5.345224838262269,-20.0,0.0,0.9986013986013986,0.999300209937019,12,0,2022-12-12,2040.0
Atmakur (Nandyal District) APMC,Sona Mahsuri,2022-12-06,0.01,2040.0,2040.0,2040.0,2040.0,2040.0,2040.0,2040.0,0.0,0.0,0.0,0.0,1.0,1.0,12,1,2022-12-13,2040.0
Banaganapalli APMC,Sona Mahsuri,2022-12-06,1.0,1850.0,2200.0,2050.0,2050.0,2050.0,2050.0,2046.4285714285716,0.0,13.3630620956067,0.0,0.0,1.0,1.0017452006980805,12,1,2022-12-13,2050.0
Tanuku APMC,MTU-1010,2022-12-06,1.0,2020.0,2080.0,2040.0,2040.0,2040.0,2042.857142857143,2041.4285714285716,7.559289460184537,5.345224838262269,0.0,0.0,0.9986013986013986,0.999300209937019,12,1,2022-12-13,2040.0
Atmakur (Nandyal District) APMC,Sona Mahsuri,2022-12-07,0.01,2040.0,2040.0,2040.0,2040.0,2040.0,2040.0,2040.0,0.0,0.0,0.0,0.0,1.0,1.0,12,2,2022-12-14,2040.0
Banaganapalli APMC,Sona Mahsuri,2022-12-07,1.0,1850.0,2200.0,2050.0,2050.0,2050.0,2050.0,2050.0,0.0,0.0,0.0,0.0,1.0,1.0,12,2,2022-12-14,2050.0
Tanuku APMC,MTU-1010,2022-12-07,1.0,2020.0,2080.0,2040.0,2040.0,2040.0,2042.857142857143,2041.4285714285716,7.559289460184537,5.345224838262269,0.0,0.0,0.9986013986013986,0.999300209937019,12,2,2022-12-14,2040.0
Atmakur (Nandyal District) APMC,Sona Mahsuri,2022-12-08,0.01,2040.0,2040.0,2040.0,2040.0,2040.0,2040.0,2040.0,0.0,0.0,0.0,0.0,1.0,1.0,12,3,2022-12-15,2040.0
Banaganapalli APMC,Sona Mahsuri,2022-12-08,1.0,1850.0,2200.0,2050.0,2050.0,2050.0,2050.0,2050.0,0.0,0.0,0.0,0.0,1.0,1.0,12,3,2022-12-15,2050.0
Banaganapalli APMC,Sona Mahsuri,2022-12-09,1.0,1850.0,2200.0,2050.0,2050.0,2050.0,2050.0,2050.0,0.0,0.0,0.0,0.0,1.0,1.0,12,4,2022-12-16,2050.0
Atmakur (Nandyal District) APMC,Sona Mahsuri,2022-12-09,0.01,2040.0,2040.0,2040.0,2040.0,2040.0,2040.0,2040.0,0.0,0.0,0.0,0.0,1.0,1.0,12,4,2022-12-16,2040.0
Atmakur (Nandyal District) APMC,Sona Mahsuri,2022-12-10,0.01,2040.0,2040.0,2040.0,2040.0,2040.0,2040.0,2040.0,0.0,0.0,0.0,0.0,1.0,1.0,12,5,2022-12-17,2040.0
Banaganapalli APMC,Sona Mahsuri,2022-12-10,1.0,1850.0,2200.0,2050.0,2050.0,2050.0,2050.0,2050.0,0.0,0.0,0.0,0.0,1.0,1.0,12,5,2022-12-17,2050.0
Tanuku APMC,MTU-1010,2022-12-10,1.0,2020.0,2060.0,2040.0,2040.0,2040.0,2042.857142857143,2041.4285714285716,7.559289460184537,5.345224838262269,0.0,0.0,0.9986013986013986,0.999300209937019,12,5,2022-12-17,2060.0
Atmakur (Nandyal District) APMC,Sona Mahsuri,2022-12-11,0.01,2040.0,2040.0,2040.0,2040.0,2040.0,2040.0,2040.0,0.0,0.0,0.0,0.0,1.0,1.0,12,6,2022-12-19,2040.0
Banaganapalli APMC,Sona Mahsuri,2022-12-11,1.0,1850.0,2200.0,2050.0,2050.0,2050.0,2050.0,2050.0,0.0,0.0,0.0,0.0,1.0,1.0,12,6,2022-12-18,2050.0
Tanuku APMC,MTU-1010,2022-12-11,1.0,2020.0,2050.0,2040.0,2040.0,2040.0,2042.857142857143,2041.4285714285716,7.559289460184537,5.345224838262269,0.0,0.0,0.9986013986013986,0.999300209937019,12,6,2022-12-18,2040.0
Atmakur (Nandyal District) APMC,Sona Mahsuri,2022-12-12,0.01,2040.0,2040.0,2040.0,2040.0,2040.0,2040.0,2040.0,0.0,0.0,0.0,0.0,1.0,1.0,12,0,2022-12-19,2040.0
Banaganapalli APMC,Sona Mahsuri,2022-12-12,1.0,1850.0,2200.0,2050.0,2050.0,2050.0,2050.0,2050.0,0.0,0.0,0.0,0.0,1.0,1.0,12,0,2022-12-19,2050.0
Tanuku APMC,MTU-1010,2022-12-12,1.0,2020.0,2050.0,2040.0,2040.0,2040.0,2042.857142857143,2041.4285714285716,7.559289460184537,5.345224838262269,0.0,0.0,0.9986013986013986,0.999300209937019,12,0,2022-12-19,2040.0
Tanuku APMC,MTU-1010,2022-12-13,1.0,2020.0,2060.0,2040.0,2040.0,2060.0,2042.857142857143,2041.4285714285716,7.559289460184537,5.345224838262269,0.0,-20.0,0.9986013986013986,0.999300209937019,12,1,2022-12-20,2040.0
Atmakur (Nandyal District) APMC,Sona Mahsuri,2022-12-13,0.01,2040.0,2040.0,2040.0,2040.0,2040.0,2040.0,2040.0,0.0,0.0,0.0,0.0,1.0,1.0,12,1,2022-12-20,2040.0
Banaganapalli APMC,Sona Mahsuri,2022-12-13,1.0,1850.0,2200.0,2050.0,2050.0,2050.0,2050.0,2050.0,0.0,0.0,0.0,0.0,1.0,1.0,12,1,2022-12-20,2050.0
Tanuku APMC,MTU-1010,2022-12-14,1.0,2020.0,2080.0,2040.0,2040.0,2040.0,2040.0,2041.4285714285716,0.0,5.345224838262269,0.0,0.0,1.0,0.999300209937019,12,2,2022-12-21,2040.0
Atmakur (Nandyal District) APMC,Sona Mahsuri,2022-12-14,0.01,2040.0,2040.0,2040.0,2040.0,2040.0,2040.0,2040.0,0.0,0.0,0.0,0.0,1.0,1.0,12,2,2022-12-21,2040.0
Banaganapalli APMC,Sona Mahsuri,2022-12-14,1.0,1850.0,2200.0,2050.0,2050.0,2050.0,2050.0,2050.0,0.0,0.0,0.0,0.0,1.0,1.0,12,2,2022-12-21,2050.0
Atmakur (Nandyal District) APMC,Sona Mahsuri,2022-12-15,0.01,2040.0,2040.0,2040.0,2040.0,2040.0,2040.0,2040.0,0.0,0.0,0.0,0.0,1.0,1.0,12,3,2022-12-22,2040.0
Banaganapalli APMC,Sona Mahsuri,2022-12-15,1.0,1850.0,2200.0,2050.0,2050.0,2050.0,2050.0,2050.0,0.0,0.0,0.0,0.0,1.0,1.0,12,3,2022-12-22,2050.0
Tanuku APMC,MTU-1010,2022-12-15,1.0,2020.0,2080.0,2040.0,2040.0,2040.0,2040.0,2041.4285714285716,0.0,5.345224838262269,0.0,0.0,1.0,0.999300209937019,12,3,2022-12-22,2040.0
Atmakur (Nandyal District) APMC,Sona Mahsuri,2022-12-16,0.01,2040.0,2040.0,2040.0,2040.0,2040.0,2040.0,2040.0,0.0,0.0,0.0,0.0,1.0,1.0,12,4,2022-12-23,2040.0
Banaganapalli APMC,Sona Mahsuri,2022-12-16,1.0,1850.0,2200.0,2050.0,2050.0,2050.0,2050.0,2050.0,0.0,0.0,0.0,0.0,1.0,1.0,12,4,2022-12-23,2050.0
Tanuku APMC,MTU-1010,2022-12-16,1.0,2020.0,2080.0,2040.0,2040.0,2040.0,2040.0,2041.4285714285716,0.0,5.345224838262269,0.0,0.0,1.0,0.999300209937019,12,4,2022-12-23,2040.0
Banaganapalli APMC,Sona Mahsuri,2022-12-17,1.0,1850.0,2200.0,2050.0,2050.0,2050.0,2050.0,2050.0,0.0,0.0,0.0,0.0,1.0,1.0,12,5,2022-12-24,2050.0
Atmakur (Nandyal District) APMC,Sona Mahsuri,2022-12-17,0.01,2040.0,2040.0,2040.0,2040.0,2040.0,2040.0,2040.0,0.0,0.0,0.0,0.0,1.0,1.0,12,5,2022-12-24,2040.0
Tanuku APMC,MTU-1010,2022-12-17,1.0,2020.0,2080.0,2060.0,2040.0,2040.0,2040.0,2041.4285714285716,0.0,5.345224838262269,20.0,20.0,1.0098039215686274,1.0090972708187544,12,5,2022-12-24,2040.0
Tanuku APMC,MTU-1010,2022-12-18,1.0,2020.0,2060.0,2040.0,2060.0,2040.0,2042.857142857143,2042.857142857143,7.559289460184537,7.262730392035802,-20.0,0.0,0.9986013986013986,0.9986013986013986,12,6,2022-12-25,2040.0
Banaganapalli APMC,Sona Mahsuri,2022-12-18,1.0,1850.0,2150.0,2050.0,2050.0,2050.0,2050.0,2050.0,0.0,0.0,0.0,0.0,1.0,1.0,12,6,2022-12-25,2050.0
Tanuku APMC,MTU-1010,2022-12-19,1.0,2020.0,2060.0,2040.0,2040.0,2040.0,2042.857142857143,2042.857142857143,7.559289460184537,7.262730392035802,0.0,0.0,0.9986013986013986,0.9986013986013986,12,0,2022-12-26,2040.0
Atmakur (Nandyal District) APMC,Sona Mahsuri,2022-12-19,0.01,2040.0,2040.0,2040.0,2040.0,2040.0,2040.0,2040.0,0.0,0.0,0.0,0.0,1.0,1.0,12,0,2022-12-26,2040.0
Banaganapalli APMC,Sona Mahsuri,2022-12-19,1.0,1850.0,2150.0,2050.0,2050.0,2050.0,2050.0,2050.0,0.0,0.0,0.0,0.0,1.0,1.0,12,0,2022-12-26,2050.0
Atmakur (Nandyal District) APMC,Sona Mahsuri,2022-12-20,0.01,2040.0,2040.0,2040.0,2040.0,2040.0,2040.0,2040.0,0.0,0.0,0.0,0.0,1.0,1.0,12,1,2022-12-27,2040.0
Banaganapalli APMC,Sona Mahsuri,2022-12-20,1.0,1850.0,2150.0,2050.0,2050.0,2050.0,2050.0,2050.0,0.0,0.0,0.0,0.0,1.0,1.0,12,1,2022-12-27,2050.0
Tanuku APMC,MTU-1010,2022-12-20,1.0,2020.0,2080.0,2040.0,2040.0,2040.0,2042.857142857143,2042.857142857143,7.559289460184537,7.262730392035802,0.0,0.0,0.9986013986013986,0.9986013986013986,12,1,2022-12-27,2040.0
Atmakur (Nandyal District) APMC,Sona Mahsuri,2022-12-21,0.01,2040.0,2040.0,2040.0,2040.0,2040.0,2040.0,2040.0,0.0,0.0,0.0,0.0,1.0,1.0,12,2,2022-12-28,2040.0
Banaganapalli APMC,Sona Mahsuri,2022-12-21,1.0,1850.0,2150.0,2050.0,2050.0,2050.0,2050.0,2050.0,0.0,0.0,0.0,0.0,1.0,1.0,12,2,2022-12-28,2050.0
Tanuku APMC,MTU-1010,2022-12-21,1.0,2020.0,2080.0,2040.0,2040.0,2040.0,2042.857142857143,2041.4285714285716,7.559289460184537,5.345224838262269,0.0,0.0,0.9986013986013986,0.999300209937019,12,2,2022-12-28,2040.0
Atmakur (Nandyal District) APMC,Sona Mahsuri,2022-12-22,0.01,2040.0,2040.0,2040.0,2040.0,2040.0,2040.0,2040.0,0.0,0.0,0.0,0.0,1.0,1.0,12,3,2022-12-29,2040.0
Banaganapalli APMC,Sona Mahsuri,2022-12-22,1.0,1850.0,2150.0,2050.0,2050.0,2050.0,2050.0,2050.0,0.0,0.0,0.0,0.0,1.0,1.0,12,3,2022-12-29,2050.0
Tanuku APMC,MTU-1010,2022-12-22,1.0,2020.0,2080.0,2040.0,2040.0,2040.0,2042.857142857143,2041.4285714285716,7.559289460184537,5.345224838262269,0.0,0.0,0.9986013986013986,0.999300209937019,12,3,2022-12-29,2040.0
Atmakur (Nandyal District) APMC,Sona Mahsuri,2022-12-23,0.01,2040.0,2040.0,2040.0,2040.0,2040.0,2040.0,2040.0,0.0,0.0,0.0,0.0,1.0,1.0,12,4,2022-12-30,2040.0
Banaganapalli APMC,Sona Mahsuri,2022-12-23,1.0,1850.0,2150.0,2050.0,2050.0,2050.0,2050.0,2050.0,0.0,0.0,0.0,0.0,1.0,1.0,12,4,2022-12-30,2050.0
Tanuku APMC,MTU-1010,2022-12-23,1.0,2020.0,2080.0,2040.0,2040.0,2040.0,2042.857142857143,2041.4285714285716,7.559289460184537,5.345224838262269,0.0,0.0,0.9986013986013986,0.999300209937019,12,4,2022-12-30,2040.0
Tanuku APMC,MTU-1010,2022-12-24,1.0,2020.0,2080.0,2040.0,2040.0,2060.0,2042.857142857143,2041.4285714285716,7.559289460184537,5.345224838262269,0.0,-20.0,0.9986013986013986,0.999300209937019,12,5,2022-12-31,2040.0
Atmakur (Nandyal District) APMC,Sona Mahsuri,2022-12-24,0.01,2040.0,2040.0,2040.0,2040.0,2040.0,2040.0,2040.0,0.0,0.0,0.0,0.0,1.0,1.0,12,5,2022-12-31,2040.0
Banaganapalli APMC,Sona Mahsuri,2022-12-24,1.0,1850.0,2150.0,2050.0,2050.0,2050.0,2050.0,2050.0,0.0,0.0,0.0,0.0,1.0,1.0,12,5,2022-12-31,2050.0
Atmakur (Nandyal District) APMC,Sona Mahsuri,2022-12-25,0.01,2040.0,2040.0,2040.0,2040.0,2040.0,2040.0,2040.0,0.0,0.0,0.0,0.0,1.0,1.0,12,6,2023-01-01,2040.0
Banaganapalli APMC,Sona Mahsuri,2022-12-25,1.0,1850.0,2150.0,2050.0,2050.0,2050.0,2050.0,2050.0,0.0,0.0,0.0,0.0,1.0,1.0,12,6,2023-01-01,2050.0
Tanuku APMC,MTU-1010,2022-12-25,1.0,2020.0,2060.0,2040.0,2040.0,2040.0,2040.0,2041.4285714285716,0.0,5.345224838262269,0.0,0.0,1.0,0.999300209937019,12,6,2023-01-02,2040.0
Atmakur (Nandyal District) APMC,Sona Mahsuri,2022-12-26,0.01,2040.0,2040.0,2040.0,2040.0,2040.0,2040.0,2040.0,0.0,0.0,0.0,0.0,1.0,1.0,12,0,2023-01-02,2040.0
Banaganapalli APMC,Sona Mahsuri,2022-12-26,1.0,1850.0,2150.0,2050.0,2050.0,2050.0,2050.0,2050.0,0.0,0.0,0.0,0.0,1.0,1.0,12,0,2023-01-02,2050.0
Tanuku APMC,MTU-1010,2022-12-26,1.0,2020.0,2080.0,2040.0,2040.0,2040.0,2040.0,2041.4285714285716,0.0,5.345224838262269,0.0,0.0,1.0,0.999300209937019,12,0,2023-01-02,2040.0
Atmakur (Nandyal District) APMC,Sona Mahsuri,2022-12-27,0.01,2040.0,2040.0,2040.0,2040.0,2040.0,2040.0,2040.0,0.0,0.0,0.0,0.0,1.0,1.0,12,1,2023-01-03,2040.0
Banaganapalli APMC,Sona Mahsuri,2022-12-27,1.0,1850.0,2150.0,2050.0,2050.0,2050.0,2050.0,2050.0,0.0,0.0,0.0,0.0,1.0,1.0,12,1,2023-01-03,2050.0
Tanuku APMC,MTU-1010,2022-12-27,1.0,2020.0,2060.0,2040.0,2040.0,2040.0,2040.0,2041.4285714285716,0.0,5.345224838262269,0.0,0.0,1.0,0.999300209937019,12,1,2023-01-03,2040.0
Tanuku APMC,MTU-1010,2022-12-28,1.0,2020.0,2060.0,2040.0,2040.0,2040.0,2040.0,2041.4285714285716,0.0,5.345224838262269,0.0,0.0,1.0,0.999300209937019,12,2,2023-01-04,2040.0
Banaganapalli APMC,Sona Mahsuri,2022-12-28,1.0,1850.0,2150.0,2050.0,2050.0,2050.0,2050.0,2050.0,0.0,0.0,0.0,0.0,1.0,1.0,12,2,2023-01-04,2050.0
Atmakur (Nandyal District) APMC,Sona Mahsuri,2022-12-28,0.01,2040.0,2040.0,2040.0,2040.0,2040.0,2040.0,2040.0,0.0,0.0,0.0,0.0,1.0,1.0,12,2,2023-01-04,2040.0
Atmakur (Nandyal District) APMC,Sona Mahsuri,2022-12-29,0.01,2040.0,2040.0,2040.0,2040.0,2040.0,2040.0,2040.0,0.0,0.0,0.0,0.0,1.0,1.0,12,3,2023-01-05,2040.0
Banaganapalli APMC,Sona Mahsuri,2022-12-29,1.0,1850.0,2150.0,2050.0,2050.0,2050.0,2050.0,2050.0,0.0,0.0,0.0,0.0,1.0,1.0,12,3,2023-01-05,2050.0
Tanuku APMC,MTU-1010,2022-12-29,1.0,2020.0,2060.0,2040.0,2040.0,2040.0,2040.0,2041.4285714285716,0.0,5.345224838262269,0.0,0.0,1.0,0.999300209937019,12,3,2023-01-05,2040.0
Atmakur (Nandyal District) APMC,Sona Mahsuri,2022-12-30,0.01,2040.0,2040.0,2040.0,2040.0,2040.0,2040.0,2040.0,0.0,0.0,0.0,0.0,1.0,1.0,12,4,2023-01-06,2040.0
Banaganapalli APMC,Sona Mahsuri,2022-12-30,1.0,1850.0,2150.0,2050.0,2050.0,2050.0,2050.0,2050.0,0.0,0.0,0.0,0.0,1.0,1.0,12,4,2023-01-06,2050.0
Tanuku APMC,MTU-1010,2022-12-30,1.0,2020.0,2060.0,2040.0,2040.0,2040.0,2040.0,2041.4285714285716,0.0,5.345224838262269,0.0,0.0,1.0,0.999300209937019,12,4,2023-01-07,2040.0
Atmakur (Nandyal District) APMC,Sona Mahsuri,2022-12-31,0.01,2040.0,2040.0,2040.0,2040.0,2040.0,2040.0,2040.0,0.0,0.0,0.0,0.0,1.0,1.0,12,5,2023-01-07,2040.0
Banaganapalli APMC,Sona Mahsuri,2022-12-31,1.0,1850.0,2150.0,2050.0,2050.0,2050.0,2050.0,2050.0,0.0,0.0,0.0,0.0,1.0,1.0,12,5,2023-01-07,2050.0
Tanuku APMC,MTU-1010,2022-12-31,1.0,2020.0,2060.0,2040.0,2040.0,2040.0,2040.0,2041.4285714285716,0.0,5.345224838262269,0.0,0.0,1.0,0.999300209937019,12,5,2023-01-07,2040.0
Atmakur (Nandyal District) APMC,Sona Mahsuri,2023-01-01,0.01,2040.0,2040.0,2040.0,2040.0,2040.0,2040.0,2040.0,0.0,0.0,0.0,0.0,1.0,1.0,1,6,2023-01-08,2040.0
Banaganapalli APMC,Sona Mahsuri,2023-01-01,1.0,1850.0,2150.0,2050.0,2050.0,2050.0,2050.0,2050.0,0.0,0.0,0.0,0.0,1.0,1.0,1,6,2023-01-08,2050.0
Tanuku APMC,MTU-1010,2023-01-02,1.0,2020.0,2060.0,2040.0,2040.0,2040.0,2040.0,2040.0,0.0,1.2131806507799106e-05,0.0,0.0,1.0,1.0,1,0,2023-01-09,2040.0
Atmakur (Nandyal District) APMC,Sona Mahsuri,2023-01-02,0.01,2040.0,2040.0,2040.0,2040.0,2040.0,2040.0,2040.0,0.0,0.0,0.0,0.0,1.0,1.0,1,0,2023-01-09,2040.0
Banaganapalli APMC,Sona Mahsuri,2023-01-02,1.0,1850.0,2150.0,2050.0,2050.0,2050.0,2050.0,2050.0,0.0,0.0,0.0,0.0,1.0,1.0,1,0,2023-01-09,2050.0
Atmakur (Nandyal District) APMC,Sona Mahsuri,2023-01-03,0.01,2040.0,2040.0,2040.0,2040.0,2040.0,2040.0,2040.0,0.0,0.0,0.0,0.0,1.0,1.0,1,1,2023-01-10,2040.0
Banaganapalli APMC,Sona Mahsuri,2023-01-03,1.0,1850.0,2150.0,2050.0,2050.0,2050.0,2050.0,2050.0,0.0,0.0,0.0,0.0,1.0,1.0,1,1,2023-01-10,2050.0
Tanuku APMC,MTU-1010,2023-01-03,1.0,2020.0,2060.0,2040.0,2040.0,2040.0,2040.0,2040.0,0.0,1.2131806507799106e-05,0.0,0.0,1.0,1.0,1,1,2023-01-10,2040.0
Atmakur (Nandyal District) APMC,Sona Mahsuri,2023-01-04,0.01,2040.0,2040.0,2040.0,2040.0,2040.0,2040.0,2040.0,0.0,0.0,0.0,0.0,1.0,1.0,1,2,2023-01-11,2040.0
Banaganapalli APMC,Sona Mahsuri,2023-01-04,1.0,1850.0,2150.0,2050.0,2050.0,2050.0,2050.0,2050.0,0.0,0.0,0.0,0.0,1.0,1.0,1,2,2023-01-11,2050.0
Tanuku APMC,MTU-1010,2023-01-04,1.0,2020.0,2060.0,2040.0,2040.0,2040.0,2040.0,2040.0,0.0,1.2131806507799106e-05,0.0,0.0,1.0,1.0,1,2,2023-01-11,2060.0
Banaganapalli APMC,Sona Mahsuri,2023-01-05,1.0,1850.0,2100.0,2050.0,2050.0,2050.0,2050.0,2050.0,0.0,0.0,0.0,0.0,1.0,1.0,1,3,2023-01-12,2050.0
Atmakur (Nandyal District) APMC,Sona Mahsuri,2023-01-05,0.01,2040.0,2040.0,2040.0,2040.0,2040.0,2040.0,2040.0,0.0,0.0,0.0,0.0,1.0,1.0,1,3,2023-01-12,2040.0
Tanuku APMC,MTU-1010,2023-01-05,1.0,2020.0,2060.0,2040.0,2040.0,2040.0,2040.0,2040.0,0.0,1.2131806507799106e-05,0.0,0.0,1.0,1.0,1,3,2023-01-12,2060.0
Atmakur (Nandyal District) APMC,Sona Mahsuri,2023-01-06,0.01,2040.0,2040.0,2040.0,2040.0,2040.0,2040.0,2040.0,0.0,0.0,0.0,0.0,1.0,1.0,1,4,2023-01-13,2040.0
Banaganapalli APMC,Sona Mahsuri,2023-01-06,1.0,1850.0,2100.0,2050.0,2050.0,2050.0,2050.0,2050.0,0.0,0.0,0.0,0.0,1.0,1.0,1,4,2023-01-13,2050.0
Rajahmundry APMC,Swarna Masuri (New),2023-01-07,0.5,2060.0,2060.0,2060.0,1960.0,1960.0,1960.0,1960.0,5.5120601757511575e-06,4.473617776440681e-06,100.0,100.0,1.0510204081632653,1.0510204081632653,1,5,2023-01-15,2060.0
Rajahmundry APMC,Paddy,2023-01-07,0.5,2040.0,2040.0,2040.0,1940.0,1940.0,1940.0,1940.0,3.759662683014833e-06,0.0,100.0,100.0,1.0515463917525774,1.0515463917525774,1,5,2023-01-15,2040.0
Tanuku APMC,MTU-1010,2023-01-07,1.0,2020.0,2060.0,2040.0,2040.0,2040.0,2040.0,2040.0,0.0,1.2131806507799106e-05,0.0,0.0,1.0,1.0,1,5,2023-01-21,2040.0
Atmakur (Nandyal District) APMC,Sona Mahsuri,2023-01-07,0.01,2040.0,2040.0,2040.0,2040.0,2040.0,2040.0,2040.0,0.0,0.0,0.0,0.0,1.0,1.0,1,5,2023-01-15,2040.0
Banaganapalli APMC,Sona Mahsuri,2023-01-07,1.0,1850.0,2200.0,2050.0,2050.0,2050.0,2050.0,2050.0,0.0,0.0,0.0,0.0,1.0,1.0,1,5,2023-01-21,1950.0
Tanuku APMC,MTU-1010,2023-01-08,1.0,2020.0,2060.0,2040.0,2040.0,2040.0,2040.0,2040.0,0.0,1.2131806507799106e-05,0.0,0.0,1.0,1.0,1,6,2023-01-21,2040.0
Rajahmundry APMC,Swarna Masuri (New),2023-01-08,0.5,2060.0,2060.0,2060.0,2060.0,1960.0,1974.2857142857144,1967.142857142857,37.79644730092314,26.72612419124301,0.0,100.0,1.043415340086831,1.04720406681191,1,6,2023-01-15,2060.0
Atmakur (Nandyal District) APMC,Sona Mahsuri,2023-01-08,0.01,2040.0,2040.0,2040.0,2040.0,2040.0,2040.0,2040.0,0.0,0.0,0.0,0.0,1.0,1.0,1,6,2023-01-15,2040.0
Banaganapalli APMC,Sona Mahsuri,2023-01-08,1.0,1850.0,2200.0,2050.0,2050.0,2050.0,2050.0,2050.0,0.0,0.0,0.0,0.0,1.0,1.0,1,6,2023-01-21,1950.0
Rajahmundry APMC,Paddy,2023-01-08,0.5,2040.0,2040.0,2040.0,2040.0,1940.0,1954.2857142857144,1947.142857142857,37.79644730092306,26.726124191242445,0.0,100.0,1.0438596491228072,1.0476889214966985,1,6,2023-01-15,2040.0
Atmakur (Nandyal District) APMC,Sona Mahsuri,2023-01-09,0.01,2040.0,2040.0,2040.0,2040.0,2040.0,2040.0,2040.0,0.0,0.0,0.0,0.0,1.0,1.0,1,0,2023-01-16,2040.0
Banaganapalli APMC,Sona Mahsuri,2023-01-09,1.0,1850.0,2200.0,2050.0,2050.0,2050.0,2050.0,2050.0,0.0,0.0,0.0,0.0,1.0,1.0,1,0,2023-01-21,1950.0
Rajahmundry APMC,Paddy,2023-01-09,0.5,2040.0,2040.0,2040.0,2040.0,1940.0,1968.571428571429,1954.2857142857144,48.79500364742704,36.31365196012816,0.0,100.0,1.0362844702467344,1.0438596491228072,1,0,2023-01-16,2040.0
Rajahmundry APMC,Swarna Masuri (New),2023-01-09,0.5,2060.0,2060.0,2060.0,2060.0,1960.0,1988.571428571429,1974.2857142857144,48.79500364742702,36.31365196012872,0.0,100.0,1.035919540229885,1.043415340086831,1,0,2023-01-16,2060.0
Tanuku APMC,MTU-1010,2023-01-09,1.0,2020.0,2060.0,2040.0,2040.0,2040.0,2040.0,2040.0,0.0,1.2131806507799106e-05,0.0,0.0,1.0,1.0,1,0,2023-01-21,2040.0
Rajahmundry APMC,Swarna Masuri (New),2023-01-10,0.5,2060.0,2060.0,2060.0,2060.0,1960.0,2002.857142857143,1981.4285714285716,53.45224838248523,42.58153136263263,0.0,100.0,1.028530670470756,1.0396539293439078,1,1,2023-01-17,2060.0
Rajahmundry APMC,Paddy,2023-01-10,0.5,2040.0,2040.0,2040.0,2040.0,1940.0,1982.857142857143,1961.4285714285716,53.4522483824853,42.58153136263204,0.0,100.0,1.0288184438040346,1.0400582665695557,1,1,2023-01-17,2040.0
Tanuku APMC,MTU-1010,2023-01-10,1.0,2020.0,2060.0,2040.0,2040.0,2040.0,2040.0,2040.0,0.0,1.2131806507799106e-05,0.0,0.0,1.0,1.0,1,1,2023-01-21,2040.0
Atmakur (Nandyal District) APMC,Sona Mahsuri,2023-01-10,0.01,2040.0,2040.0,2040.0,2040.0,2040.0,2040.0,2040.0,0.0,0.0,0.0,0.0,1.0,1.0,1,1,2023-01-17,2040.0
Banaganapalli APMC,Sona Mahsuri,2023-01-10,1.0,1850.0,2200.0,2050.0,2050.0,2050.0,2050.0,2050.0,0.0,0.0,0.0,0.0,1.0,1.0,1,1,2023-01-21,1950.0
Atmakur (Nandyal District) APMC,Sona Mahsuri,2023-01-11,0.01,2040.0,2040.0,2040.0,2040.0,2040.0,2040.0,2040.0,0.0,0.0,0.0,0.0,1.0,1.0,1,2,2023-01-18,2040.0
Banaganapalli APMC,Sona Mahsuri,2023-01-11,1.0,1850.0,2150.0,2050.0,2050.0,2050.0,2050.0,2050.0,0.0,0.0,0.0,0.0,1.0,1.0,1,2,2023-01-21,1950.0
Rajahmundry APMC,Paddy,2023-01-11,0.5,2040.0,2040.0,2040.0,2040.0,1940.0,1997.142857142857,1968.571428571429,53.452248382485365,46.8807230938496,0.0,100.0,1.0214592274678111,1.0362844702467344,1,2,2023-01-18,2040.0
Rajahmundry APMC,Swarna Masuri (New),2023-01-11,0.5,2060.0,2060.0,2060.0,2060.0,1960.0,2017.142857142857,1988.571428571429,53.45224838248523,46.88072309385024,0.0,100.0,1.0212464589235128,1.035919540229885,1,2,2023-01-18,2060.0
Tanuku APMC,MTU-1010,2023-01-11,1.0,2040.0,2080.0,2060.0,2040.0,2040.0,2040.0,2040.0,0.0,1.2131806507799106e-05,20.0,20.0,1.0098039215686274,1.0098039215686274,1,2,2023-01-21,2040.0
Atmakur (Nandyal District) APMC,Sona Mahsuri,2023-01-12,0.01,2040.0,2040.0,2040.0,2040.0,2040.0,2040.0,2040.0,0.0,0.0,0.0,0.0,1.0,1.0,1,3,2023-01-19,2040.0
Banaganapalli APMC,Sona Mahsuri,2023-01-12,1.0,1850.0,2150.0,2050.0,2050.0,2050.0,2050.0,2050.0,0.0,0.0,0.0,0.0,1.0,1.0,1,3,2023-01-21,1950.0
Rajahmundry APMC,Paddy,2023-01-12,0.5,2040.0,2040.0,2040.0,2040.0,1940.0,2011.4285714285716,1975.7142857142856,48.7950036474273,49.72451580988475,0.0,100.0,1.0142045454545454,1.0325379609544467,1,3,2023-01-19,2040.0
Rajahmundry APMC,Swarna Masuri (New),2023-01-12,0.5,2060.0,2060.0,2060.0,2060.0,1960.0,2031.4285714285716,1995.7142857142856,48.79500364742707,49.72451580988549,0.0,100.0,1.0140646976090015,1.0322118826055833,1,3,2023-01-19,2060.0
Tanuku APMC,MTU-1010,2023-01-12,1.0,2020.0,2080.0,2060.0,2060.0,2040.0,2042.857142857143,2041.4285714285716,7.559289460184537,5.345224838262269,0.0,20.0,1.0083916083916085,1.0090972708187544,1,3,2023-01-21,2040.0
Tanuku APMC,MTU-1010,2023-01-13,1.0,2020.0,2060.0,2040.0,2060.0,2040.0,2045.7142857142856,2042.857142857143,9.759000729485294,7.262730392035802,-20.0,0.0,0.9972067039106144,0.9986013986013986,1,4,2023-01-21,2040.0
Rajahmundry APMC,Paddy,2023-01-13,0.5,2040.0,2040.0,2040.0,2040.0,1940.0,2025.7142857142856,1982.857142857143,37.79644730092368,51.3552591013096,0.0,100.0,1.007052186177715,1.0288184438040346,1,4,2023-01-20,2040.0
Rajahmundry APMC,Swarna Masuri (New),2023-01-13,0.5,2060.0,2060.0,2060.0,2060.0,1960.0,2045.7142857142856,2002.857142857143,37.7964473009233,51.35525910131043,0.0,100.0,1.0069832402234635,1.028530670470756,1,4,2023-01-20,2060.0
Atmakur (Nandyal District) APMC,Sona Mahsuri,2023-01-13,0.01,2040.0,2040.0,2040.0,2040.0,2040.0,2040.0,2040.0,0.0,0.0,0.0,0.0,1.0,1.0,1,4,2023-01-20,2040.0
Banaganapalli APMC,Sona Mahsuri,2023-01-13,1.0,1850.0,2150.0,2050.0,2050.0,2050.0,2050.0,2050.0,0.0,0.0,0.0,0.0,1.0,1.0,1,4,2023-01-21,1950.0
Atmakur (Nandyal District) APMC,Sona Mahsuri,2023-01-15,0.01,2040.0,2040.0,2040.0,2040.0,2040.0,2040.0,2040.0,0.0,0.0,0.0,0.0,1.0,1.0,1,6,2023-01-22,2040.0
Rajahmundry APMC,Paddy,2023-01-15,0.5,2040.0,2040.0,2040.0,2040.0,2040.0,2040.0,1990.0,0.0,51.88745216627713,0.0,0.0,1.0,1.0251256281407035,1,6,2023-01-22,2040.0
Rajahmundry APMC,Swarna Masuri (New),2023-01-15,0.5,2060.0,2060.0,2060.0,2060.0,2060.0,2060.0,2010.0,0.0,51.887452166278045,0.0,0.0,1.0,1.0248756218905473,1,6,2023-01-22,2060.0
Atmakur (Nandyal District) APMC,Sona Mahsuri,2023-01-16,0.01,2040.0,2040.0,2040.0,2040.0,2040.0,2040.0,2040.0,0.0,0.0,0.0,0.0,1.0,1.0,1,0,2023-01-23,2040.0
Rajahmundry APMC,Paddy,2023-01-16,0.5,2040.0,2040.0,2040.0,2040.0,2040.0,2040.0,1997.142857142857,0.0,51.3552591013096,0.0,0.0,1.0,1.0214592274678111,1,0,2023-01-23,2040.0
Rajahmundry APMC,Swarna Masuri (New),2023-01-16,0.5,2060.0,2060.0,2060.0,2060.0,2060.0,2060.0,2017.142857142857,0.0,51.35525910131063,0.0,0.0,1.0,1.0212464589235128,1,0,2023-01-23,2060.0
Atmakur (Nandyal District) APMC,Sona Mahsuri,2023-01-17,0.01,2040.0,2040.0,2040.0,2040.0,2040.0,2040.0,2040.0,0.0,0.0,0.0,0.0,1.0,1.0,1,1,2023-01-25,2040.0
Rajahmundry APMC,Paddy,2023-01-17,0.5,2040.0,2040.0,2040.0,2040.0,2040.0,2040.0,2004.2857142857144,0.0,49.72451580988475,0.0,0.0,1.0,1.017818959372773,1,1,2023-01-24,2040.0
Rajahmundry APMC,Swarna Masuri (New),2023-01-17,0.5,2060.0,2060.0,2060.0,2060.0,2060.0,2060.0,2024.2857142857144,0.0,49.72451580988592,0.0,0.0,1.0,1.0176429075511644,1,1,2023-01-24,2060.0
Rajahmundry APMC,Swarna Masuri (New),2023-01-18,0.5,2060.0,2060.0,2060.0,2060.0,2060.0,2060.0,2031.4285714285716,0.0,46.88072309385097,0.0,0.0,1.0,1.0140646976090015,1,2,2023-01-25,2060.0
Rajahmundry APMC,Paddy,2023-01-18,0.5,2040.0,2040.0,2040.0,2040.0,2040.0,2040.0,2011.4285714285716,0.0,46.880723093849625,0.0,0.0,1.0,1.0142045454545454,1,2,2023-01-25,2040.0
Atmakur (Nandyal District) APMC,Sona Mahsuri,2023-01-18,0.01,2040.0,2040.0,2040.0,2040.0,2040.0,2040.0,2040.0,0.0,0.0,0.0,0.0,1.0,1.0,1,2,2023-01-25,2040.0
Atmakur (Nandyal District) APMC,Sona Mahsuri,2023-01-19,0.01,2040.0,2040.0,2040.0,2040.0,2040.0,2040.0,2040.0,0.0,0.0,0.0,0.0,1.0,1.0,1,3,2023-01-26,2040.0
Rajahmundry APMC,Paddy,2023-01-19,0.5,2040.0,2040.0,2040.0,2040.0,2040.0,2040.0,2018.571428571429,0.0,42.581531362632106,0.0,0.0,1.0,1.010615711252654,1,3,2023-01-26,2040.0
Rajahmundry APMC,Swarna Masuri (New),2023-01-19,0.5,2060.0,2060.0,2060.0,2060.0,2060.0,2060.0,2038.571428571429,0.0,42.581531362633726,0.0,0.0,1.0,1.010511562718991,1,3,2023-01-26,2060.0
Atmakur (Nandyal District) APMC,Sona Mahsuri,2023-01-20,0.01,2040.0,2040.0,2040.0,2040.0,2040.0,2040.0,2040.0,0.0,0.0,0.0,0.0,1.0,1.0,1,4,2023-01-27,2040.0
Rajahmundry APMC,Paddy,2023-01-20,0.5,2040.0,2040.0,2040.0,2040.0,2040.0,2040.0,2025.7142857142856,0.0,36.31365196012829,0.0,0.0,1.0,1.007052186177715,1,4,2023-01-27,2040.0
Rajahmundry APMC,Swarna Masuri (New),2023-01-20,0.5,2060.0,2060.0,2060.0,2060.0,2060.0,2060.0,2045.7142857142856,0.0,36.31365196013032,0.0,0.0,1.0,1.0069832402234635,1,4,2023-01-27,2060.0
Atmakur (Nandyal District) APMC,Sona Mahsuri,2023-01-21,0.01,2040.0,2040.0,2040.0,2040.0,2040.0,2040.0,2040.0,0.0,0.0,0.0,0.0,1.0,1.0,1,5,2023-01-28,2040.0
Banaganapalli APMC,Sona Mahsuri,2023-01-21,1.0,1800.0,2100.0,1950.0,2050.0,2050.0,2050.0,2050.0,0.0,0.0,-100.0,-100.0,0.951219512195122,0.951219512195122,1,5,2023-01-29,1950.0
Rajahmundry APMC,Paddy,2023-01-21,0.5,2040.0,2040.0,2040.0,2040.0,2040.0,2040.0,2032.857142857143,0.0,26.726124191242675,0.0,0.0,1.0,1.0035137034434294,1,5,2023-01-28,2040.0
Rajahmundry APMC,Swarna Masuri (New),2023-01-21,0.5,2060.0,2060.0,2060.0,2060.0,2060.0,2060.0,2052.8571428571427,0.0,26.7261241912456,0.0,0.0,1.0,1.0034794711203898,1,5,2023-01-28,2060.0
Tanuku APMC,MTU-1010,2023-01-21,1.0,2020.0,2060.0,2040.0,2040.0,2040.0,2045.7142857142856,2042.857142857143,9.759000729485294,7.262730392035802,0.0,0.0,0.9972067039106144,0.9986013986013986,1,5,2023-01-28,2040.0
Rajahmundry APMC,Swarna Masuri (New),2023-01-22,0.5,2060.0,2060.0,2060.0,2060.0,2060.0,2060.0,2060.0,0.0,1.3424599555027743e-05,0.0,0.0,1.0,1.0,1,6,2023-01-29,2060.0
Rajahmundry APMC,Paddy,2023-01-22,0.5,2040.0,2040.0,2040.0,2040.0,2040.0,2040.0,2040.0,0.0,0.0,0.0,0.0,1.0,1.0,1,6,2023-01-29,2040.0
Tanuku APMC,MTU-1010,2023-01-22,1.0,2020.0,2060.0,2040.0,2040.0,2040.0,2045.7142857142856,2042.857142857143,9.759000729485294,7.262730392035802,0.0,0.0,0.9972067039106144,0.9986013986013986,1,6,2023-01-29,2040.0
Atmakur (Nandyal District) APMC,Sona Mahsuri,2023-01-22,0.01,2040.0,2040.0,2040.0,2040.0,2040.0,2040.0,2040.0,0.0,0.0,0.0,0.0,1.0,1.0,1,6,2023-01-31,2040.0
Banaganapalli APMC,Sona Mahsuri,2023-01-22,1.0,1800.0,2100.0,1950.0,1950.0,2050.0,2035.7142857142856,2042.857142857143,37.796447300922736,26.726124191242445,0.0,-100.0,0.9578947368421052,0.9545454545454544,1,6,2023-01-29,1950.0
Atmakur (Nandyal District) APMC,Sona Mahsuri,2023-01-23,0.01,2040.0,2040.0,2040.0,2040.0,2040.0,2040.0,2040.0,0.0,0.0,0.0,0.0,1.0,1.0,1,0,2023-01-31,2040.0
Banaganapalli APMC,Sona Mahsuri,2023-01-23,1.0,1800.0,2100.0,1950.0,1950.0,2050.0,2021.4285714285716,2035.7142857142856,48.79500364742671,36.31365196012816,0.0,-100.0,0.9646643109540636,0.9578947368421052,1,0,2023-01-30,2000.0
Rajahmundry APMC,Paddy,2023-01-23,0.5,2040.0,2040.0,2040.0,2040.0,2040.0,2040.0,2040.0,0.0,0.0,0.0,0.0,1.0,1.0,1,0,2023-01-30,2040.0
Rajahmundry APMC,Swarna Masuri (New),2023-01-23,0.5,2060.0,2060.0,2060.0,2060.0,2060.0,2060.0,2060.0,0.0,1.3424599555027743e-05,0.0,0.0,1.0,1.0,1,0,2023-01-30,2060.0
Banaganapalli APMC,Sona Mahsuri,2023-01-24,1.0,1800.0,2100.0,1950.0,1950.0,2050.0,2007.142857142857,2028.571428571429,53.45224838248495,42.58153136263204,0.0,-100.0,0.9715302491103204,0.9612676056338028,1,1,2023-01-31,2000.0
Rajahmundry APMC,Paddy,2023-01-24,0.5,2040.0,2040.0,2040.0,2040.0,2040.0,2040.0,2040.0,0.0,0.0,0.0,0.0,1.0,1.0,1,1,2023-01-31,2040.0
Rajahmundry APMC,Swarna Masuri (New),2023-01-24,0.5,2060.0,2060.0,2060.0,2060.0,2060.0,2060.0,2060.0,0.0,1.3424599555027743e-05,0.0,0.0,1.0,1.0,1,1,2023-01-31,2060.0
Tanuku APMC,MTU-1010,2023-01-24,1.0,2020.0,2060.0,2040.0,2040.0,2040.0,2045.7142857142856,2042.857142857143,9.759000729485294,7.262730392035802,0.0,0.0,0.9972067039106144,0.9986013986013986,1,1,2023-01-31,2040.0
Rajahmundry APMC,Swarna Masuri (New),2023-01-25,0.5,2060.0,2060.0,2060.0,2060.0,2060.0,2060.0,2060.0,0.0,1.3424599555027743e-05,0.0,0.0,1.0,1.0,1,2,2023-02-01,2060.0
Tanuku APMC,MTU-1010,2023-01-25,1.0,2020.0,2060.0,2040.0,2040.0,2040.0,2045.7142857142856,2042.857142857143,9.759000729485294,7.262730392035802,0.0,0.0,0.9972067039106144,0.9986013986013986,1,2,2023-02-04,2040.0
Atmakur (Nandyal District) APMC,Sona Mahsuri,2023-01-25,0.01,2040.0,2040.0,2040.0,2040.0,2040.0,2040.0,2040.0,0.0,0.0,0.0,0.0,1.0,1.0,1,2,2023-02-01,2040.0
Rajahmundry APMC,Paddy,2023-01-25,0.5,2040.0,2040.0,2040.0,2040.0,2040.0,2040.0,2040.0,0.0,0.0,0.0,0.0,1.0,1.0,1,2,2023-02-01,2040.0
Rajahmundry APMC,Paddy,2023-01-26,0.5,2040.0,2040.0,2040.0,2040.0,2040.0,2040.0,2040.0,0.0,0.0,0.0,0.0,1.0,1.0,1,3,2023-02-02,2040.0
Rajahmundry APMC,Swarna Masuri (New),2023-01-26,0.5,2060.0,2060.0,2060.0,2060.0,2060.0,2060.0,2060.0,0.0,1.3424599555027743e-05,0.0,0.0,1.0,1.0,1,3,2023-02-02,2060.0
Tanuku APMC,MTU-1010,2023-01-26,1.0,2020.0,2060.0,2040.0,2040.0,2060.0,2045.7142857142856,2042.857142857143,9.759000729485294,7.262730392035802,0.0,-20.0,0.9972067039106144,0.9986013986013986,1,3,2023-02-04,2040.0
Atmakur (Nandyal District) APMC,Sona Mahsuri,2023-01-26,0.01,2040.0,2040.0,2040.0,2040.0,2040.0,2040.0,2040.0,0.0,0.0,0.0,0.0,1.0,1.0,1,3,2023-02-03,2040.0
Atmakur (Nandyal District) APMC,Sona Mahsuri,2023-01-27,0.01,2040.0,2040.0,2040.0,2040.0,2040.0,2040.0,2040.0,0.0,0.0,0.0,0.0,1.0,1.0,1,4,2023-02-03,2040.0
Rajahmundry APMC,Paddy,2023-01-27,0.5,2040.0,2040.0,2040.0,2040.0,2040.0,2040.0,2040.0,0.0,0.0,0.0,0.0,1.0,1.0,1,4,2023-02-03,2040.0
Rajahmundry APMC,Swarna Masuri (New),2023-01-27,0.5,2060.0,2060.0,2060.0,2060.0,2060.0,2060.0,2060.0,0.0,1.3424599555027743e-05,0.0,0.0,1.0,1.0,1,4,2023-02-03,2060.0
Tanuku APMC,MTU-1010,2023-01-27,1.0,2020.0,2060.0,2040.0,2040.0,2060.0,2042.857142857143,2042.857142857143,7.559289460184538,7.262730392035802,0.0,-20.0,0.9986013986013986,0.9986013986013986,1,4,2023-02-04,2040.0
Tanuku APMC,MTU-1010,2023-01-28,1.0,2020.0,2060.0,2040.0,2040.0,2040.0,2040.0,2042.857142857143,0.0,7.262730392035802,0.0,0.0,1.0,0.9986013986013986,1,5,2023-02-04,2040.0
Atmakur (Nandyal District) APMC,Sona Mahsuri,2023-01-28,0.01,2040.0,2040.0,2040.0,2040.0,2040.0,2040.0,2040.0,0.0,0.0,0.0,0.0,1.0,1.0,1,5,2023-02-04,2040.0
Rajahmundry APMC,Paddy,2023-01-28,0.5,2040.0,2040.0,2040.0,2040.0,2040.0,2040.0,2040.0,0.0,0.0,0.0,0.0,1.0,1.0,1,5,2023-02-04,2040.0
Rajahmundry APMC,Swarna Masuri (New),2023-01-28,0.5,2060.0,2060.0,2060.0,2060.0,2060.0,2060.0,2060.0,0.0,1.3424599555027743e-05,0.0,0.0,1.0,1.0,1,5,2023-02-04,2060.0
Tanuku APMC,MTU-1010,2023-01-29,1.0,2020.0,2060.0,2040.0,2040.0,2040.0,2040.0,2042.857142857143,0.0,7.262730392035802,0.0,0.0,1.0,0.9986013986013986,1,6,2023-02-05,2040.0
Rajahmundry APMC,Swarna Masuri (New),2023-01-29,0.5,2060.0,2060.0,2060.0,2060.0,2060.0,2060.0,2060.0,0.0,1.3424599555027743e-05,0.0,0.0,1.0,1.0,1,6,2023-02-05,2060.0
Banaganapalli APMC,Sona Mahsuri,2023-01-29,1.0,1800.0,2100.0,1950.0,1950.0,2050.0,1992.857142857143,2021.4285714285716,53.45224838248495,46.8807230938496,0.0,-100.0,0.978494623655914,0.9646643109540636,1,6,2023-02-05,1950.0
Rajahmundry APMC,Paddy,2023-01-29,0.5,2040.0,2040.0,2040.0,2040.0,2040.0,2040.0,2040.0,0.0,0.0,0.0,0.0,1.0,1.0,1,6,2023-02-05,2040.0
Banaganapalli APMC,Sona Mahsuri,2023-01-30,1.0,1850.0,2150.0,2000.0,1950.0,2050.0,1978.571428571429,2014.2857142857144,48.79500364742676,49.72451580988475,50.0,-50.0,1.0108303249097472,0.9929078014184396,1,0,2023-02-06,1950.0
Rajahmundry APMC,Paddy,2023-01-30,0.5,2040.0,2040.0,2040.0,2040.0,2040.0,2040.0,2040.0,0.0,0.0,0.0,0.0,1.0,1.0,1,0,2023-02-06,2040.0
Rajahmundry APMC,Swarna Masuri (New),2023-01-30,0.5,2060.0,2060.0,2060.0,2060.0,2060.0,2060.0,2060.0,0.0,1.3424599555027743e-05,0.0,0.0,1.0,1.0,1,0,2023-02-06,2060.0
Tanuku APMC,MTU-1010,2023-01-30,1.0,2020.0,2060.0,2040.0,2040.0,2040.0,2040.0,2042.857142857143,0.0,7.262730392035802,0.0,0.0,1.0,0.9986013986013986,1,0,2023-02-06,2040.0
Atmakur (Nandyal District) APMC,Sona Mahsuri,2023-01-31,0.01,2040.0,2040.0,2040.0,2040.0,2040.0,2040.0,2040.0,0.0,0.0,0.0,0.0,1.0,1.0,1,1,2023-02-07,2040.0
Banaganapalli APMC,Sona Mahsuri,2023-01-31,1.0,1850.0,2150.0,2000.0,2000.0,2050.0,1971.4285714285716,2010.7142857142856,39.33978962347231,48.74806279611152,0.0,-50.0,1.0144927536231885,0.994671403197158,1,1,2023-02-07,2000.0
Rajahmundry APMC,Paddy,2023-01-31,0.5,2040.0,2040.0,2040.0,2040.0,2040.0,2040.0,2040.0,0.0,0.0,0.0,0.0,1.0,1.0,1,1,2023-02-09,2040.0
Rajahmundry APMC,Swarna Masuri (New),2023-01-31,0.5,2060.0,2060.0,2060.0,2060.0,2060.0,2060.0,2060.0,0.0,1.3424599555027743e-05,0.0,0.0,1.0,1.0,1,1,2023-02-09,2060.0
Tanuku APMC,MTU-1010,2023-01-31,1.0,2020.0,2060.0,2040.0,2040.0,2040.0,2040.0,2042.857142857143,0.0,7.262730392035802,0.0,0.0,1.0,0.9986013986013986,1,1,2023-02-07,2040.0
Rajahmundry APMC,Paddy,2023-02-01,0.5,2040.0,2040.0,2040.0,2040.0,2040.0,2040.0,2040.0,0.0,0.0,0.0,0.0,1.0,1.0,2,2,2023-02-09,2040.0
Rajahmundry APMC,Swarna Masuri (New),2023-02-01,0.5,2060.0,2060.0,2060.0,2060.0,2060.0,2060.0,2060.0,0.0,1.3424599555027743e-05,0.0,0.0,1.0,1.0,2,2,2023-02-09,2060.0
Atmakur (Nandyal District) APMC,Sona Mahsuri,2023-02-01,0.01,2040.0,2040.0,2040.0,2040.0,2040.0,2040.0,2040.0,0.0,0.0,0.0,0.0,1.0,1.0,2,2,2023-02-08,2040.0
Banaganapalli APMC,Sona Mahsuri,2023-02-01,1.0,1850.0,2150.0,2000.0,2000.0,1950.0,1964.2857142857144,2007.142857142857,24.397501823713604,47.46311465493238,0.0,50.0,1.0181818181818183,0.99644128113879,2,2,2023-02-08,2000.0
Banaganapalli APMC,Sona Mahsuri,2023-02-02,1.0,1850.0,2150.0,2000.0,2000.0,1950.0,1971.4285714285716,2003.571428571429,26.726124191242604,45.84373841265955,0.0,50.0,1.0144927536231885,0.998217468805704,2,3,2023-02-09,2000.0
Rajahmundry APMC,Paddy,2023-02-02,0.5,2040.0,2040.0,2040.0,2040.0,2040.0,2040.0,2040.0,0.0,0.0,0.0,0.0,1.0,1.0,2,3,2023-02-09,2040.0
Rajahmundry APMC,Swarna Masuri (New),2023-02-02,0.5,2060.0,2060.0,2060.0,2060.0,2060.0,2060.0,2060.0,0.0,1.3424599555027743e-05,0.0,0.0,1.0,1.0,2,3,2023-02-09,2060.0
Atmakur (Nandyal District) APMC,Sona Mahsuri,2023-02-03,0.01,2040.0,2040.0,2040.0,2040.0,2040.0,2040.0,2040.0,0.0,0.0,0.0,0.0,1.0,1.0,2,4,2023-02-10,2040.0
Banaganapalli APMC,Sona Mahsuri,2023-02-03,1.0,1850.0,2150.0,2000.0,2000.0,1950.0,1978.571428571429,2000.0,26.72612419124249,43.8529009653515,0.0,50.0,1.0108303249097472,1.0,2,4,2023-02-10,2000.0
Rajahmundry APMC,Paddy,2023-02-03,0.5,2040.0,2040.0,2040.0,2040.0,2040.0,2040.0,2040.0,0.0,0.0,0.0,0.0,1.0,1.0,2,4,2023-02-10,2040.0
Rajahmundry APMC,Swarna Masuri (New),2023-02-03,0.5,2060.0,2060.0,2060.0,2060.0,2060.0,2060.0,2060.0,0.0,1.3424599555027743e-05,0.0,0.0,1.0,1.0,2,4,2023-02-10,2060.0
Atmakur (Nandyal District) APMC,Sona Mahsuri,2023-02-04,0.01,2040.0,2040.0,2040.0,2040.0,2040.0,2040.0,2040.0,0.0,0.0,0.0,0.0,1.0,1.0,2,5,2023-02-11,2040.0
Banaganapalli APMC,Sona Mahsuri,2023-02-04,1.0,1850.0,2100.0,1950.0,2000.0,1950.0,1985.7142857142856,1996.4285714285716,24.39750182371328,41.43709650823726,-50.0,0.0,0.9820143884892086,0.9767441860465116,2,5,2023-02-11,2050.0
Rajahmundry APMC,Paddy,2023-02-04,0.5,2040.0,2040.0,2040.0,2040.0,2040.0,2040.0,2040.0,0.0,0.0,0.0,0.0,1.0,1.0,2,5,2023-02-13,2040.0
Rajahmundry APMC,Swarna Masuri (New),2023-02-04,0.5,2060.0,2060.0,2060.0,2060.0,2060.0,2060.0,2060.0,0.0,1.3424599555027743e-05,0.0,0.0,1.0,1.0,2,5,2023-02-13,2060.0
Tanuku APMC,MTU-1010,2023-02-04,1.0,2020.0,2060.0,2040.0,2040.0,2040.0,2040.0,2042.857142857143,0.0,7.262730392035802,0.0,0.0,1.0,0.9986013986013986,2,5,2023-02-12,2040.0
Rajahmundry APMC,Swarna Masuri (New),2023-02-05,0.5,2060.0,2060.0,2060.0,2060.0,2060.0,2060.0,2060.0,0.0,1.3424599555027743e-05,0.0,0.0,1.0,1.0,2,6,2023-02-13,2060.0
Rajahmundry APMC,Paddy,2023-02-05,0.5,2040.0,2040.0,2040.0,2040.0,2040.0,2040.0,2040.0,0.0,0.0,0.0,0.0,1.0,1.0,2,6,2023-02-13,2040.0
Tanuku APMC,MTU-1010,2023-02-05,1.0,2020.0,2060.0,2040.0,2040.0,2040.0,2040.0,2042.857142857143,0.0,7.262730392035802,0.0,0.0,1.0,0.9986013986013986,2,6,2023-02-12,2040.0
Atmakur (Nandyal District) APMC,Sona Mahsuri,2023-02-05,0.01,2040.0,2040.0,2040.0,2040.0,2040.0,2040.0,2040.0,0.0,0.0,0.0,0.0,1.0,1.0,2,6,2023-02-12,2040.0
Banaganapalli APMC,Sona Mahsuri,2023-02-05,1.0,1850.0,2100.0,1950.0,1950.0,1950.0,1985.7142857142856,1989.2857142857144,24.39750182371328,40.08918628686366,0.0,0.0,0.9820143884892086,0.9802513464991024,2,6,2023-02-12,2050.0
Atmakur (Nandyal District) APMC,Sona Mahsuri,2023-02-06,0.01,2040.0,2040.0,2040.0,2040.0,2040.0,2040.0,2040.0,0.0,0.0,0.0,0.0,1.0,1.0,2,0,2023-02-13,2040.0
Banaganapalli APMC,Sona Mahsuri,2023-02-06,1.0,1850.0,2100.0,1950.0,1950.0,2000.0,1985.7142857142856,1982.142857142857,24.39750182371328,37.247317183424585,0.0,-50.0,0.9820143884892086,0.9837837837837838,2,0,2023-02-13,2050.0
Rajahmundry APMC,Paddy,2023-02-06,0.5,2040.0,2040.0,2040.0,2040.0,2040.0,2040.0,2040.0,0.0,0.0,0.0,0.0,1.0,1.0,2,0,2023-02-13,2040.0
Rajahmundry APMC,Swarna Masuri (New),2023-02-06,0.5,2060.0,2060.0,2060.0,2060.0,2060.0,2060.0,2060.0,0.0,1.3424599555027743e-05,0.0,0.0,1.0,1.0,2,0,2023-02-13,2060.0
Tanuku APMC,MTU-1010,2023-02-06,1.0,2020.0,2060.0,2040.0,2040.0,2040.0,2040.0,2041.4285714285716,0.0,5.345224838262269,0.0,0.0,1.0,0.999300209937019,2,0,2023-02-13,2040.0
Atmakur (Nandyal District) APMC,Sona Mahsuri,2023-02-07,0.01,2040.0,2040.0,2040.0,2040.0,2040.0,2040.0,2040.0,0.0,0.0,0.0,0.0,1.0,1.0,2,1,2023-02-14,2040.0
Banaganapalli APMC,Sona Mahsuri,2023-02-07,1.0,1850.0,2100.0,2000.0,1950.0,2000.0,1978.571428571429,1975.0,26.72612419124249,32.522181779399524,50.0,0.0,1.0108303249097472,1.0126582278481011,2,1,2023-02-14,2050.0
Tanuku APMC,MTU-1010,2023-02-07,1.0,2020.0,2060.0,2040.0,2040.0,2040.0,2040.0,2040.0,0.0,1.2131806507799106e-05,0.0,0.0,1.0,1.0,2,1,2023-02-14,2040.0
Atmakur (Nandyal District) APMC,Sona Mahsuri,2023-02-08,0.01,2040.0,2040.0,2040.0,2040.0,2040.0,2040.0,2040.0,0.0,0.0,0.0,0.0,1.0,1.0,2,2,2023-02-15,2040.0
Banaganapalli APMC,Sona Mahsuri,2023-02-08,1.0,1850.0,2100.0,2000.0,2000.0,2000.0,1978.571428571429,1971.4285714285716,26.72612419124249,25.677629550654743,0.0,0.0,1.0108303249097472,1.0144927536231885,2,2,2023-02-15,2050.0
Rajahmundry APMC,Swarna Masuri (New),2023-02-09,0.5,2060.0,2060.0,2060.0,2060.0,2060.0,2060.0,2060.0,0.0,1.3424599555027743e-05,0.0,0.0,1.0,1.0,2,3,2023-02-16,2060.0
Rajahmundry APMC,Paddy,2023-02-09,0.5,2040.0,2040.0,2040.0,2040.0,2040.0,2040.0,2040.0,0.0,0.0,0.0,0.0,1.0,1.0,2,3,2023-02-16,2040.0
Banaganapalli APMC,Sona Mahsuri,2023-02-09,1.0,1850.0,2100.0,2000.0,2000.0,2000.0,1978.571428571429,1975.0,26.72612419124249,25.94372608313848,0.0,0.0,1.0108303249097472,1.0126582278481011,2,3,2023-02-16,2050.0
Atmakur (Nandyal District) APMC,Sona Mahsuri,2023-02-09,0.01,2040.0,2040.0,2040.0,2040.0,2040.0,2040.0,2040.0,0.0,0.0,0.0,0.0,1.0,1.0,2,3,2023-02-16,2040.0
Atmakur (Nandyal District) APMC,Sona Mahsuri,2023-02-10,0.01,2040.0,2040.0,2040.0,2040.0,2040.0,2040.0,2040.0,0.0,0.0,0.0,0.0,1.0,1.0,2,4,2023-02-17,2040.0
Banaganapalli APMC,Sona Mahsuri,2023-02-10,1.0,1850.0,2100.0,2000.0,2000.0,2000.0,1978.571428571429,1978.571428571429,26.72612419124249,25.67762955065468,0.0,0.0,1.0108303249097472,1.0108303249097472,2,4,2023-02-17,2050.0
Rajahmundry APMC,Paddy,2023-02-10,0.5,2040.0,2040.0,2040.0,2040.0,2040.0,2040.0,2040.0,0.0,0.0,0.0,0.0,1.0,1.0,2,4,2023-02-17,2040.0
Rajahmundry APMC,Swarna Masuri (New),2023-02-10,0.5,2060.0,2060.0,2060.0,2060.0,2060.0,2060.0,2060.0,0.0,1.3424599555027743e-05,0.0,0.0,1.0,1.0,2,4,2023-02-17,2060.0
Atmakur (Nandyal District) APMC,Sona Mahsuri,2023-02-11,0.01,2040.0,2040.0,2040.0,2040.0,2040.0,2040.0,2040.0,0.0,0.0,0.0,0.0,1.0,1.0,2,5,2023-02-18,2040.0
Banaganapalli APMC,Sona Mahsuri,2023-02-11,1.0,1850.0,2150.0,2050.0,2000.0,1950.0,1978.571428571429,1982.142857142857,26.72612419124249,24.86225790494223,50.0,100.0,1.0361010830324908,1.0342342342342343,2,5,2023-02-18,2050.0
Atmakur (Nandyal District) APMC,Sona Mahsuri,2023-02-12,0.01,2040.0,2040.0,2040.0,2040.0,2040.0,2040.0,2040.0,0.0,0.0,0.0,0.0,1.0,1.0,2,6,2023-02-19,2040.0
Banaganapalli APMC,Sona Mahsuri,2023-02-12,1.0,1850.0,2150.0,2050.0,2050.0,1950.0,1992.857142857143,1989.2857142857144,34.503277967117604,28.946711176091835,0.0,100.0,1.028673835125448,1.030520646319569,2,6,2023-02-19,2050.0
Tanuku APMC,MTU-1010,2023-02-12,1.0,2020.0,2080.0,2040.0,2040.0,2040.0,2040.0,2040.0,0.0,1.2131806507799106e-05,0.0,0.0,1.0,1.0,2,6,2023-02-19,2040.0
Tanuku APMC,MTU-1010,2023-02-13,1.0,2020.0,2070.0,2040.0,2040.0,2040.0,2040.0,2040.0,0.0,1.2131806507799106e-05,0.0,0.0,1.0,1.0,2,0,2023-02-20,2040.0
Rajahmundry APMC,Swarna Masuri (New),2023-02-13,0.5,2060.0,2060.0,2060.0,2060.0,2060.0,2060.0,2060.0,0.0,1.3424599555027743e-05,0.0,0.0,1.0,1.0,2,0,2023-02-20,2060.0
Rajahmundry APMC,Paddy,2023-02-13,0.5,2040.0,2040.0,2040.0,2040.0,2040.0,2040.0,2040.0,0.0,0.0,0.0,0.0,1.0,1.0,2,0,2023-02-20,2040.0
Atmakur (Nandyal District) APMC,Sona Mahsuri,2023-02-13,0.01,2040.0,2040.0,2040.0,2040.0,2040.0,2040.0,2040.0,0.0,0.0,0.0,0.0,1.0,1.0,2,0,2023-02-20,2040.0
Banaganapalli APMC,Sona Mahsuri,2023-02-13,1.0,1850.0,2150.0,2050.0,2050.0,1950.0,2007.142857142857,1996.4285714285716,34.503277967117505,30.78639631074394,0.0,100.0,1.0213523131672595,1.0268336314847943,2,0,2023-02-20,2050.0
Atmakur (Nandyal District) APMC,Sona Mahsuri,2023-02-14,0.01,2040.0,2040.0,2040.0,2040.0,2040.0,2040.0,2040.0,0.0,0.0,0.0,0.0,1.0,1.0,2,1,2023-02-21,2040.0
Banaganapalli APMC,Sona Mahsuri,2023-02-14,1.0,1850.0,2150.0,2050.0,2050.0,2000.0,2021.4285714285716,2000.0,26.72612419124201,33.96831102433773,0.0,50.0,1.0141342756183749,1.025,2,1,2023-02-21,2050.0
Rajahmundry APMC,Paddy,2023-02-14,0.5,2040.0,2040.0,2040.0,2040.0,2040.0,2040.0,2040.0,0.0,0.0,0.0,0.0,1.0,1.0,2,1,2023-02-21,2040.0
Rajahmundry APMC,Swarna Masuri (New),2023-02-14,0.5,2060.0,2060.0,2060.0,2060.0,2060.0,2060.0,2060.0,0.0,1.3424599555027743e-05,0.0,0.0,1.0,1.0,2,1,2023-02-21,2060.0
Tanuku APMC,MTU-1010,2023-02-14,1.0,2020.0,2040.0,2040.0,2040.0,2040.0,2040.0,2040.0,0.0,1.2131806507799106e-05,0.0,0.0,1.0,1.0,2,1,2023-02-21,2040.0
Atmakur (Nandyal District) APMC,Sona Mahsuri,2023-02-15,0.01,2040.0,2040.0,2040.0,2040.0,2040.0,2040.0,2040.0,0.0,0.0,0.0,0.0,1.0,1.0,2,2,2023-02-22,2040.0
Banaganapalli APMC,Sona Mahsuri,2023-02-15,1.0,1900.0,2150.0,2050.0,2050.0,2000.0,2028.571428571429,2003.571428571429,26.7261241912419,36.50229557736845,0.0,50.0,1.01056338028169,1.0231729055258467,2,2,2023-02-22,2050.0
Rajahmundry APMC,Paddy,2023-02-15,0.5,2040.0,2040.0,2040.0,2040.0,2040.0,2040.0,2040.0,0.0,0.0,0.0,0.0,1.0,1.0,2,2,2023-02-22,2040.0
Rajahmundry APMC,Swarna Masuri (New),2023-02-15,0.5,2060.0,2060.0,2060.0,2060.0,2060.0,2060.0,2060.0,0.0,1.3424599555027743e-05,0.0,0.0,1.0,1.0,2,2,2023-02-22,2060.0
Tanuku APMC,MTU-1010,2023-02-15,1.0,2020.0,2040.0,2040.0,2040.0,2040.0,2040.0,2040.0,0.0,1.2131806507799106e-05,0.0,0.0,1.0,1.0,2,2,2023-02-22,2040.0
Tanuku APMC,MTU-1010,2023-02-16,1.0,2020.0,2040.0,2040.0,2040.0,2040.0,2040.0,2040.0,0.0,1.2131806507799106e-05,0.0,0.0,1.0,1.0,2,3,2023-02-23,2040.0
Rajahmundry APMC,Swarna Masuri (New),2023-02-16,0.5,2060.0,2060.0,2060.0,2060.0,2060.0,2060.0,2060.0,0.0,1.3424599555027743e-05,0.0,0.0,1.0,1.0,2,3,2023-02-23,2060.0
Banaganapalli APMC,Sona Mahsuri,2023-02-16,1.0,1900.0,2150.0,2050.0,2050.0,2000.0,2035.7142857142856,2007.142857142857,24.39750182371263,38.516444325982015,0.0,50.0,1.0070175438596491,1.0213523131672595,2,3,2023-02-23,2050.0
Atmakur (Nandyal District) APMC,Sona Mahsuri,2023-02-16,0.01,2040.0,2040.0,2040.0,2040.0,2040.0,2040.0,2040.0,0.0,0.0,0.0,0.0,1.0,1.0,2,3,2023-02-23,2040.0
Rajahmundry APMC,Paddy,2023-02-16,0.5,2040.0,2040.0,2040.0,2040.0,2040.0,2040.0,2040.0,0.0,0.0,0.0,0.0,1.0,1.0,2,3,2023-02-23,2040.0
Atmakur (Nandyal District) APMC,Sona Mahsuri,2023-02-17,0.01,2040.0,2040.0,2040.0,2040.0,2040.0,2040.0,2040.0,0.0,0.0,0.0,0.0,1.0,1.0,2,4,2023-02-24,2040.0
Banaganapalli APMC,Sona Mahsuri,2023-02-17,1.0,1900.0,2150.0,2050.0,2050.0,2000.0,2042.857142857143,2010.7142857142856,18.898223650460334,40.0891862868635,0.0,50.0,1.0034965034965035,1.019538188277087,2,4,2023-02-24,2050.0
Rajahmundry APMC,Paddy,2023-02-17,0.5,2040.0,2040.0,2040.0,2040.0,2040.0,2040.0,2040.0,0.0,0.0,0.0,0.0,1.0,1.0,2,4,2023-02-24,2040.0
Rajahmundry APMC,Swarna Masuri (New),2023-02-17,0.5,2060.0,2060.0,2060.0,2060.0,2060.0,2060.0,2060.0,0.0,1.3424599555027743e-05,0.0,0.0,1.0,1.0,2,4,2023-02-24,2060.0
Atmakur (Nandyal District) APMC,Sona Mahsuri,2023-02-18,0.01,2040.0,2040.0,2040.0,2040.0,2040.0,2040.0,2040.0,0.0,0.0,0.0,0.0,1.0,1.0,2,5,2023-02-25,2040.0
Banaganapalli APMC,Sona Mahsuri,2023-02-18,1.0,1850.0,2200.0,2050.0,2050.0,2050.0,2050.0,2014.2857142857144,0.0,41.27101529277768,0.0,0.0,1.0,1.017730496453901,2,5,2023-02-25,2050.0
Rajahmundry APMC,Paddy,2023-02-18,0.5,2040.0,2040.0,2040.0,2040.0,2040.0,2040.0,2040.0,0.0,0.0,0.0,0.0,1.0,1.0,2,5,2023-02-25,2040.0
Rajahmundry APMC,Swarna Masuri (New),2023-02-18,0.5,2060.0,2060.0,2060.0,2060.0,2060.0,2060.0,2060.0,0.0,1.3424599555027743e-05,0.0,0.0,1.0,1.0,2,5,2023-02-25,2060.0
Tanuku APMC,MTU-1010,2023-02-18,1.0,2020.0,2060.0,2040.0,2040.0,2040.0,2040.0,2040.0,0.0,1.2131806507799106e-05,0.0,0.0,1.0,1.0,2,5,2023-02-25,2040.0
Tanuku APMC,MTU-1010,2023-02-19,1.0,2020.0,2060.0,2040.0,2040.0,2040.0,2040.0,2040.0,0.0,1.2131806507799106e-05,0.0,0.0,1.0,1.0,2,6,2023-02-27,2040.0
Rajahmundry APMC,Swarna Masuri (New),2023-02-19,0.5,2060.0,2060.0,2060.0,2060.0,2060.0,2060.0,2060.0,0.0,1.3424599555027743e-05,0.0,0.0,1.0,1.0,2,6,2023-02-26,2060.0
Rajahmundry APMC,Paddy,2023-02-19,0.5,2040.0,2040.0,2040.0,2040.0,2040.0,2040.0,2040.0,0.0,0.0,0.0,0.0,1.0,1.0,2,6,2023-02-26,2040.0
Atmakur (Nandyal District) APMC,Sona Mahsuri,2023-02-19,0.01,2040.0,2040.0,2040.0,2040.0,2040.0,2040.0,2040.0,0.0,0.0,0.0,0.0,1.0,1.0,2,6,2023-02-26,2040.0
Banaganapalli APMC,Sona Mahsuri,2023-02-19,1.0,1850.0,2200.0,2050.0,2050.0,2050.0,2050.0,2021.4285714285716,0.0,37.796447300922495,0.0,0.0,1.0,1.0141342756183749,2,6,2023-02-26,2050.0
Atmakur (Nandyal District) APMC,Sona Mahsuri,2023-02-20,0.01,2040.0,2040.0,2040.0,2040.0,2040.0,2040.0,2040.0,0.0,0.0,0.0,0.0,1.0,1.0,2,0,2023-02-27,2040.0
Banaganapalli APMC,Sona Mahsuri,2023-02-20,1.0,1850.0,2200.0,2050.0,2050.0,2050.0,2050.0,2028.571428571429,0.0,32.31030863294284,0.0,0.0,1.0,1.01056338028169,2,0,2023-02-27,2050.0
Rajahmundry APMC,Paddy,2023-02-20,0.5,2040.0,2040.0,2040.0,2040.0,2040.0,2040.0,2040.0,0.0,0.0,0.0,0.0,1.0,1.0,2,0,2023-02-27,2040.0
Rajahmundry APMC,Swarna Masuri (New),2023-02-20,0.5,2060.0,2060.0,2060.0,2060.0,2060.0,2060.0,2060.0,0.0,1.3424599555027743e-05,0.0,0.0,1.0,1.0,2,0,2023-02-27,2060.0
Tanuku APMC,MTU-1010,2023-02-20,1.0,2020.0,2060.0,2040.0,2040.0,2040.0,2040.0,2040.0,0.0,1.2131806507799106e-05,0.0,0.0,1.0,1.0,2,0,2023-02-27,2040.0
Atmakur (Nandyal District) APMC,Sona Mahsuri,2023-02-21,0.01,2040.0,2040.0,2040.0,2040.0,2040.0,2040.0,2040.0,0.0,0.0,0.0,0.0,1.0,1.0,2,1,2023-02-28,2040.0
Banaganapalli APMC,Sona Mahsuri,2023-02-21,1.0,1850.0,2200.0,2050.0,2050.0,2050.0,2050.0,2035.7142857142856,0.0,23.44036154692417,0.0,0.0,1.0,1.0070175438596491,2,1,2023-02-28,2050.0
Rajahmundry APMC,Paddy,2023-02-21,0.5,2040.0,2040.0,2040.0,2040.0,2040.0,2040.0,2040.0,0.0,0.0,0.0,0.0,1.0,1.0,2,1,2023-02-28,2040.0
Rajahmundry APMC,Swarna Masuri (New),2023-02-21,0.5,2060.0,2060.0,2060.0,2060.0,2060.0,2060.0,2060.0,0.0,1.3424599555027743e-05,0.0,0.0,1.0,1.0,2,1,2023-02-28,2060.0
Tanuku APMC,MTU-1010,2023-02-21,1.0,2020.0,2060.0,2040.0,2040.0,2040.0,2040.0,2040.0,0.0,1.2131806507799106e-05,0.0,0.0,1.0,1.0,2,1,2023-02-28,2040.0
Tanuku APMC,MTU-1010,2023-02-22,1.0,2020.0,2060.0,2040.0,2040.0,2040.0,2040.0,2040.0,0.0,1.2131806507799106e-05,0.0,0.0,1.0,1.0,2,2,2023-03-01,2040.0
Rajahmundry APMC,Swarna Masuri (New),2023-02-22,0.5,2060.0,2060.0,2060.0,2060.0,2060.0,2060.0,2060.0,0.0,1.3424599555027743e-05,0.0,0.0,1.0,1.0,2,2,2023-03-01,2060.0
Atmakur (Nandyal District) APMC,Sona Mahsuri,2023-02-22,0.01,2040.0,2040.0,2040.0,2040.0,2040.0,2040.0,2040.0,0.0,0.0,0.0,0.0,1.0,1.0,2,2,2023-03-01,2040.0
Banaganapalli APMC,Sona Mahsuri,2023-02-22,1.0,1850.0,2200.0,2050.0,2050.0,2050.0,2050.0,2039.2857142857144,0.0,21.290765681315285,0.0,0.0,1.0,1.0052539404553416,2,2,2023-03-01,2050.0
Rajahmundry APMC,Paddy,2023-02-22,0.5,2040.0,2040.0,2040.0,2040.0,2040.0,2040.0,2040.0,0.0,0.0,0.0,0.0,1.0,1.0,2,2,2023-03-01,2040.0
Atmakur (Nandyal District) APMC,Sona Mahsuri,2023-02-23,0.01,2040.0,2040.0,2040.0,2040.0,2040.0,2040.0,2040.0,0.0,0.0,0.0,0.0,1.0,1.0,2,3,2023-03-02,2040.0
Banaganapalli APMC,Sona Mahsuri,2023-02-23,1.0,1850.0,2150.0,2050.0,2050.0,2050.0,2050.0,2042.857142857143,0.0,18.156825980063136,0.0,0.0,1.0,1.0034965034965035,2,3,2023-03-02,2050.0
Rajahmundry APMC,Paddy,2023-02-23,0.5,2040.0,2040.0,2040.0,2040.0,2040.0,2040.0,2040.0,0.0,0.0,0.0,0.0,1.0,1.0,2,3,2023-03-02,2040.0
Rajahmundry APMC,Swarna Masuri (New),2023-02-23,0.5,2060.0,2060.0,2060.0,2060.0,2060.0,2060.0,2060.0,0.0,1.3424599555027743e-05,0.0,0.0,1.0,1.0,2,3,2023-03-02,2060.0
Tanuku APMC,MTU-1010,2023-02-23,1.0,2020.0,2060.0,2040.0,2040.0,2040.0,2040.0,2040.0,0.0,1.2131806507799106e-05,0.0,0.0,1.0,1.0,2,3,2023-03-02,2040.0
Atmakur (Nandyal District) APMC,Sona Mahsuri,2023-02-24,0.01,2040.0,2040.0,2040.0,2040.0,2040.0,2040.0,2040.0,0.0,0.0,0.0,0.0,1.0,1.0,2,4,2023-03-03,2040.0
Banaganapalli APMC,Sona Mahsuri,2023-02-24,1.0,1850.0,2150.0,2050.0,2050.0,2050.0,2050.0,2046.4285714285716,0.0,13.363062095619815,0.0,0.0,1.0,1.0017452006980805,2,4,2023-03-03,2050.0
Rajahmundry APMC,Paddy,2023-02-24,0.5,2040.0,2040.0,2040.0,2040.0,2040.0,2040.0,2040.0,0.0,0.0,0.0,0.0,1.0,1.0,2,4,2023-03-04,2040.0
Rajahmundry APMC,Swarna Masuri (New),2023-02-24,0.5,2060.0,2060.0,2060.0,2060.0,2060.0,2060.0,2060.0,0.0,1.3424599555027743e-05,0.0,0.0,1.0,1.0,2,4,2023-03-04,2060.0
Tanuku APMC,MTU-1010,2023-02-24,1.0,2020.0,2060.0,2040.0,2040.0,2040.0,2040.0,2040.0,0.0,1.2131806507799106e-05,0.0,0.0,1.0,1.0,2,4,2023-03-03,2040.0
Rajahmundry APMC,Swarna Masuri (New),2023-02-25,0.5,2060.0,2060.0,2060.0,2060.0,2060.0,2060.0,2060.0,0.0,1.3424599555027743e-05,0.0,0.0,1.0,1.0,2,5,2023-03-04,2060.0
Tanuku APMC,MTU-1010,2023-02-25,1.0,2020.0,2060.0,2040.0,2040.0,2040.0,2040.0,2040.0,0.0,1.2131806507799106e-05,0.0,0.0,1.0,1.0,2,5,2023-03-04,2040.0
Banaganapalli APMC,Sona Mahsuri,2023-02-25,1.0,1850.0,2150.0,2050.0,2050.0,2050.0,2050.0,2050.0,0.0,0.0,0.0,0.0,1.0,1.0,2,5,2023-03-04,2050.0
Atmakur (Nandyal District) APMC,Sona Mahsuri,2023-02-25,0.01,2040.0,2040.0,2040.0,2040.0,2040.0,2040.0,2040.0,0.0,0.0,0.0,0.0,1.0,1.0,2,5,2023-03-04,2040.0
Rajahmundry APMC,Paddy,2023-02-25,0.5,2040.0,2040.0,2040.0,2040.0,2040.0,2040.0,2040.0,0.0,0.0,0.0,0.0,1.0,1.0,2,5,2023-03-04,2040.0
Atmakur (Nandyal District) APMC,Sona Mahsuri,2023-02-26,0.01,2040.0,2040.0,2040.0,2040.0,2040.0,2040.0,2040.0,0.0,0.0,0.0,0.0,1.0,1.0,2,6,2023-03-05,2040.0
Banaganapalli APMC,Sona Mahsuri,2023-02-26,1.0,1850.0,2150.0,2050.0,2050.0,2050.0,2050.0,2050.0,0.0,0.0,0.0,0.0,1.0,1.0,2,6,2023-03-05,2050.0
Rajahmundry APMC,Paddy,2023-02-26,0.5,2040.0,2040.0,2040.0,2040.0,2040.0,2040.0,2040.0,0.0,0.0,0.0,0.0,1.0,1.0,2,6,2023-03-05,2040.0
Rajahmundry APMC,Swarna Masuri (New),2023-02-26,0.5,2060.0,2060.0,2060.0,2060.0,2060.0,2060.0,2060.0,0.0,1.3424599555027743e-05,0.0,0.0,1.0,1.0,2,6,2023-03-05,2060.0
Atmakur (Nandyal District) APMC,Sona Mahsuri,2023-02-27,0.01,2040.0,2040.0,2040.0,2040.0,2040.0,2040.0,2040.0,0.0,0.0,0.0,0.0,1.0,1.0,2,0,2023-03-06,2040.0
Banaganapalli APMC,Sona Mahsuri,2023-02-27,1.0,1850.0,2150.0,2050.0,2050.0,2050.0,2050.0,2050.0,0.0,0.0,0.0,0.0,1.0,1.0,2,0,2023-03-06,2050.0
Rajahmundry APMC,Paddy,2023-02-27,0.5,2040.0,2040.0,2040.0,2040.0,2040.0,2040.0,2040.0,0.0,0.0,0.0,0.0,1.0,1.0,2,0,2023-03-06,2040.0
Rajahmundry APMC,Swarna Masuri (New),2023-02-27,0.5,2060.0,2060.0,2060.0,2060.0,2060.0,2060.0,2060.0,0.0,1.3424599555027743e-05,0.0,0.0,1.0,1.0,2,0,2023-03-06,2060.0
Tanuku APMC,MTU-1010,2023-02-27,1.0,2020.0,2060.0,2040.0,2040.0,2040.0,2040.0,2040.0,0.0,1.2131806507799106e-05,0.0,0.0,1.0,1.0,2,0,2023-03-06,2040.0
Tanuku APMC,MTU-1010,2023-02-28,1.0,2020.0,2060.0,2040.0,2040.0,2040.0,2040.0,2040.0,0.0,1.2131806507799106e-05,0.0,0.0,1.0,1.0,2,1,2023-03-10,2040.0
Rajahmundry APMC,Swarna Masuri (New),2023-02-28,0.5,2060.0,2060.0,2060.0,2060.0,2060.0,2060.0,2060.0,0.0,1.3424599555027743e-05,0.0,0.0,1.0,1.0,2,1,2023-03-07,2060.0
Rajahmundry APMC,Paddy,2023-02-28,0.5,2040.0,2040.0,2040.0,2040.0,2040.0,2040.0,2040.0,0.0,0.0,0.0,0.0,1.0,1.0,2,1,2023-03-07,2040.0
Atmakur (Nandyal District) APMC,Sona Mahsuri,2023-02-28,0.01,2040.0,2040.0,2040.0,2040.0,2040.0,2040.0,2040.0,0.0,0.0,0.0,0.0,1.0,1.0,2,1,2023-03-07,2040.0
Banaganapalli APMC,Sona Mahsuri,2023-02-28,1.0,1850.0,2200.0,2050.0,2050.0,2050.0,2050.0,2050.0,0.0,0.0,0.0,0.0,1.0,1.0,2,1,2023-03-07,2050.0
Atmakur (Nandyal District) APMC,Sona Mahsuri,2023-03-01,0.01,2040.0,2040.0,2040.0,2040.0,2040.0,2040.0,2040.0,0.0,0.0,0.0,0.0,1.0,1.0,3,2,2023-03-08,2040.0
Banaganapalli APMC,Sona Mahsuri,2023-03-01,1.0,1850.0,2200.0,2050.0,2050.0,2050.0,2050.0,2050.0,0.0,0.0,0.0,0.0,1.0,1.0,3,2,2023-03-08,2050.0
Rajahmundry APMC,Paddy,2023-03-01,0.5,2040.0,2040.0,2040.0,2040.0,2040.0,2040.0,2040.0,0.0,0.0,0.0,0.0,1.0,1.0,3,2,2023-03-08,2040.0
Rajahmundry APMC,Swarna Masuri (New),2023-03-01,0.5,2060.0,2060.0,2060.0,2060.0,2060.0,2060.0,2060.0,0.0,1.3424599555027743e-05,0.0,0.0,1.0,1.0,3,2,2023-03-08,2060.0
Tanuku APMC,MTU-1010,2023-03-01,1.0,2020.0,2060.0,2040.0,2040.0,2040.0,2040.0,2040.0,0.0,1.2131806507799106e-05,0.0,0.0,1.0,1.0,3,2,2023-03-10,2040.0
Tanuku APMC,MTU-1010,2023-03-02,1.0,2020.0,2060.0,2040.0,2040.0,2040.0,2040.0,2040.0,0.0,1.2131806507799106e-05,0.0,0.0,1.0,1.0,3,3,2023-03-10,2040.0
Atmakur (Nandyal District) APMC,Sona Mahsuri,2023-03-02,0.01,2040.0,2040.0,2040.0,2040.0,2040.0,2040.0,2040.0,0.0,0.0,0.0,0.0,1.0,1.0,3,3,2023-03-09,2040.0
Banaganapalli APMC,Sona Mahsuri,2023-03-02,1.0,1850.0,2200.0,2050.0,2050.0,2050.0,2050.0,2050.0,0.0,0.0,0.0,0.0,1.0,1.0,3,3,2023-03-09,2050.0
Rajahmundry APMC,Paddy,2023-03-02,0.5,2040.0,2040.0,2040.0,2040.0,2040.0,2040.0,2040.0,0.0,0.0,0.0,0.0,1.0,1.0,3,3,2023-03-09,2040.0
Rajahmundry APMC,Swarna Masuri (New),2023-03-02,0.5,2060.0,2060.0,2060.0,2060.0,2060.0,2060.0,2060.0,0.0,1.3424599555027743e-05,0.0,0.0,1.0,1.0,3,3,2023-03-09,2060.0
Banaganapalli APMC,Sona Mahsuri,2023-03-03,1.0,1850.0,2200.0,2050.0,2050.0,2050.0,2050.0,2050.0,0.0,0.0,0.0,0.0,1.0,1.0,3,4,2023-03-10,2050.0
Tanuku APMC,MTU-1010,2023-03-03,1.0,2020.0,2060.0,2040.0,2040.0,2040.0,2040.0,2040.0,0.0,1.2131806507799106e-05,0.0,0.0,1.0,1.0,3,4,2023-03-10,2040.0
Atmakur (Nandyal District) APMC,Sona Mahsuri,2023-03-03,0.01,2040.0,2040.0,2040.0,2040.0,2040.0,2040.0,2040.0,0.0,0.0,0.0,0.0,1.0,1.0,3,4,2023-03-10,2040.0
Atmakur (Nandyal District) APMC,Sona Mahsuri,2023-03-04,0.01,2040.0,2040.0,2040.0,2040.0,2040.0,2040.0,2040.0,0.0,0.0,0.0,0.0,1.0,1.0,3,5,2023-03-12,2040.0
Banaganapalli APMC,Sona Mahsuri,2023-03-04,1.0,1850.0,2200.0,2050.0,2050.0,2050.0,2050.0,2050.0,0.0,0.0,0.0,0.0,1.0,1.0,3,5,2023-03-11,2050.0
Rajahmundry APMC,Paddy,2023-03-04,0.5,2040.0,2040.0,2040.0,2040.0,2040.0,2040.0,2040.0,0.0,0.0,0.0,0.0,1.0,1.0,3,5,2023-03-11,2040.0
Rajahmundry APMC,Swarna Masuri (New),2023-03-04,0.5,2060.0,2060.0,2060.0,2060.0,2060.0,2060.0,2060.0,0.0,1.3424599555027743e-05,0.0,0.0,1.0,1.0,3,5,2023-03-11,2060.0
Tanuku APMC,MTU-1010,2023-03-04,1.0,2020.0,2060.0,2040.0,2040.0,2040.0,2040.0,2040.0,0.0,1.2131806507799106e-05,0.0,0.0,1.0,1.0,3,5,2023-03-11,2040.0
Atmakur (Nandyal District) APMC,Sona Mahsuri,2023-03-05,0.01,2040.0,2040.0,2040.0,2040.0,2040.0,2040.0,2040.0,0.0,0.0,0.0,0.0,1.0,1.0,3,6,2023-03-12,2040.0
Banaganapalli APMC,Sona Mahsuri,2023-03-05,1.0,1850.0,2200.0,2050.0,2050.0,2050.0,2050.0,2050.0,0.0,0.0,0.0,0.0,1.0,1.0,3,6,2023-03-12,2050.0
Rajahmundry APMC,Paddy,2023-03-05,0.5,2040.0,2040.0,2040.0,2040.0,2040.0,2040.0,2040.0,0.0,0.0,0.0,0.0,1.0,1.0,3,6,2023-03-12,2040.0
Rajahmundry APMC,Swarna Masuri (New),2023-03-05,0.5,2060.0,2060.0,2060.0,2060.0,2060.0,2060.0,2060.0,0.0,1.3424599555027743e-05,0.0,0.0,1.0,1.0,3,6,2023-03-12,2060.0
Tanuku APMC,MTU-1010,2023-03-05,1.0,2020.0,2060.0,2040.0,2040.0,2040.0,2040.0,2040.0,0.0,1.2131806507799106e-05,0.0,0.0,1.0,1.0,3,6,2023-03-12,2040.0
Tanuku APMC,MTU-1010,2023-03-06,1.0,2020.0,2060.0,2040.0,2040.0,2040.0,2040.0,2040.0,0.0,1.2131806507799106e-05,0.0,0.0,1.0,1.0,3,0,2023-03-13,2040.0
Rajahmundry APMC,Swarna Masuri (New),2023-03-06,0.5,2060.0,2060.0,2060.0,2060.0,2060.0,2060.0,2060.0,0.0,1.3424599555027743e-05,0.0,0.0,1.0,1.0,3,0,2023-03-13,2060.0
Rajahmundry APMC,Paddy,2023-03-06,0.5,2040.0,2040.0,2040.0,2040.0,2040.0,2040.0,2040.0,0.0,0.0,0.0,0.0,1.0,1.0,3,0,2023-03-13,2040.0
Banaganapalli APMC,Sona Mahsuri,2023-03-06,1.0,1850.0,2200.0,2050.0,2050.0,2050.0,2050.0,2050.0,0.0,0.0,0.0,0.0,1.0,1.0,3,0,2023-03-13,2050.0
Atmakur (Nandyal District) APMC,Sona Mahsuri,2023-03-06,0.01,2040.0,2040.0,2040.0,2040.0,2040.0,2040.0,2040.0,0.0,0.0,0.0,0.0,1.0,1.0,3,0,2023-03-13,2040.0
Atmakur (Nandyal District) APMC,Sona Mahsuri,2023-03-07,0.01,2040.0,2040.0,2040.0,2040.0,2040.0,2040.0,2040.0,0.0,0.0,0.0,0.0,1.0,1.0,3,1,2023-03-14,2040.0
Banaganapalli APMC,Sona Mahsuri,2023-03-07,1.0,1850.0,2200.0,2050.0,2050.0,2050.0,2050.0,2050.0,0.0,0.0,0.0,0.0,1.0,1.0,3,1,2023-03-14,2050.0
Rajahmundry APMC,Paddy,2023-03-07,0.5,2040.0,2040.0,2040.0,2040.0,2040.0,2040.0,2040.0,0.0,0.0,0.0,0.0,1.0,1.0,3,1,2023-03-14,2040.0
Rajahmundry APMC,Swarna Masuri (New),2023-03-07,0.5,2060.0,2060.0,2060.0,2060.0,2060.0,2060.0,2060.0,0.0,1.3424599555027743e-05,0.0,0.0,1.0,1.0,3,1,2023-03-14,2060.0
Atmakur (Nandyal District) APMC,Sona Mahsuri,2023-03-08,0.01,2040.0,2040.0,2040.0,2040.0,2040.0,2040.0,2040.0,0.0,0.0,0.0,0.0,1.0,1.0,3,2,2023-03-15,2040.0
Rajahmundry APMC,Paddy,2023-03-08,0.5,2040.0,2040.0,2040.0,2040.0,2040.0,2040.0,2040.0,0.0,0.0,0.0,0.0,1.0,1.0,3,2,2023-03-15,2040.0
Rajahmundry APMC,Swarna Masuri (New),2023-03-08,0.5,2060.0,2060.0,2060.0,2060.0,2060.0,2060.0,2060.0,0.0,1.3424599555027743e-05,0.0,0.0,1.0,1.0,3,2,2023-03-15,2060.0
Atmakur (Nandyal District) APMC,Sona Mahsuri,2023-03-09,0.01,2040.0,2040.0,2040.0,2040.0,2040.0,2040.0,2040.0,0.0,0.0,0.0,0.0,1.0,1.0,3,3,2023-03-16,2040.0
Rajahmundry APMC,Paddy,2023-03-09,0.5,2040.0,2040.0,2040.0,2040.0,2040.0,2040.0,2040.0,0.0,0.0,0.0,0.0,1.0,1.0,3,3,2023-03-16,2040.0
Rajahmundry APMC,Swarna Masuri (New),2023-03-09,0.5,2060.0,2060.0,2060.0,2060.0,2060.0,2060.0,2060.0,0.0,1.3424599555027743e-05,0.0,0.0,1.0,1.0,3,3,2023-03-16,2060.0
Rajahmundry APMC,Swarna Masuri (New),2023-03-10,0.5,2060.0,2060.0,2060.0,2060.0,2060.0,2060.0,2060.0,0.0,1.3424599555027743e-05,0.0,0.0,1.0,1.0,3,4,2023-03-17,2060.0
Rajahmundry APMC,Paddy,2023-03-10,0.5,2040.0,2040.0,2040.0,2040.0,2040.0,2040.0,2040.0,0.0,0.0,0.0,0.0,1.0,1.0,3,4,2023-03-17,2040.0
Atmakur (Nandyal District) APMC,Sona Mahsuri,2023-03-10,0.01,2040.0,2040.0,2040.0,2040.0,2040.0,2040.0,2040.0,0.0,0.0,0.0,0.0,1.0,1.0,3,4,2023-03-17,2040.0
Rajahmundry APMC,Paddy,2023-03-11,0.5,2040.0,2040.0,2040.0,2040.0,2040.0,2040.0,2040.0,0.0,0.0,0.0,0.0,1.0,1.0,3,5,2023-03-18,2040.0
Rajahmundry APMC,Swarna Masuri (New),2023-03-11,0.5,2060.0,2060.0,2060.0,2060.0,2060.0,2060.0,2060.0,0.0,1.3424599555027743e-05,0.0,0.0,1.0,1.0,3,5,2023-03-18,2060.0
Atmakur (Nandyal District) APMC,Sona Mahsuri,2023-03-12,0.01,2040.0,2040.0,2040.0,2040.0,2040.0,2040.0,2040.0,0.0,0.0,0.0,0.0,1.0,1.0,3,6,2023-03-19,2040.0
Rajahmundry APMC,Paddy,2023-03-12,0.5,2040.0,2040.0,2040.0,2040.0,2040.0,2040.0,2040.0,0.0,0.0,0.0,0.0,1.0,1.0,3,6,2023-03-19,2040.0
Rajahmundry APMC,Swarna Masuri (New),2023-03-12,0.5,2060.0,2060.0,2060.0,2060.0,2060.0,2060.0,2060.0,0.0,1.3424599555027743e-05,0.0,0.0,1.0,1.0,3,6,2023-03-19,2060.0
Tanuku APMC,MTU-1010,2023-03-12,1.0,2020.0,2080.0,2040.0,2040.0,2040.0,2040.0,2040.0,0.0,1.2131806507799106e-05,0.0,0.0,1.0,1.0,3,6,2023-03-26,2040.0
Atmakur (Nandyal District) APMC,Sona Mahsuri,2023-03-13,0.01,2040.0,2040.0,2040.0,2040.0,2040.0,2040.0,2040.0,0.0,0.0,0.0,0.0,1.0,1.0,3,0,2023-03-20,2040.0
Rajahmundry APMC,Paddy,2023-03-13,0.5,2040.0,2040.0,2040.0,2040.0,2040.0,2040.0,2040.0,0.0,0.0,0.0,0.0,1.0,1.0,3,0,2023-03-20,2040.0
Rajahmundry APMC,Swarna Masuri (New),2023-03-13,0.5,2060.0,2060.0,2060.0,2060.0,2060.0,2060.0,2060.0,0.0,1.3424599555027743e-05,0.0,0.0,1.0,1.0,3,0,2023-03-20,2060.0
Tanuku APMC,MTU-1010,2023-03-13,1.0,2020.0,2080.0,2040.0,2040.0,2040.0,2040.0,2040.0,0.0,1.2131806507799106e-05,0.0,0.0,1.0,1.0,3,0,2023-03-26,2040.0
Rajahmundry APMC,Paddy,2023-03-14,0.5,2040.0,2040.0,2040.0,2040.0,2040.0,2040.0,2040.0,0.0,0.0,0.0,0.0,1.0,1.0,3,1,2023-03-21,2040.0
Rajahmundry APMC,Swarna Masuri (New),2023-03-14,0.5,2060.0,2060.0,2060.0,2060.0,2060.0,2060.0,2060.0,0.0,1.3424599555027743e-05,0.0,0.0,1.0,1.0,3,1,2023-03-21,2060.0
Atmakur (Nandyal District) APMC,Sona Mahsuri,2023-03-14,0.01,2040.0,2040.0,2040.0,2040.0,2040.0,2040.0,2040.0,0.0,0.0,0.0,0.0,1.0,1.0,3,1,2023-03-21,2040.0
Atmakur (Nandyal District) APMC,Sona Mahsuri,2023-03-15,0.01,2040.0,2040.0,2040.0,2040.0,2040.0,2040.0,2040.0,0.0,0.0,0.0,0.0,1.0,1.0,3,2,2023-03-22,2040.0
Rajahmundry APMC,Paddy,2023-03-15,0.5,2040.0,2040.0,2040.0,2040.0,2040.0,2040.0,2040.0,0.0,0.0,0.0,0.0,1.0,1.0,3,2,2023-03-22,2040.0
Rajahmundry APMC,Swarna Masuri (New),2023-03-15,0.5,2060.0,2060.0,2060.0,2060.0,2060.0,2060.0,2060.0,0.0,1.3424599555027743e-05,0.0,0.0,1.0,1.0,3,2,2023-03-22,2060.0
Atmakur (Nandyal District) APMC,Sona Mahsuri,2023-03-16,0.01,2040.0,2040.0,2040.0,2040.0,2040.0,2040.0,2040.0,0.0,0.0,0.0,0.0,1.0,1.0,3,3,2023-03-23,2040.0
Rajahmundry APMC,Paddy,2023-03-16,0.5,2040.0,2040.0,2040.0,2040.0,2040.0,2040.0,2040.0,0.0,0.0,0.0,0.0,1.0,1.0,3,3,2023-03-23,2040.0
Rajahmundry APMC,Swarna Masuri (New),2023-03-16,0.5,2060.0,2060.0,2060.0,2060.0,2060.0,2060.0,2060.0,0.0,1.3424599555027743e-05,0.0,0.0,1.0,1.0,3,3,2023-03-23,2060.0
Atmakur (Nandyal District) APMC,Sona Mahsuri,2023-03-17,0.01,2040.0,2040.0,2040.0,2040.0,2040.0,2040.0,2040.0,0.0,0.0,0.0,0.0,1.0,1.0,3,4,2023-03-24,2040.0
Rajahmundry APMC,Paddy,2023-03-17,0.5,2040.0,2040.0,2040.0,2040.0,2040.0,2040.0,2040.0,0.0,0.0,0.0,0.0,1.0,1.0,3,4,2023-03-24,2040.0
Rajahmundry APMC,Swarna Masuri (New),2023-03-17,0.5,2060.0,2060.0,2060.0,2060.0,2060.0,2060.0,2060.0,0.0,1.3424599555027743e-05,0.0,0.0,1.0,1.0,3,4,2023-03-24,2060.0
Rajahmundry APMC,Swarna Masuri (New),2023-03-18,0.5,2060.0,2060.0,2060.0,2060.0,2060.0,2060.0,2060.0,0.0,1.3424599555027743e-05,0.0,0.0,1.0,1.0,3,5,2023-03-25,2060.0
Atmakur (Nandyal District) APMC,Sona Mahsuri,2023-03-18,0.01,2040.0,2040.0,2040.0,2040.0,2040.0,2040.0,2040.0,0.0,0.0,0.0,0.0,1.0,1.0,3,5,2023-03-25,2040.0
Rajahmundry APMC,Paddy,2023-03-18,0.5,2040.0,2040.0,2040.0,2040.0,2040.0,2040.0,2040.0,0.0,0.0,0.0,0.0,1.0,1.0,3,5,2023-03-25,2040.0
Rajahmundry APMC,Paddy,2023-03-19,0.5,2040.0,2040.0,2040.0,2040.0,2040.0,2040.0,2040.0,0.0,0.0,0.0,0.0,1.0,1.0,3,6,2023-03-26,2040.0
Rajahmundry APMC,Swarna Masuri (New),2023-03-19,0.5,2060.0,2060.0,2060.0,2060.0,2060.0,2060.0,2060.0,0.0,1.3424599555027743e-05,0.0,0.0,1.0,1.0,3,6,2023-03-26,2060.0
Atmakur (Nandyal District) APMC,Sona Mahsuri,2023-03-19,0.01,2040.0,2040.0,2040.0,2040.0,2040.0,2040.0,2040.0,0.0,0.0,0.0,0.0,1.0,1.0,3,6,2023-03-26,2040.0
Atmakur (Nandyal District) APMC,Sona Mahsuri,2023-03-20,0.01,2040.0,2040.0,2040.0,2040.0,2040.0,2040.0,2040.0,0.0,0.0,0.0,0.0,1.0,1.0,3,0,2023-03-27,2040.0
Rajahmundry APMC,Paddy,2023-03-20,0.5,2040.0,2040.0,2040.0,2040.0,2040.0,2040.0,2040.0,0.0,0.0,0.0,0.0,1.0,1.0,3,0,2023-03-27,2040.0
Rajahmundry APMC,Swarna Masuri (New),2023-03-20,0.5,2060.0,2060.0,2060.0,2060.0,2060.0,2060.0,2060.0,0.0,1.3424599555027743e-05,0.0,0.0,1.0,1.0,3,0,2023-03-27,2060.0
Atmakur (Nandyal District) APMC,Sona Mahsuri,2023-03-21,0.01,2040.0,2040.0,2040.0,2040.0,2040.0,2040.0,2040.0,0.0,0.0,0.0,0.0,1.0,1.0,3,1,2023-03-28,2040.0
Rajahmundry APMC,Paddy,2023-03-21,0.5,2040.0,2040.0,2040.0,2040.0,2040.0,2040.0,2040.0,0.0,0.0,0.0,0.0,1.0,1.0,3,1,2023-03-28,2040.0
Rajahmundry APMC,Swarna Masuri (New),2023-03-21,0.5,2060.0,2060.0,2060.0,2060.0,2060.0,2060.0,2060.0,0.0,1.3424599555027743e-05,0.0,0.0,1.0,1.0,3,1,2023-03-28,2060.0
Atmakur (Nandyal District) APMC,Sona Mahsuri,2023-03-22,0.01,2040.0,2040.0,2040.0,2040.0,2040.0,2040.0,2040.0,0.0,0.0,0.0,0.0,1.0,1.0,3,2,2023-03-29,2040.0
Rajahmundry APMC,Paddy,2023-03-22,0.5,2040.0,2040.0,2040.0,2040.0,2040.0,2040.0,2040.0,0.0,0.0,0.0,0.0,1.0,1.0,3,2,2023-03-29,2040.0
Rajahmundry APMC,Swarna Masuri (New),2023-03-22,0.5,2060.0,2060.0,2060.0,2060.0,2060.0,2060.0,2060.0,0.0,1.3424599555027743e-05,0.0,0.0,1.0,1.0,3,2,2023-03-29,2060.0
Atmakur (Nandyal District) APMC,Sona Mahsuri,2023-03-23,0.01,2040.0,2040.0,2040.0,2040.0,2040.0,2040.0,2040.0,0.0,0.0,0.0,0.0,1.0,1.0,3,3,2023-03-30,2040.0
Rajahmundry APMC,Paddy,2023-03-23,0.5,2040.0,2040.0,2040.0,2040.0,2040.0,2040.0,2040.0,0.0,0.0,0.0,0.0,1.0,1.0,3,3,2023-03-30,2040.0
Rajahmundry APMC,Swarna Masuri (New),2023-03-23,0.5,2060.0,2060.0,2060.0,2060.0,2060.0,2060.0,2060.0,0.0,1.3424599555027743e-05,0.0,0.0,1.0,1.0,3,3,2023-03-30,2060.0
Rajahmundry APMC,Swarna Masuri (New),2023-03-24,0.5,2060.0,2060.0,2060.0,2060.0,2060.0,2060.0,2060.0,0.0,1.3424599555027743e-05,0.0,0.0,1.0,1.0,3,4,2023-03-31,2060.0
Rajahmundry APMC,Paddy,2023-03-24,0.5,2040.0,2040.0,2040.0,2040.0,2040.0,2040.0,2040.0,0.0,0.0,0.0,0.0,1.0,1.0,3,4,2023-03-31,2040.0
Atmakur (Nandyal District) APMC,Sona Mahsuri,2023-03-24,0.01,2040.0,2040.0,2040.0,2040.0,2040.0,2040.0,2040.0,0.0,0.0,0.0,0.0,1.0,1.0,3,4,2023-03-31,2040.0
Atmakur (Nandyal District) APMC,Sona Mahsuri,2023-03-25,0.01,2040.0,2040.0,2040.0,2040.0,2040.0,2040.0,2040.0,0.0,0.0,0.0,0.0,1.0,1.0,3,5,2023-04-01,2040.0
Rajahmundry APMC,Paddy,2023-03-25,0.5,2040.0,2040.0,2040.0,2040.0,2040.0,2040.0,2040.0,0.0,0.0,0.0,0.0,1.0,1.0,3,5,2023-04-01,2040.0
Rajahmundry APMC,Swarna Masuri (New),2023-03-25,0.5,2060.0,2060.0,2060.0,2060.0,2060.0,2060.0,2060.0,0.0,1.3424599555027743e-05,0.0,0.0,1.0,1.0,3,5,2023-04-01,2060.0
Atmakur (Nandyal District) APMC,Sona Mahsuri,2023-03-26,0.01,2040.0,2040.0,2040.0,2040.0,2040.0,2040.0,2040.0,0.0,0.0,0.0,0.0,1.0,1.0,3,6,2023-04-02,2040.0
Rajahmundry APMC,Paddy,2023-03-26,0.5,2040.0,2040.0,2040.0,2040.0,2040.0,2040.0,2040.0,0.0,0.0,0.0,0.0,1.0,1.0,3,6,2023-04-02,2040.0
Rajahmundry APMC,Swarna Masuri (New),2023-03-26,0.5,2060.0,2060.0,2060.0,2060.0,2060.0,2060.0,2060.0,0.0,1.3424599555027743e-05,0.0,0.0,1.0,1.0,3,6,2023-04-02,2060.0
Tanuku APMC,MTU-1010,2023-03-26,1.0,2020.0,2060.0,2040.0,2040.0,2040.0,2040.0,2040.0,0.0,1.2131806507799106e-05,0.0,0.0,1.0,1.0,3,6,2023-04-07,2040.0
Atmakur (Nandyal District) APMC,Sona Mahsuri,2023-03-27,0.01,2040.0,2040.0,2040.0,2040.0,2040.0,2040.0,2040.0,0.0,0.0,0.0,0.0,1.0,1.0,3,0,2023-04-03,2040.0
Rajahmundry APMC,Paddy,2023-03-27,0.5,2040.0,2040.0,2040.0,2040.0,2040.0,2040.0,2040.0,0.0,0.0,0.0,0.0,1.0,1.0,3,0,2023-04-03,2040.0
Rajahmundry APMC,Swarna Masuri (New),2023-03-27,0.5,2060.0,2060.0,2060.0,2060.0,2060.0,2060.0,2060.0,0.0,1.3424599555027743e-05,0.0,0.0,1.0,1.0,3,0,2023-04-03,2060.0
Tanuku APMC,MTU-1010,2023-03-27,1.0,2020.0,2060.0,2040.0,2040.0,2040.0,2040.0,2040.0,0.0,1.2131806507799106e-05,0.0,0.0,1.0,1.0,3,0,2023-04-07,2040.0
Tanuku APMC,MTU-1010,2023-03-28,1.0,2020.0,2060.0,2040.0,2040.0,2040.0,2040.0,2040.0,0.0,1.2131806507799106e-05,0.0,0.0,1.0,1.0,3,1,2023-04-07,2040.0
Rajahmundry APMC,Paddy,2023-03-28,0.5,2040.0,2040.0,2040.0,2040.0,2040.0,2040.0,2040.0,0.0,0.0,0.0,0.0,1.0,1.0,3,1,2023-04-04,2040.0
Atmakur (Nandyal District) APMC,Sona Mahsuri,2023-03-28,0.01,2040.0,2040.0,2040.0,2040.0,2040.0,2040.0,2040.0,0.0,0.0,0.0,0.0,1.0,1.0,3,1,2023-04-04,2040.0
Rajahmundry APMC,Swarna Masuri (New),2023-03-28,0.5,2060.0,2060.0,2060.0,2060.0,2060.0,2060.0,2060.0,0.0,1.3424599555027743e-05,0.0,0.0,1.0,1.0,3,1,2023-04-04,2060.0
Atmakur (Nandyal District) APMC,Sona Mahsuri,2023-03-29,0.01,2040.0,2040.0,2040.0,2040.0,2040.0,2040.0,2040.0,0.0,0.0,0.0,0.0,1.0,1.0,3,2,2023-04-05,2040.0
Rajahmundry APMC,Paddy,2023-03-29,0.5,2040.0,2040.0,2040.0,2040.0,2040.0,2040.0,2040.0,0.0,0.0,0.0,0.0,1.0,1.0,3,2,2023-04-07,2040.0
Rajahmundry APMC,Swarna Masuri (New),2023-03-29,0.5,2060.0,2060.0,2060.0,2060.0,2060.0,2060.0,2060.0,0.0,1.3424599555027743e-05,0.0,0.0,1.0,1.0,3,2,2023-04-07,2060.0
Atmakur (Nandyal District) APMC,Sona Mahsuri,2023-03-30,0.01,2040.0,2040.0,2040.0,2040.0,2040.0,2040.0,2040.0,0.0,0.0,0.0,0.0,1.0,1.0,3,3,2023-04-06,2040.0
Rajahmundry APMC,Paddy,2023-03-30,0.5,2040.0,2040.0,2040.0,2040.0,2040.0,2040.0,2040.0,0.0,0.0,0.0,0.0,1.0,1.0,3,3,2023-04-07,2040.0
Rajahmundry APMC,Swarna Masuri (New),2023-03-30,0.5,2060.0,2060.0,2060.0,2060.0,2060.0,2060.0,2060.0,0.0,1.3424599555027743e-05,0.0,0.0,1.0,1.0,3,3,2023-04-07,2060.0
Atmakur (Nandyal District) APMC,Sona Mahsuri,2023-03-31,0.01,2040.0,2040.0,2040.0,2040.0,2040.0,2040.0,2040.0,0.0,0.0,0.0,0.0,1.0,1.0,3,4,2023-04-07,2040.0
Rajahmundry APMC,Paddy,2023-03-31,0.5,2040.0,2040.0,2040.0,2040.0,2040.0,2040.0,2040.0,0.0,0.0,0.0,0.0,1.0,1.0,3,4,2023-04-07,2040.0
Rajahmundry APMC,Swarna Masuri (New),2023-03-31,0.5,2060.0,2060.0,2060.0,2060.0,2060.0,2060.0,2060.0,0.0,1.3424599555027743e-05,0.0,0.0,1.0,1.0,3,4,2023-04-07,2060.0
Rajahmundry APMC,Paddy,2023-04-01,0.5,2040.0,2040.0,2040.0,2040.0,2040.0,2040.0,2040.0,0.0,0.0,0.0,0.0,1.0,1.0,4,5,2023-04-08,2040.0
Rajahmundry APMC,Swarna Masuri (New),2023-04-01,0.5,2060.0,2060.0,2060.0,2060.0,2060.0,2060.0,2060.0,0.0,1.3424599555027743e-05,0.0,0.0,1.0,1.0,4,5,2023-04-08,2060.0
Atmakur (Nandyal District) APMC,Sona Mahsuri,2023-04-01,0.01,2040.0,2040.0,2040.0,2040.0,2040.0,2040.0,2040.0,0.0,0.0,0.0,0.0,1.0,1.0,4,5,2023-04-08,2040.0
Banaganapalli APMC,Sona Mahsuri,2023-04-01,1.0,1850.0,2150.0,2050.0,2050.0,2050.0,2050.0,2050.0,0.0,0.0,0.0,0.0,1.0,1.0,4,5,2023-04-08,2050.0
Atmakur (Nandyal District) APMC,Sona Mahsuri,2023-04-02,0.01,2040.0,2040.0,2040.0,2040.0,2040.0,2040.0,2040.0,0.0,0.0,0.0,0.0,1.0,1.0,4,6,2023-04-09,2040.0
Rajahmundry APMC,Paddy,2023-04-02,0.5,2040.0,2040.0,2040.0,2040.0,2040.0,2040.0,2040.0,0.0,0.0,0.0,0.0,1.0,1.0,4,6,2023-04-09,2040.0
Rajahmundry APMC,Swarna Masuri (New),2023-04-02,0.5,2060.0,2060.0,2060.0,2060.0,2060.0,2060.0,2060.0,0.0,1.3424599555027743e-05,0.0,0.0,1.0,1.0,4,6,2023-04-09,2060.0
Rajahmundry APMC,Swarna Masuri (New),2023-04-03,0.5,2060.0,2060.0,2060.0,2060.0,2060.0,2060.0,2060.0,0.0,1.3424599555027743e-05,0.0,0.0,1.0,1.0,4,0,2023-04-10,2060.0
Atmakur (Nandyal District) APMC,Sona Mahsuri,2023-04-03,0.01,2040.0,2040.0,2040.0,2040.0,2040.0,2040.0,2040.0,0.0,0.0,0.0,0.0,1.0,1.0,4,0,2023-04-10,2040.0
Banaganapalli APMC,Sona Mahsuri,2023-04-03,1.0,1850.0,2200.0,2050.0,2050.0,2050.0,2050.0,2050.0,0.0,0.0,0.0,0.0,1.0,1.0,4,0,2023-04-10,2050.0
Rajahmundry APMC,Paddy,2023-04-03,0.5,2040.0,2040.0,2040.0,2040.0,2040.0,2040.0,2040.0,0.0,0.0,0.0,0.0,1.0,1.0,4,0,2023-04-10,2040.0
Banaganapalli APMC,Sona Mahsuri,2023-04-04,1.0,1850.0,2200.0,2050.0,2050.0,2050.0,2050.0,2050.0,0.0,0.0,0.0,0.0,1.0,1.0,4,1,2023-04-11,2050.0
Rajahmundry APMC,Paddy,2023-04-04,0.5,2040.0,2040.0,2040.0,2040.0,2040.0,2040.0,2040.0,0.0,0.0,0.0,0.0,1.0,1.0,4,1,2023-04-11,2040.0
Atmakur (Nandyal District) APMC,Sona Mahsuri,2023-04-04,0.01,2040.0,2040.0,2040.0,2040.0,2040.0,2040.0,2040.0,0.0,0.0,0.0,0.0,1.0,1.0,4,1,2023-04-11,2040.0
Rajahmundry APMC,Swarna Masuri (New),2023-04-04,0.5,2060.0,2060.0,2060.0,2060.0,2060.0,2060.0,2060.0,0.0,1.3424599555027743e-05,0.0,0.0,1.0,1.0,4,1,2023-04-11,2060.0
Banaganapalli APMC,Sona Mahsuri,2023-04-05,1.0,1850.0,2200.0,2050.0,2050.0,2050.0,2050.0,2050.0,0.0,0.0,0.0,0.0,1.0,1.0,4,2,2023-04-12,2050.0
Atmakur (Nandyal District) APMC,Sona Mahsuri,2023-04-05,0.01,2040.0,2040.0,2040.0,2040.0,2040.0,2040.0,2040.0,0.0,0.0,0.0,0.0,1.0,1.0,4,2,2023-04-12,2040.0
Banaganapalli APMC,Sona Mahsuri,2023-04-06,1.0,1850.0,2200.0,2050.0,2050.0,2050.0,2050.0,2050.0,0.0,0.0,0.0,0.0,1.0,1.0,4,3,2023-04-13,2050.0
Atmakur (Nandyal District) APMC,Sona Mahsuri,2023-04-06,0.01,2040.0,2040.0,2040.0,2040.0,2040.0,2040.0,2040.0,0.0,0.0,0.0,0.0,1.0,1.0,4,3,2023-04-13,2040.0
Atmakur (Nandyal District) APMC,Sona Mahsuri,2023-04-07,0.01,2040.0,2040.0,2040.0,2040.0,2040.0,2040.0,2040.0,0.0,0.0,0.0,0.0,1.0,1.0,4,4,2023-04-14,2040.0
Banaganapalli APMC,Sona Mahsuri,2023-04-07,1.0,1850.0,2200.0,2050.0,2050.0,2050.0,2050.0,2050.0,0.0,0.0,0.0,0.0,1.0,1.0,4,4,2023-04-17,2000.0
Rajahmundry APMC,Paddy,2023-04-07,0.5,2040.0,2040.0,2040.0,2040.0,2040.0,2040.0,2040.0,0.0,0.0,0.0,0.0,1.0,1.0,4,4,2023-04-14,2040.0
Rajahmundry APMC,Swarna Masuri (New),2023-04-07,0.5,2060.0,2060.0,2060.0,2060.0,2060.0,2060.0,2060.0,0.0,1.3424599555027743e-05,0.0,0.0,1.0,1.0,4,4,2023-04-14,2060.0
Tanuku APMC,MTU-1010,2023-04-07,1.0,2020.0,2040.0,2040.0,2040.0,2040.0,2040.0,2040.0,0.0,1.2131806507799106e-05,0.0,0.0,1.0,1.0,4,4,2023-04-14,2040.0
Atmakur (Nandyal District) APMC,Sona Mahsuri,2023-04-08,0.01,2040.0,2040.0,2040.0,2040.0,2040.0,2040.0,2040.0,0.0,0.0,0.0,0.0,1.0,1.0,4,5,2023-04-15,2040.0
Banaganapalli APMC,Sona Mahsuri,2023-04-08,1.0,1850.0,2200.0,2050.0,2050.0,2050.0,2050.0,2050.0,0.0,0.0,0.0,0.0,1.0,1.0,4,5,2023-04-17,2000.0
Rajahmundry APMC,Paddy,2023-04-08,0.5,2040.0,2040.0,2040.0,2040.0,2040.0,2040.0,2040.0,0.0,0.0,0.0,0.0,1.0,1.0,4,5,2023-04-15,2040.0
Rajahmundry APMC,Swarna Masuri (New),2023-04-08,0.5,2060.0,2060.0,2060.0,2060.0,2060.0,2060.0,2060.0,0.0,1.3424599555027743e-05,0.0,0.0,1.0,1.0,4,5,2023-04-15,2060.0
Tanuku APMC,MTU-1010,2023-04-08,1.0,2020.0,2040.0,2040.0,2040.0,2040.0,2040.0,2040.0,0.0,1.2131806507799106e-05,0.0,0.0,1.0,1.0,4,5,2023-04-15,2040.0
Tanuku APMC,MTU-1010,2023-04-09,1.0,2020.0,2040.0,2040.0,2040.0,2040.0,2040.0,2040.0,0.0,1.2131806507799106e-05,0.0,0.0,1.0,1.0,4,6,2023-04-16,2040.0
Rajahmundry APMC,Paddy,2023-04-09,0.5,2040.0,2040.0,2040.0,2040.0,2040.0,2040.0,2040.0,0.0,0.0,0.0,0.0,1.0,1.0,4,6,2023-04-17,2040.0
Rajahmundry APMC,Swarna Masuri (New),2023-04-09,0.5,2060.0,2060.0,2060.0,2060.0,2060.0,2060.0,2060.0,0.0,1.3424599555027743e-05,0.0,0.0,1.0,1.0,4,6,2023-04-17,2060.0
Atmakur (Nandyal District) APMC,Sona Mahsuri,2023-04-09,0.01,2040.0,2040.0,2040.0,2040.0,2040.0,2040.0,2040.0,0.0,0.0,0.0,0.0,1.0,1.0,4,6,2023-04-16,2040.0
Banaganapalli APMC,Sona Mahsuri,2023-04-09,1.0,1850.0,2200.0,2050.0,2050.0,2050.0,2050.0,2050.0,0.0,0.0,0.0,0.0,1.0,1.0,4,6,2023-04-17,2000.0
Atmakur (Nandyal District) APMC,Sona Mahsuri,2023-04-10,0.01,2040.0,2040.0,2040.0,2040.0,2040.0,2040.0,2040.0,0.0,0.0,0.0,0.0,1.0,1.0,4,0,2023-04-17,2040.0
Banaganapalli APMC,Sona Mahsuri,2023-04-10,1.0,1850.0,2200.0,2050.0,2050.0,2050.0,2050.0,2050.0,0.0,0.0,0.0,0.0,1.0,1.0,4,0,2023-04-17,2000.0
Rajahmundry APMC,Paddy,2023-04-10,0.5,2040.0,2040.0,2040.0,2040.0,2040.0,2040.0,2040.0,0.0,0.0,0.0,0.0,1.0,1.0,4,0,2023-04-17,2040.0
Rajahmundry APMC,Swarna Masuri (New),2023-04-10,0.5,2060.0,2060.0,2060.0,2060.0,2060.0,2060.0,2060.0,0.0,1.3424599555027743e-05,0.0,0.0,1.0,1.0,4,0,2023-04-17,2060.0
Tanuku APMC,MTU-1010,2023-04-10,1.0,2020.0,2050.0,2040.0,2040.0,2040.0,2040.0,2040.0,0.0,1.2131806507799106e-05,0.0,0.0,1.0,1.0,4,0,2023-04-17,2040.0
Atmakur (Nandyal District) APMC,Sona Mahsuri,2023-04-11,0.01,2040.0,2040.0,2040.0,2040.0,2040.0,2040.0,2040.0,0.0,0.0,0.0,0.0,1.0,1.0,4,1,2023-04-18,2040.0
Banaganapalli APMC,Sona Mahsuri,2023-04-11,1.0,1850.0,2200.0,2050.0,2050.0,2050.0,2050.0,2050.0,0.0,0.0,0.0,0.0,1.0,1.0,4,1,2023-04-18,2000.0
Rajahmundry APMC,Paddy,2023-04-11,0.5,2040.0,2040.0,2040.0,2040.0,2040.0,2040.0,2040.0,0.0,0.0,0.0,0.0,1.0,1.0,4,1,2023-04-18,2040.0
Rajahmundry APMC,Swarna Masuri (New),2023-04-11,0.5,2060.0,2060.0,2060.0,2060.0,2060.0,2060.0,2060.0,0.0,1.3424599555027743e-05,0.0,0.0,1.0,1.0,4,1,2023-04-18,2060.0
Tanuku APMC,MTU-1010,2023-04-11,1.0,2020.0,2060.0,2040.0,2040.0,2040.0,2040.0,2040.0,0.0,1.2131806507799106e-05,0.0,0.0,1.0,1.0,4,1,2023-04-18,2040.0
Tanuku APMC,MTU-1010,2023-04-12,1.0,2020.0,2060.0,2040.0,2040.0,2040.0,2040.0,2040.0,0.0,1.2131806507799106e-05,0.0,0.0,1.0,1.0,4,2,2023-04-19,2040.0
Rajahmundry APMC,Swarna Masuri (New),2023-04-12,0.5,2060.0,2060.0,2060.0,2060.0,2060.0,2060.0,2060.0,0.0,1.3424599555027743e-05,0.0,0.0,1.0,1.0,4,2,2023-04-19,2060.0
Atmakur (Nandyal District) APMC,Sona Mahsuri,2023-04-12,0.01,2040.0,2040.0,2040.0,2040.0,2040.0,2040.0,2040.0,0.0,0.0,0.0,0.0,1.0,1.0,4,2,2023-04-19,2040.0
Banaganapalli APMC,Sona Mahsuri,2023-04-12,1.0,1850.0,2200.0,2050.0,2050.0,2050.0,2050.0,2050.0,0.0,0.0,0.0,0.0,1.0,1.0,4,2,2023-04-19,2000.0
Rajahmundry APMC,Paddy,2023-04-12,0.5,2040.0,2040.0,2040.0,2040.0,2040.0,2040.0,2040.0,0.0,0.0,0.0,0.0,1.0,1.0,4,2,2023-04-19,2040.0
Atmakur (Nandyal District) APMC,Sona Mahsuri,2023-04-13,0.01,2040.0,2040.0,2040.0,2040.0,2040.0,2040.0,2040.0,0.0,0.0,0.0,0.0,1.0,1.0,4,3,2023-04-20,2040.0
Banaganapalli APMC,Sona Mahsuri,2023-04-13,1.0,1850.0,2200.0,2050.0,2050.0,2050.0,2050.0,2050.0,0.0,0.0,0.0,0.0,1.0,1.0,4,3,2023-04-20,2000.0
Rajahmundry APMC,Paddy,2023-04-13,0.5,2040.0,2040.0,2040.0,2040.0,2040.0,2040.0,2040.0,0.0,0.0,0.0,0.0,1.0,1.0,4,3,2023-04-20,2040.0
Rajahmundry APMC,Swarna Masuri (New),2023-04-13,0.5,2060.0,2060.0,2060.0,2060.0,2060.0,2060.0,2060.0,0.0,1.3424599555027743e-05,0.0,0.0,1.0,1.0,4,3,2023-04-20,2060.0
Tanuku APMC,MTU-1010,2023-04-13,1.0,2020.0,2060.0,2040.0,2040.0,2040.0,2040.0,2040.0,0.0,1.2131806507799106e-05,0.0,0.0,1.0,1.0,4,3,2023-04-20,2040.0
Atmakur (Nandyal District) APMC,Sona Mahsuri,2023-04-14,0.01,2040.0,2040.0,2040.0,2040.0,2040.0,2040.0,2040.0,0.0,0.0,0.0,0.0,1.0,1.0,4,4,2023-04-21,2040.0
Rajahmundry APMC,Paddy,2023-04-14,0.5,2040.0,2040.0,2040.0,2040.0,2040.0,2040.0,2040.0,0.0,0.0,0.0,0.0,1.0,1.0,4,4,2023-04-21,2040.0
Rajahmundry APMC,Swarna Masuri (New),2023-04-14,0.5,2060.0,2060.0,2060.0,2060.0,2060.0,2060.0,2060.0,0.0,1.3424599555027743e-05,0.0,0.0,1.0,1.0,4,4,2023-04-21,2060.0
Tanuku APMC,MTU-1010,2023-04-14,1.0,2020.0,2060.0,2040.0,2040.0,2040.0,2040.0,2040.0,0.0,1.2131806507799106e-05,0.0,0.0,1.0,1.0,4,4,2023-04-21,2040.0
Tanuku APMC,MTU-1010,2023-04-15,1.0,2020.0,2060.0,2040.0,2040.0,2040.0,2040.0,2040.0,0.0,1.2131806507799106e-05,0.0,0.0,1.0,1.0,4,5,2023-04-22,2040.0
Rajahmundry APMC,Swarna Masuri (New),2023-04-15,0.5,2060.0,2060.0,2060.0,2060.0,2060.0,2060.0,2060.0,0.0,1.3424599555027743e-05,0.0,0.0,1.0,1.0,4,5,2023-04-22,2060.0
Atmakur (Nandyal District) APMC,Sona Mahsuri,2023-04-15,0.01,2040.0,2040.0,2040.0,2040.0,2040.0,2040.0,2040.0,0.0,0.0,0.0,0.0,1.0,1.0,4,5,2023-04-22,2040.0
Rajahmundry APMC,Paddy,2023-04-15,0.5,2040.0,2040.0,2040.0,2040.0,2040.0,2040.0,2040.0,0.0,0.0,0.0,0.0,1.0,1.0,4,5,2023-04-22,2040.0
Atmakur (Nandyal District) APMC,Sona Mahsuri,2023-04-16,0.01,2040.0,2040.0,2040.0,2040.0,2040.0,2040.0,2040.0,0.0,0.0,0.0,0.0,1.0,1.0,4,6,2023-04-23,2040.0
Tanuku APMC,MTU-1010,2023-04-16,1.0,2020.0,2060.0,2040.0,2040.0,2040.0,2040.0,2040.0,0.0,1.2131806507799106e-05,0.0,0.0,1.0,1.0,4,6,2023-04-23,2040.0
Atmakur (Nandyal District) APMC,Sona Mahsuri,2023-04-17,0.01,2040.0,2040.0,2040.0,2040.0,2040.0,2040.0,2040.0,0.0,0.0,0.0,0.0,1.0,1.0,4,0,2023-04-24,2040.0
Banaganapalli APMC,Sona Mahsuri,2023-04-17,1.0,1800.0,2200.0,2000.0,2050.0,2050.0,2050.0,2050.0,0.0,0.0,-50.0,-50.0,0.975609756097561,0.975609756097561,4,0,2023-04-24,1950.0
Rajahmundry APMC,Paddy,2023-04-17,0.5,2040.0,2040.0,2040.0,2040.0,2040.0,2040.0,2040.0,0.0,0.0,0.0,0.0,1.0,1.0,4,0,2023-04-24,2040.0
Rajahmundry APMC,Swarna Masuri (New),2023-04-17,0.5,2060.0,2060.0,2060.0,2060.0,2060.0,2060.0,2060.0,0.0,1.3424599555027743e-05,0.0,0.0,1.0,1.0,4,0,2023-04-24,2060.0
Tanuku APMC,MTU-1010,2023-04-17,1.0,2020.0,2060.0,2040.0,2040.0,2040.0,2040.0,2040.0,0.0,1.2131806507799106e-05,0.0,0.0,1.0,1.0,4,0,2023-04-24,2040.0
Rajahmundry APMC,Swarna Masuri (New),2023-04-18,0.5,2060.0,2060.0,2060.0,2060.0,2060.0,2060.0,2060.0,0.0,1.3424599555027743e-05,0.0,0.0,1.0,1.0,4,1,2023-04-25,2060.0
Rajahmundry APMC,Paddy,2023-04-18,0.5,2040.0,2040.0,2040.0,2040.0,2040.0,2040.0,2040.0,0.0,0.0,0.0,0.0,1.0,1.0,4,1,2023-04-25,2040.0
Tanuku APMC,MTU-1010,2023-04-18,1.0,2020.0,2060.0,2040.0,2040.0,2040.0,2040.0,2040.0,0.0,1.2131806507799106e-05,0.0,0.0,1.0,1.0,4,1,2023-04-29,2040.0
Atmakur (Nandyal District) APMC,Sona Mahsuri,2023-04-18,0.01,2040.0,2040.0,2040.0,2040.0,2040.0,2040.0,2040.0,0.0,0.0,0.0,0.0,1.0,1.0,4,1,2023-04-25,2040.0
Banaganapalli APMC,Sona Mahsuri,2023-04-18,1.0,1800.0,2200.0,2000.0,2000.0,2050.0,2042.857142857143,2046.4285714285716,18.898223650461368,13.363062095621205,0.0,-50.0,0.979020979020979,0.9773123909249564,4,1,2023-04-25,2000.0
Atmakur (Nandyal District) APMC,Sona Mahsuri,2023-04-19,0.01,2040.0,2040.0,2040.0,2040.0,2040.0,2040.0,2040.0,0.0,0.0,0.0,0.0,1.0,1.0,4,2,2023-04-26,2040.0
Banaganapalli APMC,Sona Mahsuri,2023-04-19,1.0,1800.0,2200.0,2000.0,2000.0,2050.0,2035.7142857142856,2042.857142857143,24.397501823713355,18.156825980064024,0.0,-50.0,0.9824561403508772,0.979020979020979,4,2,2023-04-26,2000.0
Rajahmundry APMC,Paddy,2023-04-19,0.5,2040.0,2040.0,2040.0,2040.0,2040.0,2040.0,2040.0,0.0,0.0,0.0,0.0,1.0,1.0,4,2,2023-04-26,2040.0
Rajahmundry APMC,Swarna Masuri (New),2023-04-19,0.5,2060.0,2060.0,2060.0,2060.0,2060.0,2060.0,2060.0,0.0,1.3424599555027743e-05,0.0,0.0,1.0,1.0,4,2,2023-04-26,2060.0
Tanuku APMC,MTU-1010,2023-04-19,1.0,2020.0,2060.0,2040.0,2040.0,2040.0,2040.0,2040.0,0.0,1.2131806507799106e-05,0.0,0.0,1.0,1.0,4,2,2023-04-29,2040.0
Atmakur (Nandyal District) APMC,Sona Mahsuri,2023-04-20,0.01,2040.0,2040.0,2040.0,2040.0,2040.0,2040.0,2040.0,0.0,0.0,0.0,0.0,1.0,1.0,4,3,2023-04-27,2040.0
Banaganapalli APMC,Sona Mahsuri,2023-04-20,1.0,1800.0,2200.0,2000.0,2000.0,2050.0,2028.571428571429,2039.2857142857144,26.726124191242494,21.290765681315943,0.0,-50.0,0.9859154929577464,0.9807355516637478,4,3,2023-04-27,2000.0
Rajahmundry APMC,Paddy,2023-04-20,0.5,2040.0,2040.0,2040.0,2040.0,2040.0,2040.0,2040.0,0.0,0.0,0.0,0.0,1.0,1.0,4,3,2023-04-27,2040.0
Rajahmundry APMC,Swarna Masuri (New),2023-04-20,0.5,2060.0,2060.0,2060.0,2060.0,2060.0,2060.0,2060.0,0.0,1.3424599555027743e-05,0.0,0.0,1.0,1.0,4,3,2023-04-27,2060.0
Tanuku APMC,MTU-1010,2023-04-20,1.0,2020.0,2060.0,2040.0,2040.0,2040.0,2040.0,2040.0,0.0,1.2131806507799106e-05,0.0,0.0,1.0,1.0,4,3,2023-04-29,2040.0
Tanuku APMC,MTU-1010,2023-04-21,1.0,2020.0,2060.0,2040.0,2040.0,2040.0,2040.0,2040.0,0.0,1.2131806507799106e-05,0.0,0.0,1.0,1.0,4,4,2023-04-29,2040.0
Rajahmundry APMC,Swarna Masuri (New),2023-04-21,0.5,2060.0,2060.0,2060.0,2060.0,2060.0,2060.0,2060.0,0.0,1.3424599555027743e-05,0.0,0.0,1.0,1.0,4,4,2023-04-28,2060.0
Rajahmundry APMC,Paddy,2023-04-21,0.5,2040.0,2040.0,2040.0,2040.0,2040.0,2040.0,2040.0,0.0,0.0,0.0,0.0,1.0,1.0,4,4,2023-04-28,2040.0
Atmakur (Nandyal District) APMC,Sona Mahsuri,2023-04-21,0.01,2040.0,2040.0,2040.0,2040.0,2040.0,2040.0,2040.0,0.0,0.0,0.0,0.0,1.0,1.0,4,4,2023-04-28,2040.0
Banaganapalli APMC,Sona Mahsuri,2023-04-21,1.0,1800.0,2200.0,2000.0,2000.0,2050.0,2021.4285714285716,2035.7142857142856,26.726124191242494,23.44036154692469,0.0,-50.0,0.9893992932862192,0.9824561403508772,4,4,2023-04-28,2000.0
Atmakur (Nandyal District) APMC,Sona Mahsuri,2023-04-22,0.01,2040.0,2040.0,2040.0,2040.0,2040.0,2040.0,2040.0,0.0,0.0,0.0,0.0,1.0,1.0,4,5,2023-04-29,2040.0
Banaganapalli APMC,Sona Mahsuri,2023-04-22,0.01,1850.0,2100.0,1950.0,2000.0,2050.0,2014.2857142857144,2032.142857142857,24.397501823713355,24.86225790494226,-50.0,-100.0,0.9680851063829788,0.9595782073813708,4,5,2023-04-30,2000.0
Rajahmundry APMC,Paddy,2023-04-22,0.5,2040.0,2040.0,2040.0,2040.0,2040.0,2040.0,2040.0,0.0,0.0,0.0,0.0,1.0,1.0,4,5,2023-04-29,2040.0
Rajahmundry APMC,Swarna Masuri (New),2023-04-22,0.5,2060.0,2060.0,2060.0,2060.0,2060.0,2060.0,2060.0,0.0,1.3424599555027743e-05,0.0,0.0,1.0,1.0,4,5,2023-04-29,2060.0
Tanuku APMC,MTU-1010,2023-04-22,1.0,2020.0,2060.0,2040.0,2040.0,2040.0,2040.0,2040.0,0.0,1.2131806507799106e-05,0.0,0.0,1.0,1.0,4,5,2023-04-29,2040.0
Atmakur (Nandyal District) APMC,Sona Mahsuri,2023-04-23,0.01,2040.0,2040.0,2040.0,2040.0,2040.0,2040.0,2040.0,0.0,0.0,0.0,0.0,1.0,1.0,4,6,2023-04-30,2040.0
Banaganapalli APMC,Sona Mahsuri,2023-04-23,0.01,1850.0,2100.0,1950.0,1950.0,2050.0,2000.0,2025.0,28.867513459481284,32.522181779399475,0.0,-100.0,0.975,0.9629629629629628,4,6,2023-04-30,2000.0
Rajahmundry APMC,Paddy,2023-04-23,0.5,2040.0,2040.0,2040.0,2040.0,2040.0,2040.0,2040.0,0.0,0.0,0.0,0.0,1.0,1.0,4,6,2023-04-30,2040.0
Rajahmundry APMC,Swarna Masuri (New),2023-04-23,0.5,2060.0,2060.0,2060.0,2060.0,2060.0,2060.0,2060.0,0.0,1.3424599555027743e-05,0.0,0.0,1.0,1.0,4,6,2023-04-30,2060.0
Tanuku APMC,MTU-1010,2023-04-23,1.0,2020.0,2060.0,2040.0,2040.0,2040.0,2040.0,2040.0,0.0,1.2131806507799106e-05,0.0,0.0,1.0,1.0,4,6,2023-04-30,2040.0
Tanuku APMC,MTU-1010,2023-04-24,1.0,2020.0,2060.0,2040.0,2040.0,2040.0,2040.0,2040.0,0.0,1.2131806507799106e-05,0.0,0.0,1.0,1.0,4,0,2023-05-01,2040.0
Rajahmundry APMC,Swarna Masuri (New),2023-04-24,0.5,2060.0,2060.0,2060.0,2060.0,2060.0,2060.0,2060.0,0.0,1.3424599555027743e-05,0.0,0.0,1.0,1.0,4,0,2023-05-01,2060.0
Atmakur (Nandyal District) APMC,Sona Mahsuri,2023-04-24,0.01,2040.0,2040.0,2040.0,2040.0,2040.0,2040.0,2040.0,0.0,0.0,0.0,0.0,1.0,1.0,4,0,2023-05-01,2040.0
Banaganapalli APMC,Sona Mahsuri,2023-04-24,0.01,1850.0,2100.0,1950.0,1950.0,2000.0,1985.7142857142856,2017.857142857143,24.397501823713355,37.24731718342454,0.0,-50.0,0.9820143884892086,0.9663716814159292,4,0,2023-05-01,2000.0
Rajahmundry APMC,Paddy,2023-04-24,0.5,2040.0,2040.0,2040.0,2040.0,2040.0,2040.0,2040.0,0.0,0.0,0.0,0.0,1.0,1.0,4,0,2023-05-01,2040.0
Atmakur (Nandyal District) APMC,Sona Mahsuri,2023-04-25,0.01,2040.0,2040.0,2040.0,2040.0,2040.0,2040.0,2040.0,0.0,0.0,0.0,0.0,1.0,1.0,4,1,2023-05-02,2040.0
Banaganapalli APMC,Sona Mahsuri,2023-04-25,0.01,1850.0,2100.0,2000.0,1950.0,2000.0,1978.571428571429,2010.7142857142856,26.72612419124249,40.08918628686362,50.0,0.0,1.0108303249097472,0.994671403197158,4,1,2023-05-02,2000.0
Rajahmundry APMC,Paddy,2023-04-25,0.5,2040.0,2040.0,2040.0,2040.0,2040.0,2040.0,2040.0,0.0,0.0,0.0,0.0,1.0,1.0,4,1,2023-05-02,2040.0
Rajahmundry APMC,Swarna Masuri (New),2023-04-25,0.5,2060.0,2060.0,2060.0,2060.0,2060.0,2060.0,2060.0,0.0,1.3424599555027743e-05,0.0,0.0,1.0,1.0,4,1,2023-05-02,2060.0
Atmakur (Nandyal District) APMC,Sona Mahsuri,2023-04-26,0.01,2040.0,2040.0,2040.0,2040.0,2040.0,2040.0,2040.0,0.0,0.0,0.0,0.0,1.0,1.0,4,2,2023-05-03,2040.0
Banaganapalli APMC,Sona Mahsuri,2023-04-26,0.01,1850.0,2100.0,2000.0,2000.0,2000.0,1978.571428571429,2007.142857142857,26.72612419124249,38.516444325982135,0.0,0.0,1.0108303249097472,0.99644128113879,4,2,2023-05-03,2000.0
Rajahmundry APMC,Paddy,2023-04-26,0.5,2040.0,2040.0,2040.0,2040.0,2040.0,2040.0,2040.0,0.0,0.0,0.0,0.0,1.0,1.0,4,2,2023-05-03,2040.0
Rajahmundry APMC,Swarna Masuri (New),2023-04-26,0.5,2060.0,2060.0,2060.0,2060.0,2060.0,2060.0,2060.0,0.0,1.3424599555027743e-05,0.0,0.0,1.0,1.0,4,2,2023-05-03,2060.0
Rajahmundry APMC,Swarna Masuri (New),2023-04-27,0.5,2060.0,2060.0,2060.0,2060.0,2060.0,2060.0,2060.0,0.0,1.3424599555027743e-05,0.0,0.0,1.0,1.0,4,3,2023-05-04,2060.0
Rajahmundry APMC,Paddy,2023-04-27,0.5,2040.0,2040.0,2040.0,2040.0,2040.0,2040.0,2040.0,0.0,0.0,0.0,0.0,1.0,1.0,4,3,2023-05-04,2040.0
Atmakur (Nandyal District) APMC,Sona Mahsuri,2023-04-27,0.01,2040.0,2040.0,2040.0,2040.0,2040.0,2040.0,2040.0,0.0,0.0,0.0,0.0,1.0,1.0,4,3,2023-05-04,2040.0
Banaganapalli APMC,Sona Mahsuri,2023-04-27,0.01,1850.0,2100.0,2000.0,2000.0,2000.0,1978.571428571429,2003.571428571429,26.72612419124249,36.502295577368585,0.0,0.0,1.0108303249097472,0.998217468805704,4,3,2023-05-04,2000.0
Atmakur (Nandyal District) APMC,Sona Mahsuri,2023-04-28,0.01,2040.0,2040.0,2040.0,2040.0,2040.0,2040.0,2040.0,0.0,0.0,0.0,0.0,1.0,1.0,4,4,2023-05-05,2040.0
Banaganapalli APMC,Sona Mahsuri,2023-04-28,0.01,1850.0,2100.0,2000.0,2000.0,2000.0,1978.571428571429,2000.0,26.72612419124249,33.96831102433787,0.0,0.0,1.0108303249097472,1.0,4,4,2023-05-05,2000.0
Rajahmundry APMC,Paddy,2023-04-28,0.5,2040.0,2040.0,2040.0,2040.0,2040.0,2040.0,2040.0,0.0,0.0,0.0,0.0,1.0,1.0,4,4,2023-05-05,2040.0
Rajahmundry APMC,Swarna Masuri (New),2023-04-28,0.5,2060.0,2060.0,2060.0,2060.0,2060.0,2060.0,2060.0,0.0,1.3424599555027743e-05,0.0,0.0,1.0,1.0,4,4,2023-05-05,2060.0
Atmakur (Nandyal District) APMC,Sona Mahsuri,2023-04-29,0.01,2040.0,2040.0,2040.0,2040.0,2040.0,2040.0,2040.0,0.0,0.0,0.0,0.0,1.0,1.0,4,5,2023-05-06,2040.0
Rajahmundry APMC,Paddy,2023-04-29,0.5,2040.0,2040.0,2040.0,2040.0,2040.0,2040.0,2040.0,0.0,0.0,0.0,0.0,1.0,1.0,4,5,2023-05-07,2040.0
Rajahmundry APMC,Swarna Masuri (New),2023-04-29,0.5,2060.0,2060.0,2060.0,2060.0,2060.0,2060.0,2060.0,0.0,1.3424599555027743e-05,0.0,0.0,1.0,1.0,4,5,2023-05-07,2060.0
Rajahmundry APMC,Swarna Masuri (New),2023-04-30,0.5,2060.0,2060.0,2060.0,2060.0,2060.0,2060.0,2060.0,0.0,1.3424599555027743e-05,0.0,0.0,1.0,1.0,4,6,2023-05-07,2060.0
Atmakur (Nandyal District) APMC,Sona Mahsuri,2023-04-30,0.01,2040.0,2040.0,2040.0,2040.0,2040.0,2040.0,2040.0,0.0,0.0,0.0,0.0,1.0,1.0,4,6,2023-05-07,2040.0
Banaganapalli APMC,Sona Mahsuri,2023-04-30,0.01,1850.0,2100.0,2000.0,2000.0,1950.0,1978.571428571429,1996.4285714285716,26.72612419124249,30.7863963107441,0.0,50.0,1.0108303249097472,1.001788908765653,4,6,2023-05-07,2000.0
Rajahmundry APMC,Paddy,2023-04-30,0.5,2040.0,2040.0,2040.0,2040.0,2040.0,2040.0,2040.0,0.0,0.0,0.0,0.0,1.0,1.0,4,6,2023-05-07,2040.0
Rajahmundry APMC,Paddy,2023-05-01,0.5,2040.0,2040.0,2040.0,2040.0,2040.0,2040.0,2040.0,0.0,0.0,0.0,0.0,1.0,1.0,5,0,2023-05-08,2040.0
Rajahmundry APMC,Swarna Masuri (New),2023-05-01,0.5,2060.0,2060.0,2060.0,2060.0,2060.0,2060.0,2060.0,0.0,1.3424599555027743e-05,0.0,0.0,1.0,1.0,5,0,2023-05-08,2060.0
Atmakur (Nandyal District) APMC,Sona Mahsuri,2023-05-01,0.01,2040.0,2040.0,2040.0,2040.0,2040.0,2040.0,2040.0,0.0,0.0,0.0,0.0,1.0,1.0,5,0,2023-05-08,2040.0
Banaganapalli APMC,Sona Mahsuri,2023-05-01,0.01,1850.0,2100.0,2000.0,2000.0,1950.0,1985.7142857142856,1992.857142857143,24.397501823713355,26.72612419124245,0.0,50.0,1.0071942446043165,1.003584229390681,5,0,2023-05-08,2050.0
Tanuku APMC,MTU-1010,2023-05-01,1.0,2020.0,2060.0,2040.0,2040.0,2040.0,2040.0,2040.0,0.0,1.2131806507799106e-05,0.0,0.0,1.0,1.0,5,0,2023-05-15,2040.0
Banaganapalli APMC,Sona Mahsuri,2023-05-02,0.01,1850.0,2100.0,2000.0,2000.0,1950.0,1992.857142857143,1989.2857142857144,18.898223650461365,21.29076568131603,0.0,50.0,1.003584229390681,1.0053859964093357,5,1,2023-05-09,2050.0
Tanuku APMC,MTU-1010,2023-05-02,1.0,2020.0,2060.0,2040.0,2040.0,2040.0,2040.0,2040.0,0.0,1.2131806507799106e-05,0.0,0.0,1.0,1.0,5,1,2023-05-15,2040.0
Rajahmundry APMC,Swarna Masuri (New),2023-05-02,0.5,2060.0,2060.0,2060.0,2060.0,2060.0,2060.0,2060.0,0.0,1.3424599555027743e-05,0.0,0.0,1.0,1.0,5,1,2023-05-09,2060.0
Atmakur (Nandyal District) APMC,Sona Mahsuri,2023-05-02,0.01,2040.0,2040.0,2040.0,2040.0,2040.0,2040.0,2040.0,0.0,0.0,0.0,0.0,1.0,1.0,5,1,2023-05-09,2040.0
Rajahmundry APMC,Paddy,2023-05-02,0.5,2040.0,2040.0,2040.0,2040.0,2040.0,2040.0,2040.0,0.0,0.0,0.0,0.0,1.0,1.0,5,1,2023-05-09,2040.0
Atmakur (Nandyal District) APMC,Sona Mahsuri,2023-05-03,0.01,2040.0,2040.0,2040.0,2040.0,2040.0,2040.0,2040.0,0.0,0.0,0.0,0.0,1.0,1.0,5,2,2023-05-10,2040.0
Banaganapalli APMC,Sona Mahsuri,2023-05-03,0.01,1850.0,2100.0,2000.0,2000.0,2000.0,2000.0,1989.2857142857144,0.0,21.29076568131603,0.0,0.0,1.0,1.0053859964093357,5,2,2023-05-10,2050.0
Rajahmundry APMC,Paddy,2023-05-03,0.5,2040.0,2040.0,2040.0,2040.0,2040.0,2040.0,2040.0,0.0,0.0,0.0,0.0,1.0,1.0,5,2,2023-05-10,2040.0
Rajahmundry APMC,Swarna Masuri (New),2023-05-03,0.5,2060.0,2060.0,2060.0,2060.0,2060.0,2060.0,2060.0,0.0,1.3424599555027743e-05,0.0,0.0,1.0,1.0,5,2,2023-05-10,2060.0
Tanuku APMC,MTU-1010,2023-05-03,1.0,2020.0,2040.0,2040.0,2040.0,2040.0,2040.0,2040.0,0.0,1.2131806507799106e-05,0.0,0.0,1.0,1.0,5,2,2023-05-15,2040.0
Atmakur (Nandyal District) APMC,Sona Mahsuri,2023-05-04,0.01,2040.0,2040.0,2040.0,2040.0,2040.0,2040.0,2040.0,0.0,0.0,0.0,0.0,1.0,1.0,5,3,2023-05-11,2040.0
Banaganapalli APMC,Sona Mahsuri,2023-05-04,0.01,1850.0,2100.0,2000.0,2000.0,2000.0,2000.0,1989.2857142857144,0.0,21.29076568131603,0.0,0.0,1.0,1.0053859964093357,5,3,2023-05-11,2050.0
Rajahmundry APMC,Paddy,2023-05-04,0.5,2040.0,2040.0,2040.0,2040.0,2040.0,2040.0,2040.0,0.0,0.0,0.0,0.0,1.0,1.0,5,3,2023-05-11,2040.0
Rajahmundry APMC,Swarna Masuri (New),2023-05-04,0.5,2060.0,2060.0,2060.0,2060.0,2060.0,2060.0,2060.0,0.0,1.3424599555027743e-05,0.0,0.0,1.0,1.0,5,3,2023-05-11,2060.0
Tanuku APMC,MTU-1010,2023-05-04,1.0,2020.0,2060.0,2040.0,2040.0,2040.0,2040.0,2040.0,0.0,1.2131806507799106e-05,0.0,0.0,1.0,1.0,5,3,2023-05-15,2040.0
Tanuku APMC,MTU-1010,2023-05-05,1.0,2020.0,2040.0,2040.0,2040.0,2040.0,2040.0,2040.0,0.0,1.2131806507799106e-05,0.0,0.0,1.0,1.0,5,4,2023-05-15,2040.0
Rajahmundry APMC,Swarna Masuri (New),2023-05-05,0.5,2060.0,2060.0,2060.0,2060.0,2060.0,2060.0,2060.0,0.0,1.3424599555027743e-05,0.0,0.0,1.0,1.0,5,4,2023-05-12,2060.0
Rajahmundry APMC,Paddy,2023-05-05,0.5,2040.0,2040.0,2040.0,2040.0,2040.0,2040.0,2040.0,0.0,0.0,0.0,0.0,1.0,1.0,5,4,2023-05-12,2040.0
Banaganapalli APMC,Sona Mahsuri,2023-05-05,0.01,1850.0,2100.0,2000.0,2000.0,2000.0,2000.0,1989.2857142857144,0.0,21.29076568131603,0.0,0.0,1.0,1.0053859964093357,5,4,2023-05-12,2050.0
Atmakur (Nandyal District) APMC,Sona Mahsuri,2023-05-05,0.01,2040.0,2040.0,2040.0,2040.0,2040.0,2040.0,2040.0,0.0,0.0,0.0,0.0,1.0,1.0,5,4,2023-05-12,2040.0
Atmakur (Nandyal District) APMC,Sona Mahsuri,2023-05-06,0.01,2040.0,2040.0,2040.0,2040.0,2040.0,2040.0,2040.0,0.0,0.0,0.0,0.0,1.0,1.0,5,5,2023-05-13,2040.0
Banaganapalli APMC,Sona Mahsuri,2023-05-06,0.01,1850.0,2100.0,2000.0,2000.0,2000.0,2000.0,1989.2857142857144,0.0,21.29076568131603,0.0,0.0,1.0,1.0053859964093357,5,5,2023-05-13,2050.0
Atmakur (Nandyal District) APMC,Sona Mahsuri,2023-05-07,0.01,2040.0,2040.0,2040.0,2040.0,2040.0,2040.0,2040.0,0.0,0.0,0.0,0.0,1.0,1.0,5,6,2023-05-14,2040.0
Banaganapalli APMC,Sona Mahsuri,2023-05-07,0.01,1850.0,2100.0,2000.0,2000.0,2000.0,2000.0,1989.2857142857144,0.0,21.29076568131603,0.0,0.0,1.0,1.0053859964093357,5,6,2023-05-14,2050.0
Rajahmundry APMC,Paddy,2023-05-07,0.5,2040.0,2040.0,2040.0,2040.0,2040.0,2040.0,2040.0,0.0,0.0,0.0,0.0,1.0,1.0,5,6,2023-05-14,2040.0
Rajahmundry APMC,Swarna Masuri (New),2023-05-07,0.5,2060.0,2060.0,2060.0,2060.0,2060.0,2060.0,2060.0,0.0,1.3424599555027743e-05,0.0,0.0,1.0,1.0,5,6,2023-05-14,2060.0
Atmakur (Nandyal District) APMC,Sona Mahsuri,2023-05-08,0.01,2040.0,2040.0,2040.0,2040.0,2040.0,2040.0,2040.0,0.0,0.0,0.0,0.0,1.0,1.0,5,0,2023-05-15,2040.0
Banaganapalli APMC,Sona Mahsuri,2023-05-08,0.01,1850.0,2150.0,2050.0,2000.0,2000.0,2000.0,1992.857142857143,0.0,18.156825980064085,50.0,50.0,1.025,1.028673835125448,5,0,2023-05-15,2050.0
Rajahmundry APMC,Paddy,2023-05-08,0.5,2040.0,2040.0,2040.0,2040.0,2040.0,2040.0,2040.0,0.0,0.0,0.0,0.0,1.0,1.0,5,0,2023-05-15,2040.0
Rajahmundry APMC,Swarna Masuri (New),2023-05-08,0.5,2060.0,2060.0,2060.0,2060.0,2060.0,2060.0,2060.0,0.0,1.3424599555027743e-05,0.0,0.0,1.0,1.0,5,0,2023-05-15,2060.0
Sampara (Kakinada Rural) APMC,Swarna Masuri (New),2023-05-09,1.0,2020.0,2060.0,2040.0,2040.0,2040.0,2040.0,2033.571428571429,0.0,27.06321456179185,0.0,0.0,1.0,1.0031612223393045,5,1,2023-05-17,2040.0
Rajahmundry APMC,Swarna Masuri (New),2023-05-09,0.5,2060.0,2060.0,2060.0,2060.0,2060.0,2060.0,2060.0,0.0,1.3424599555027743e-05,0.0,0.0,1.0,1.0,5,1,2023-05-16,2060.0
Banaganapalli APMC,Sona Mahsuri,2023-05-09,0.01,1850.0,2150.0,2050.0,2050.0,2000.0,2007.142857142857,2000.0,18.898223650461368,19.611613513818405,0.0,50.0,1.0213523131672595,1.025,5,1,2023-05-16,2050.0
Atmakur (Nandyal District) APMC,Sona Mahsuri,2023-05-09,0.01,2040.0,2040.0,2040.0,2040.0,2040.0,2040.0,2040.0,0.0,0.0,0.0,0.0,1.0,1.0,5,1,2023-05-16,2040.0
Rajahmundry APMC,Paddy,2023-05-09,0.5,2040.0,2040.0,2040.0,2040.0,2040.0,2040.0,2040.0,0.0,0.0,0.0,0.0,1.0,1.0,5,1,2023-05-16,2040.0
Atmakur (Nandyal District) APMC,Sona Mahsuri,2023-05-10,0.01,2040.0,2040.0,2040.0,2040.0,2040.0,2040.0,2040.0,0.0,0.0,0.0,0.0,1.0,1.0,5,2,2023-05-17,2040.0
Banaganapalli APMC,Sona Mahsuri,2023-05-10,0.01,1850.0,2150.0,2050.0,2050.0,2000.0,2014.2857142857144,2007.142857142857,24.397501823713355,18.156825980064085,0.0,50.0,1.017730496453901,1.0213523131672595,5,2,2023-05-17,2050.0
Rajahmundry APMC,Paddy,2023-05-10,0.5,2040.0,2040.0,2040.0,2040.0,2040.0,2040.0,2040.0,0.0,0.0,0.0,0.0,1.0,1.0,5,2,2023-05-17,2040.0
Rajahmundry APMC,Swarna Masuri (New),2023-05-10,0.5,2060.0,2060.0,2060.0,2060.0,2060.0,2060.0,2060.0,0.0,1.3424599555027743e-05,0.0,0.0,1.0,1.0,5,2,2023-05-17,2060.0
Atmakur (Nandyal District) APMC,Sona Mahsuri,2023-05-11,0.01,2040.0,2040.0,2040.0,2040.0,2040.0,2040.0,2040.0,0.0,0.0,0.0,0.0,1.0,1.0,5,3,2023-05-18,2040.0
Banaganapalli APMC,Sona Mahsuri,2023-05-11,0.01,1850.0,2150.0,2050.0,2050.0,2000.0,2021.4285714285716,2010.7142857142856,26.726124191242494,21.29076568131603,0.0,50.0,1.0141342756183749,1.019538188277087,5,3,2023-05-18,2050.0
Rajahmundry APMC,Paddy,2023-05-11,0.5,2040.0,2040.0,2040.0,2040.0,2040.0,2040.0,2040.0,0.0,0.0,0.0,0.0,1.0,1.0,5,3,2023-05-19,2040.0
Rajahmundry APMC,Swarna Masuri (New),2023-05-11,0.5,2060.0,2060.0,2060.0,2060.0,2060.0,2060.0,2060.0,0.0,1.3424599555027743e-05,0.0,0.0,1.0,1.0,5,3,2023-05-19,2060.0
Sampara (Kakinada Rural) APMC,Swarna Masuri (New),2023-05-11,1.0,2020.0,2060.0,2040.0,2040.0,2040.0,2040.0,2032.857142857143,0.0,26.72612419124244,0.0,0.0,1.0,1.0035137034434294,5,3,2023-05-18,2040.0
Rajahmundry APMC,Paddy,2023-05-12,0.5,2040.0,2040.0,2040.0,2040.0,2040.0,2040.0,2040.0,0.0,0.0,0.0,0.0,1.0,1.0,5,4,2023-05-19,2040.0
Rajahmundry APMC,Swarna Masuri (New),2023-05-12,0.5,2060.0,2060.0,2060.0,2060.0,2060.0,2060.0,2060.0,0.0,1.3424599555027743e-05,0.0,0.0,1.0,1.0,5,4,2023-05-19,2060.0
Atmakur (Nandyal District) APMC,Sona Mahsuri,2023-05-12,0.01,2040.0,2040.0,2040.0,2040.0,2040.0,2040.0,2040.0,0.0,0.0,0.0,0.0,1.0,1.0,5,4,2023-05-19,2040.0
Banaganapalli APMC,Sona Mahsuri,2023-05-12,0.01,1850.0,2150.0,2050.0,2050.0,2000.0,2028.571428571429,2014.2857142857144,26.726124191242494,23.44036154692481,0.0,50.0,1.01056338028169,1.017730496453901,5,4,2023-05-19,2050.0
Atmakur (Nandyal District) APMC,Sona Mahsuri,2023-05-13,0.01,2040.0,2040.0,2040.0,2040.0,2040.0,2040.0,2040.0,0.0,0.0,0.0,0.0,1.0,1.0,5,5,2023-05-20,2040.0
Banaganapalli APMC,Sona Mahsuri,2023-05-13,0.01,1850.0,2150.0,2050.0,2050.0,2000.0,2035.7142857142856,2017.857142857143,24.397501823713355,24.862257904942407,0.0,50.0,1.0070175438596491,1.015929203539823,5,5,2023-05-20,2050.0
Rajahmundry APMC,Paddy,2023-05-13,0.5,2040.0,2040.0,2040.0,2040.0,2040.0,2040.0,2040.0,0.0,0.0,0.0,0.0,1.0,1.0,5,5,2023-05-20,2040.0
Rajahmundry APMC,Swarna Masuri (New),2023-05-13,0.5,2060.0,2060.0,2060.0,2060.0,2060.0,2060.0,2060.0,0.0,1.3424599555027743e-05,0.0,0.0,1.0,1.0,5,5,2023-05-20,2060.0
Rajahmundry APMC,Paddy,2023-05-14,0.5,2040.0,2040.0,2040.0,2040.0,2040.0,2040.0,2040.0,0.0,0.0,0.0,0.0,1.0,1.0,5,6,2023-05-21,2040.0
Atmakur (Nandyal District) APMC,Sona Mahsuri,2023-05-14,0.01,2040.0,2040.0,2040.0,2040.0,2040.0,2040.0,2040.0,0.0,0.0,0.0,0.0,1.0,1.0,5,6,2023-05-21,2040.0
Banaganapalli APMC,Sona Mahsuri,2023-05-14,0.01,1850.0,2150.0,2050.0,2050.0,2000.0,2042.857142857143,2021.4285714285716,18.898223650461368,25.677629550654856,0.0,50.0,1.0034965034965035,1.0141342756183749,5,6,2023-05-21,2050.0
Karapa APMC,1001,2023-05-14,0.1,2040.0,2060.0,2040.0,2040.0,2040.0,2040.0,2040.7142857142856,0.0,2.6726124191242544,0.0,0.0,1.0,0.999649982499125,5,6,2023-05-21,2040.0
Rajahmundry APMC,Swarna Masuri (New),2023-05-14,0.5,2060.0,2060.0,2060.0,2060.0,2060.0,2060.0,2060.0,0.0,1.3424599555027743e-05,0.0,0.0,1.0,1.0,5,6,2023-05-21,2060.0
Rajahmundry APMC,Swarna Masuri (New),2023-05-15,0.5,2060.0,2060.0,2060.0,2060.0,2060.0,2060.0,2060.0,0.0,1.3424599555027743e-05,0.0,0.0,1.0,1.0,5,0,2023-05-22,2060.0
Tanuku APMC,MTU-1010,2023-05-15,1.0,2020.0,2060.0,2040.0,2040.0,2040.0,2040.0,2040.0,0.0,1.2131806507799106e-05,0.0,0.0,1.0,1.0,5,0,2023-05-22,2040.0
Rajahmundry APMC,Paddy,2023-05-15,0.5,2040.0,2040.0,2040.0,2040.0,2040.0,2040.0,2040.0,0.0,0.0,0.0,0.0,1.0,1.0,5,0,2023-05-22,2040.0
Atmakur (Nandyal District) APMC,Sona Mahsuri,2023-05-15,0.01,2040.0,2040.0,2040.0,2040.0,2040.0,2040.0,2040.0,0.0,0.0,0.0,0.0,1.0,1.0,5,0,2023-05-22,2040.0
Karapa APMC,1001,2023-05-15,0.1,2040.0,2050.0,2040.0,2040.0,2040.0,2040.0,2040.0,0.0,0.0,0.0,0.0,1.0,1.0,5,0,2023-05-22,2040.0
Peddapuram APMC,1001,2023-05-15,296.0,2040.0,2050.0,2040.0,2040.0,2040.0,2040.0,2040.0,0.0,0.0,0.0,0.0,1.0,1.0,5,0,2023-05-24,2040.0
Banaganapalli APMC,Sona Mahsuri,2023-05-15,0.01,1850.0,2150.0,2050.0,2050.0,2050.0,2050.0,2025.0,0.0,25.94372608313865,0.0,0.0,1.0,1.0123456790123455,5,0,2023-05-22,2050.0
Atmakur (Nandyal District) APMC,Sona Mahsuri,2023-05-16,0.01,2040.0,2040.0,2040.0,2040.0,2040.0,2040.0,2040.0,0.0,0.0,0.0,0.0,1.0,1.0,5,1,2023-05-23,2040.0
Banaganapalli APMC,Sona Mahsuri,2023-05-16,0.01,1850.0,2150.0,2050.0,2050.0,2050.0,2050.0,2028.571428571429,0.0,25.67762955065492,0.0,0.0,1.0,1.01056338028169,5,1,2023-05-23,2050.0
Karapa APMC,1001,2023-05-16,1.0,2040.0,2050.0,2050.0,2040.0,2040.0,2040.0,2040.0,0.0,0.0,10.0,10.0,1.0049019607843137,1.0049019607843137,5,1,2023-05-23,2040.0
Pithapuram APMC,1001,2023-05-16,1.0,2040.0,2060.0,2050.0,2050.0,2050.0,2050.0,2050.0,0.0,0.0,0.0,0.0,1.0,1.0,5,1,2023-05-23,2050.0
Rajahmundry APMC,Paddy,2023-05-16,0.5,2040.0,2040.0,2040.0,2040.0,2040.0,2040.0,2040.0,0.0,0.0,0.0,0.0,1.0,1.0,5,1,2023-05-23,2040.0
Rajahmundry APMC,Swarna Masuri (New),2023-05-16,0.5,2060.0,2060.0,2060.0,2060.0,2060.0,2060.0,2060.0,0.0,1.3424599555027743e-05,0.0,0.0,1.0,1.0,5,1,2023-05-23,2060.0
Tanuku APMC,MTU-1010,2023-05-16,1.0,2020.0,2060.0,2040.0,2040.0,2040.0,2040.0,2040.0,0.0,1.2131806507799106e-05,0.0,0.0,1.0,1.0,5,1,2023-05-23,2040.0
Tiruvuru APMC,Sona,2023-05-16,40.0,2040.0,2040.0,2040.0,2040.0,2080.0,2040.0,2054.285714285714,39.999999999999645,30.999822757380542,0.0,-40.0,1.0,0.9930458970792768,5,1,2023-05-23,2040.0
Karapa APMC,1001,2023-05-17,1.0,2040.0,2050.0,2050.0,2050.0,2040.0,2041.4285714285716,2040.7142857142856,3.779644730092294,2.6726124191242344,0.0,10.0,1.0041987403778867,1.0045502275113756,5,2,2023-05-24,2040.0
Tiruvuru APMC,Sona,2023-05-17,54.0,2040.0,2040.0,2040.0,2040.0,2080.0,2034.2857142857144,2052.1428571428573,35.989416433697016,30.866604166108875,0.0,-40.0,1.002808988764045,0.9940828402366862,5,2,2023-05-24,2040.0
Tanuku APMC,MTU-1010,2023-05-17,1.0,2020.0,2060.0,2040.0,2040.0,2040.0,2040.0,2040.0,0.0,1.2131806507799106e-05,0.0,0.0,1.0,1.0,5,2,2023-05-26,2040.0
Sampara (Kakinada Rural) APMC,Swarna Masuri (New),2023-05-17,1.0,2020.0,2060.0,2040.0,2040.0,2040.0,2040.0,2040.0,0.0,0.0,0.0,0.0,1.0,1.0,5,2,2023-05-24,2040.0
Rajahmundry APMC,Swarna Masuri (New),2023-05-17,0.5,2060.0,2060.0,2060.0,2060.0,2060.0,2060.0,2060.0,0.0,1.3424599555027743e-05,0.0,0.0,1.0,1.0,5,2,2023-05-28,2060.0
Banaganapalli APMC,Sona Mahsuri,2023-05-17,0.01,1850.0,2150.0,2050.0,2050.0,2050.0,2050.0,2032.142857142857,0.0,24.8622579049425,0.0,0.0,1.0,1.0087873462214412,5,2,2023-05-24,2050.0
Pithapuram APMC,1001,2023-05-17,1.0,2040.0,2060.0,2050.0,2050.0,2050.0,2050.0,2050.0,0.0,0.0,0.0,0.0,1.0,1.0,5,2,2023-05-24,2050.0
Peddapuram APMC,1001,2023-05-17,0.1,2040.0,2050.0,2040.0,2040.0,2040.0,2040.0,2040.0,0.0,0.0,0.0,0.0,1.0,1.0,5,2,2023-05-24,2040.0
Atmakur (Nandyal District) APMC,Sona Mahsuri,2023-05-17,0.01,2040.0,2040.0,2040.0,2040.0,2040.0,2040.0,2040.0,0.0,0.0,0.0,0.0,1.0,1.0,5,2,2023-05-24,2040.0
Rajahmundry APMC,Paddy,2023-05-17,0.5,2040.0,2040.0,2040.0,2040.0,2040.0,2040.0,2040.0,0.0,0.0,0.0,0.0,1.0,1.0,5,2,2023-05-28,2040.0
Pithapuram APMC,1001,2023-05-18,1.0,2040.0,2060.0,2050.0,2050.0,2050.0,2050.0,2050.0,0.0,0.0,0.0,0.0,1.0,1.0,5,3,2023-05-25,2050.0
Tanuku APMC,MTU-1010,2023-05-18,1.0,2020.0,2060.0,2040.0,2040.0,2040.0,2040.0,2040.0,0.0,1.2131806507799106e-05,0.0,0.0,1.0,1.0,5,3,2023-05-26,2040.0
Sampara (Kakinada Rural) APMC,Swarna Masuri (New),2023-05-18,1.0,2020.0,2060.0,2040.0,2040.0,2040.0,2040.0,2040.0,0.0,0.0,0.0,0.0,1.0,1.0,5,3,2023-05-26,2040.0
Tiruvuru APMC,Sona,2023-05-18,59.0,2040.0,2040.0,2040.0,2040.0,2040.0,2028.571428571429,2050.0,30.237157840737503,30.57147992190401,0.0,0.0,1.0056338028169014,0.9951219512195122,5,3,2023-05-25,2040.0
Peddapuram APMC,1001,2023-05-18,318.0,2040.0,2050.0,2040.0,2040.0,2040.0,2040.0,2040.0,0.0,0.0,0.0,0.0,1.0,1.0,5,3,2023-05-25,2040.0
Banaganapalli APMC,Sona Mahsuri,2023-05-18,0.01,1850.0,2150.0,2050.0,2050.0,2050.0,2050.0,2035.7142857142856,0.0,23.440361546924947,0.0,0.0,1.0,1.0070175438596491,5,3,2023-05-25,2050.0
Atmakur (Nandyal District) APMC,Sona Mahsuri,2023-05-18,0.01,2040.0,2040.0,2040.0,2040.0,2040.0,2040.0,2040.0,0.0,0.0,0.0,0.0,1.0,1.0,5,3,2023-05-25,2040.0
Karapa APMC,1001,2023-05-18,1.0,2040.0,2060.0,2050.0,2050.0,2040.0,2042.857142857143,2041.4285714285716,4.879500364742736,3.631365196012777,0.0,10.0,1.0034965034965035,1.0041987403778867,5,3,2023-05-25,2040.0
Sampara (Kakinada Rural) APMC,Swarna Masuri (New),2023-05-19,1.0,2020.0,2060.0,2040.0,2040.0,2040.0,2040.0,2040.0,0.0,0.0,0.0,0.0,1.0,1.0,5,4,2023-05-26,2040.0
Rajahmundry APMC,Swarna Masuri (New),2023-05-19,0.5,2060.0,2060.0,2060.0,2060.0,2060.0,2060.0,2060.0,0.0,1.3424599555027743e-05,0.0,0.0,1.0,1.0,5,4,2023-05-28,2060.0
Rajahmundry APMC,Paddy,2023-05-19,0.5,2040.0,2040.0,2040.0,2040.0,2040.0,2040.0,2040.0,0.0,0.0,0.0,0.0,1.0,1.0,5,4,2023-05-28,2040.0
Pithapuram APMC,1001,2023-05-19,1.0,2040.0,2060.0,2050.0,2050.0,2050.0,2050.0,2050.0,0.0,0.0,0.0,0.0,1.0,1.0,5,4,2023-05-26,2060.0
Tanuku APMC,MTU-1010,2023-05-19,1.0,2020.0,2040.0,2040.0,2040.0,2040.0,2040.0,2040.0,0.0,1.2131806507799106e-05,0.0,0.0,1.0,1.0,5,4,2023-05-26,2040.0
Karapa APMC,1001,2023-05-19,1.0,2040.0,2060.0,2040.0,2050.0,2040.0,2044.2857142857144,2042.142857142857,5.345224838248632,4.258153136263142,-10.0,0.0,0.9979035639413,0.9989506820566632,5,4,2023-05-26,2050.0
Banaganapalli APMC,Sona Mahsuri,2023-05-19,0.01,1850.0,2150.0,2050.0,2050.0,2050.0,2050.0,2039.2857142857144,0.0,21.290765681316223,0.0,0.0,1.0,1.0052539404553416,5,4,2023-05-26,2050.0
Atmakur (Nandyal District) APMC,Sona Mahsuri,2023-05-19,0.01,2040.0,2040.0,2040.0,2040.0,2040.0,2040.0,2040.0,0.0,0.0,0.0,0.0,1.0,1.0,5,4,2023-05-26,2040.0
Peddapuram APMC,1001,2023-05-19,73.0,2040.0,2050.0,2040.0,2040.0,2040.0,2040.0,2040.0,0.0,0.0,0.0,0.0,1.0,1.0,5,4,2023-05-26,2040.0
Atmakur (Nandyal District) APMC,Sona Mahsuri,2023-05-20,0.01,2040.0,2040.0,2040.0,2040.0,2040.0,2040.0,2040.0,0.0,0.0,0.0,0.0,1.0,1.0,5,5,2023-05-27,2040.0
Banaganapalli APMC,Sona Mahsuri,2023-05-20,0.01,1850.0,2150.0,2050.0,2050.0,2050.0,2050.0,2042.857142857143,0.0,18.156825980064355,0.0,0.0,1.0,1.0034965034965035,5,5,2023-05-27,2050.0
Karapa APMC,1001,2023-05-20,1.0,2040.0,2060.0,2040.0,2040.0,2040.0,2044.2857142857144,2042.142857142857,5.345224838248632,4.258153136263142,0.0,0.0,0.9979035639413,0.9989506820566632,5,5,2023-05-27,2050.0
Peddapuram APMC,1001,2023-05-20,1207.0,2040.0,2050.0,2040.0,2040.0,2040.0,2040.0,2040.0,0.0,0.0,0.0,0.0,1.0,1.0,5,5,2023-05-27,2040.0
Rajahmundry APMC,Paddy,2023-05-20,0.5,2040.0,2040.0,2040.0,2040.0,2040.0,2040.0,2040.0,0.0,0.0,0.0,0.0,1.0,1.0,5,5,2023-05-28,2040.0
Rajahmundry APMC,Swarna Masuri (New),2023-05-20,0.5,2060.0,2060.0,2060.0,2060.0,2060.0,2060.0,2060.0,0.0,1.3424599555027743e-05,0.0,0.0,1.0,1.0,5,5,2023-05-28,2060.0
Sampara (Kakinada Rural) APMC,Swarna Masuri (New),2023-05-20,1.0,2020.0,2060.0,2040.0,2040.0,2040.0,2040.0,2040.0,0.0,0.0,0.0,0.0,1.0,1.0,5,5,2023-05-30,2040.0
Tanuku APMC,MTU-1010,2023-05-20,1.0,2020.0,2040.0,2040.0,2040.0,2040.0,2040.0,2040.0,0.0,1.2131806507799106e-05,0.0,0.0,1.0,1.0,5,5,2023-05-27,2040.0
Tiruvuru APMC,Sona,2023-05-20,31.0,2040.0,2040.0,2040.0,2040.0,1960.0,2028.571428571429,2047.857142857143,30.237157840737503,30.10968957982464,0.0,80.0,1.0056338028169014,0.9961632368329264,5,5,2023-05-27,2040.0
Rajahmundry APMC,Paddy,2023-05-21,0.5,2040.0,2040.0,2040.0,2040.0,2040.0,2040.0,2040.0,0.0,0.0,0.0,0.0,1.0,1.0,5,6,2023-05-28,2040.0
Rajahmundry APMC,Swarna Masuri (New),2023-05-21,0.5,2060.0,2060.0,2060.0,2060.0,2060.0,2060.0,2060.0,0.0,1.3424599555027743e-05,0.0,0.0,1.0,1.0,5,6,2023-05-28,2060.0
Peddapuram APMC,1001,2023-05-21,0.1,2040.0,2050.0,2040.0,2040.0,2040.0,2040.0,2040.0,0.0,0.0,0.0,0.0,1.0,1.0,5,6,2023-05-28,2040.0
Tanuku APMC,MTU-1010,2023-05-21,1.0,2020.0,2060.0,2040.0,2040.0,2040.0,2040.0,2040.0,0.0,1.2131806507799106e-05,0.0,0.0,1.0,1.0,5,6,2023-05-28,2040.0
Banaganapalli APMC,Sona Mahsuri,2023-05-21,0.01,1850.0,2150.0,2050.0,2050.0,2050.0,2050.0,2046.4285714285716,0.0,13.363062095621656,0.0,0.0,1.0,1.0017452006980805,5,6,2023-05-28,2050.0
Atmakur (Nandyal District) APMC,Sona Mahsuri,2023-05-21,0.01,2040.0,2040.0,2040.0,2040.0,2040.0,2040.0,2040.0,0.0,0.0,0.0,0.0,1.0,1.0,5,6,2023-05-28,2040.0
Karapa APMC,1001,2023-05-21,1.0,2040.0,2050.0,2040.0,2040.0,2040.0,2044.2857142857144,2042.142857142857,5.345224838248632,4.258153136263142,0.0,0.0,0.9979035639413,0.9989506820566632,5,6,2023-05-28,2050.0
Atmakur (Nandyal District) APMC,Sona Mahsuri,2023-05-22,0.01,2040.0,2040.0,2040.0,2040.0,2040.0,2040.0,2040.0,0.0,0.0,0.0,0.0,1.0,1.0,5,0,2023-05-29,2040.0
Banaganapalli APMC,Sona Mahsuri,2023-05-22,0.01,1850.0,2150.0,2050.0,2050.0,2050.0,2050.0,2050.0,0.0,0.0,0.0,0.0,1.0,1.0,5,0,2023-05-29,2050.0
Karapa APMC,1001,2023-05-22,1.0,2040.0,2060.0,2040.0,2040.0,2040.0,2044.2857142857144,2042.142857142857,5.345224838248632,4.258153136263142,0.0,0.0,0.9979035639413,0.9989506820566632,5,0,2023-05-29,2040.0
Pithapuram APMC,1001,2023-05-22,1.0,2040.0,2060.0,2050.0,2050.0,2050.0,2050.0,2050.0,0.0,0.0,0.0,0.0,1.0,1.0,5,0,2023-05-30,2050.0
Rajahmundry APMC,Paddy,2023-05-22,0.5,2040.0,2040.0,2040.0,2040.0,2040.0,2040.0,2040.0,0.0,0.0,0.0,0.0,1.0,1.0,5,0,2023-05-29,2040.0
Rajahmundry APMC,Swarna Masuri (New),2023-05-22,0.5,2060.0,2060.0,2060.0,2060.0,2060.0,2060.0,2060.0,0.0,1.3424599555027743e-05,0.0,0.0,1.0,1.0,5,0,2023-05-29,2060.0
Tanuku APMC,MTU-1010,2023-05-22,1.0,2020.0,2060.0,2040.0,2040.0,2040.0,2040.0,2040.0,0.0,1.2131806507799106e-05,0.0,0.0,1.0,1.0,5,0,2023-05-29,2040.0
Tiruvuru APMC,Sona,2023-05-22,132.0,2040.0,2040.0,2040.0,2040.0,2040.0,2040.0,2045.7142857142856,0.0,29.47340018866691,0.0,0.0,1.0,0.9972067039106144,5,0,2023-05-29,2040.0
Tiruvuru APMC,Sona,2023-05-23,80.0,2040.0,2040.0,2040.0,2040.0,2040.0,2040.0,2043.571428571429,0.0,28.65098813093732,0.0,0.0,1.0,0.9982523593149248,5,1,2023-05-30,2040.0
Tanuku APMC,MTU-1010,2023-05-23,1.0,2020.0,2040.0,2040.0,2040.0,2040.0,2040.0,2040.0,0.0,1.2131806507799106e-05,0.0,0.0,1.0,1.0,5,1,2023-05-30,2040.0
Sampara (Kakinada Rural) APMC,Swarna Masuri (New),2023-05-23,1.0,2020.0,2060.0,2040.0,2040.0,2040.0,2040.0,2040.0,0.0,0.0,0.0,0.0,1.0,1.0,5,1,2023-05-30,2040.0
Rajahmundry APMC,Swarna Masuri (New),2023-05-23,0.5,2060.0,2060.0,2060.0,2060.0,2060.0,2060.0,2060.0,0.0,1.3424599555027743e-05,0.0,0.0,1.0,1.0,5,1,2023-05-30,2060.0
Pithapuram APMC,1001,2023-05-23,1.0,2040.0,2060.0,2050.0,2050.0,2050.0,2050.0,2050.0,0.0,0.0,0.0,0.0,1.0,1.0,5,1,2023-05-30,2050.0
Karapa APMC,1001,2023-05-23,1.0,2040.0,2050.0,2040.0,2040.0,2050.0,2044.2857142857144,2042.142857142857,5.345224838248632,4.258153136263142,0.0,-10.0,0.9979035639413,0.9989506820566632,5,1,2023-05-30,2050.0
Banaganapalli APMC,Sona Mahsuri,2023-05-23,0.01,1850.0,2150.0,2050.0,2050.0,2050.0,2050.0,2050.0,0.0,0.0,0.0,0.0,1.0,1.0,5,1,2023-05-30,2050.0
Atmakur (Nandyal District) APMC,Sona Mahsuri,2023-05-23,0.01,2040.0,2040.0,2040.0,2040.0,2040.0,2040.0,2040.0,0.0,0.0,0.0,0.0,1.0,1.0,5,1,2023-05-30,2040.0
Rajahmundry APMC,Paddy,2023-05-23,0.5,2040.0,2040.0,2040.0,2040.0,2040.0,2040.0,2040.0,0.0,0.0,0.0,0.0,1.0,1.0,5,1,2023-05-30,2040.0
Atmakur (Nandyal District) APMC,Sona Mahsuri,2023-05-24,0.01,2040.0,2040.0,2040.0,2040.0,2040.0,2040.0,2040.0,0.0,0.0,0.0,0.0,1.0,1.0,5,2,2023-05-31,2040.0
Banaganapalli APMC,Sona Mahsuri,2023-05-24,0.01,1850.0,2150.0,2050.0,2050.0,2050.0,2050.0,2050.0,0.0,0.0,0.0,0.0,1.0,1.0,5,2,2023-05-31,2050.0
Karapa APMC,1001,2023-05-24,1.0,2040.0,2060.0,2040.0,2040.0,2050.0,2042.857142857143,2042.142857142857,4.879500364742736,4.258153136263142,0.0,-10.0,0.9986013986013986,0.9989506820566632,5,2,2023-05-31,2040.0
Peddapuram APMC,1001,2023-05-24,5750.0,2040.0,2050.0,2040.0,2040.0,2040.0,2040.0,2040.0,0.0,0.0,0.0,0.0,1.0,1.0,5,2,2023-05-31,2040.0
Pithapuram APMC,1001,2023-05-24,1.0,2040.0,2060.0,2050.0,2050.0,2050.0,2050.0,2050.0,0.0,0.0,0.0,0.0,1.0,1.0,5,2,2023-05-31,2050.0
Sampara (Kakinada Rural) APMC,Swarna Masuri (New),2023-05-24,1.0,2020.0,2060.0,2040.0,2040.0,2040.0,2040.0,2040.0,0.0,0.0,0.0,0.0,1.0,1.0,5,2,2023-05-31,2040.0
Tiruvuru APMC,Sona,2023-05-24,23.0,2040.0,2040.0,2040.0,2040.0,2040.0,2040.0,2041.7857142857144,0.0,27.98400249436067,0.0,0.0,1.0,0.999125415427672,5,2,2023-05-31,2040.0
Tiruvuru APMC,Sona,2023-05-25,11.0,2040.0,2040.0,2040.0,2040.0,2040.0,2040.0,2040.0,0.0,27.17464881947005,0.0,0.0,1.0,1.0,5,3,2023-06-01,2040.0
Pithapuram APMC,1001,2023-05-25,1.0,2040.0,2060.0,2050.0,2050.0,2050.0,2050.0,2050.0,0.0,0.0,0.0,0.0,1.0,1.0,5,3,2023-06-05,2050.0
Peddapuram APMC,1001,2023-05-25,465.0,2040.0,2050.0,2040.0,2040.0,2040.0,2040.0,2040.0,0.0,0.0,0.0,0.0,1.0,1.0,5,3,2023-06-01,2040.0
Banaganapalli APMC,Sona Mahsuri,2023-05-25,0.01,1850.0,2150.0,2050.0,2050.0,2050.0,2050.0,2050.0,0.0,0.0,0.0,0.0,1.0,1.0,5,3,2023-06-01,2050.0
Atmakur (Nandyal District) APMC,Sona Mahsuri,2023-05-25,0.01,2040.0,2040.0,2040.0,2040.0,2040.0,2040.0,2040.0,0.0,0.0,0.0,0.0,1.0,1.0,5,3,2023-06-01,2040.0
Karapa APMC,1001,2023-05-25,1.0,2040.0,2060.0,2040.0,2040.0,2050.0,2041.4285714285716,2042.142857142857,3.779644730092294,4.258153136263142,0.0,-10.0,0.999300209937019,0.9989506820566632,5,3,2023-06-03,2050.0
Atmakur (Nandyal District) APMC,Sona Mahsuri,2023-05-26,0.01,2040.0,2040.0,2040.0,2040.0,2040.0,2040.0,2040.0,0.0,0.0,0.0,0.0,1.0,1.0,5,4,2023-06-02,2040.0
Banaganapalli APMC,Sona Mahsuri,2023-05-26,0.01,1850.0,2150.0,2050.0,2050.0,2050.0,2050.0,2050.0,0.0,0.0,0.0,0.0,1.0,1.0,5,4,2023-06-02,2050.0
Karapa APMC,1001,2023-05-26,1.0,2040.0,2060.0,2050.0,2040.0,2040.0,2040.0,2042.142857142857,0.0,4.258153136263142,10.0,10.0,1.0049019607843137,1.0038474991255684,5,4,2023-06-03,2050.0
Peddapuram APMC,1001,2023-05-26,85.0,2040.0,2050.0,2040.0,2040.0,2040.0,2040.0,2040.0,0.0,0.0,0.0,0.0,1.0,1.0,5,4,2023-06-02,2040.0
Pithapuram APMC,1001,2023-05-26,1.0,2050.0,2070.0,2060.0,2050.0,2050.0,2050.0,2050.0,0.0,0.0,10.0,10.0,1.0048780487804878,1.0048780487804878,5,4,2023-06-05,2050.0
Sampara (Kakinada Rural) APMC,Swarna Masuri (New),2023-05-26,1.0,2020.0,2060.0,2040.0,2040.0,2040.0,2040.0,2040.0,0.0,0.0,0.0,0.0,1.0,1.0,5,4,2023-06-02,2040.0
Tanuku APMC,MTU-1010,2023-05-26,1.0,2020.0,2040.0,2040.0,2040.0,2040.0,2040.0,2040.0,0.0,1.2131806507799106e-05,0.0,0.0,1.0,1.0,5,4,2023-06-03,2040.0
Tiruvuru APMC,Sona,2023-05-26,21.0,2040.0,2040.0,2040.0,2040.0,2040.0,2040.0,2037.142857142857,0.0,24.629117048594956,0.0,0.0,1.0,1.0014025245441796,5,4,2023-06-02,2040.0
Tiruvuru APMC,Sona,2023-05-27,401.0,2040.0,2040.0,2040.0,2040.0,2040.0,2040.0,2034.2857142857144,0.0,21.380899352993502,0.0,0.0,1.0,1.002808988764045,5,5,2023-06-03,2040.0
Tanuku APMC,MTU-1010,2023-05-27,1.0,2020.0,2060.0,2040.0,2040.0,2040.0,2040.0,2040.0,0.0,1.2131806507799106e-05,0.0,0.0,1.0,1.0,5,5,2023-06-03,2040.0
Pithapuram APMC,1001,2023-05-27,1.0,2040.0,2060.0,2050.0,2060.0,2050.0,2051.428571428572,2050.714285714286,3.779644730092244,2.6726124191242344,-10.0,0.0,0.9993036211699164,0.9996516893068615,5,5,2023-06-05,2050.0
Peddapuram APMC,1001,2023-05-27,73.0,2040.0,2050.0,2040.0,2040.0,2040.0,2040.0,2040.0,0.0,0.0,0.0,0.0,1.0,1.0,5,5,2023-06-03,2040.0
Banaganapalli APMC,Sona Mahsuri,2023-05-27,0.01,1850.0,2150.0,2050.0,2050.0,2050.0,2050.0,2050.0,0.0,0.0,0.0,0.0,1.0,1.0,5,5,2023-06-03,2050.0
Atmakur (Nandyal District) APMC,Sona Mahsuri,2023-05-27,0.01,2040.0,2040.0,2040.0,2040.0,2040.0,2040.0,2040.0,0.0,0.0,0.0,0.0,1.0,1.0,5,5,2023-06-03,2040.0
Karapa APMC,1001,2023-05-27,1.0,2040.0,2060.0,2050.0,2050.0,2040.0,2041.4285714285716,2042.857142857143,3.779644730092294,4.688072309384858,0.0,10.0,1.0041987403778867,1.0034965034965035,5,5,2023-06-03,2050.0
Atmakur (Nandyal District) APMC,Sona Mahsuri,2023-05-28,0.01,2040.0,2040.0,2040.0,2040.0,2040.0,2040.0,2040.0,0.0,0.0,0.0,0.0,1.0,1.0,5,6,2023-06-04,2040.0
Banaganapalli APMC,Sona Mahsuri,2023-05-28,0.01,1850.0,2150.0,2050.0,2050.0,2050.0,2050.0,2050.0,0.0,0.0,0.0,0.0,1.0,1.0,5,6,2023-06-05,2050.0
Karapa APMC,1001,2023-05-28,1.0,2040.0,2060.0,2050.0,2050.0,2040.0,2042.857142857143,2043.571428571429,4.879500364742736,4.972451580988337,0.0,10.0,1.0034965034965035,1.0031457532331352,5,6,2023-06-04,2040.0
Peddapuram APMC,1001,2023-05-28,0.1,2040.0,2050.0,2040.0,2040.0,2040.0,2040.0,2040.0,0.0,0.0,0.0,0.0,1.0,1.0,5,6,2023-06-05,2040.0
Rajahmundry APMC,Paddy,2023-05-28,0.5,2040.0,2040.0,2040.0,2040.0,2040.0,2040.0,2040.0,0.0,0.0,0.0,0.0,1.0,1.0,5,6,2023-06-04,2040.0
Rajahmundry APMC,Swarna Masuri (New),2023-05-28,0.5,2060.0,2060.0,2060.0,2060.0,2060.0,2060.0,2060.0,0.0,1.3424599555027743e-05,0.0,0.0,1.0,1.0,5,6,2023-06-04,2060.0
Tanuku APMC,MTU-1010,2023-05-28,1.0,2020.0,2060.0,2040.0,2040.0,2040.0,2040.0,2040.0,0.0,1.2131806507799106e-05,0.0,0.0,1.0,1.0,5,6,2023-06-04,2040.0
Tiruvuru APMC,Sona,2023-05-29,18.0,2040.0,2040.0,2040.0,2040.0,2040.0,2040.0,2034.2857142857144,0.0,21.380899352993502,0.0,0.0,1.0,1.002808988764045,5,0,2023-06-05,2040.0
Tanuku APMC,MTU-1010,2023-05-29,1.0,2020.0,2060.0,2040.0,2040.0,2040.0,2040.0,2040.0,0.0,1.2131806507799106e-05,0.0,0.0,1.0,1.0,5,0,2023-06-05,2040.0
Rajahmundry APMC,Swarna Masuri (New),2023-05-29,0.5,2060.0,2060.0,2060.0,2060.0,2060.0,2060.0,2060.0,0.0,1.3424599555027743e-05,0.0,0.0,1.0,1.0,5,0,2023-06-05,2060.0
Banaganapalli APMC,Sona Mahsuri,2023-05-29,0.01,1850.0,2150.0,2050.0,2050.0,2050.0,2050.0,2050.0,0.0,0.0,0.0,0.0,1.0,1.0,5,0,2023-06-05,2050.0
Karapa APMC,1001,2023-05-29,1.0,2040.0,2060.0,2040.0,2050.0,2040.0,2044.2857142857144,2044.2857142857144,5.345224838248632,5.135525910130771,-10.0,0.0,0.9979035639413,0.9979035639413,5,0,2023-06-05,2050.0
Atmakur (Nandyal District) APMC,Sona Mahsuri,2023-05-29,0.01,2040.0,2040.0,2040.0,2040.0,2040.0,2040.0,2040.0,0.0,0.0,0.0,0.0,1.0,1.0,5,0,2023-06-05,2040.0
Rajahmundry APMC,Paddy,2023-05-29,0.5,2040.0,2040.0,2040.0,2040.0,2040.0,2040.0,2040.0,0.0,0.0,0.0,0.0,1.0,1.0,5,0,2023-06-05,2040.0
Tanuku APMC,MTU-1010,2023-05-30,1.0,2020.0,2060.0,2040.0,2040.0,2040.0,2040.0,2040.0,0.0,1.2131806507799106e-05,0.0,0.0,1.0,1.0,5,1,2023-06-06,2040.0
Sampara (Kakinada Rural) APMC,Swarna Masuri (New),2023-05-30,1.0,2020.0,2060.0,2040.0,2040.0,2040.0,2040.0,2040.0,0.0,0.0,0.0,0.0,1.0,1.0,5,1,2023-06-07,2040.0
Rajahmundry APMC,Swarna Masuri (New),2023-05-30,0.5,2060.0,2060.0,2060.0,2060.0,2060.0,2060.0,2060.0,0.0,1.3424599555027743e-05,0.0,0.0,1.0,1.0,5,1,2023-06-06,2060.0
Rajahmundry APMC,Paddy,2023-05-30,0.5,2040.0,2040.0,2040.0,2040.0,2040.0,2040.0,2040.0,0.0,0.0,0.0,0.0,1.0,1.0,5,1,2023-06-06,2040.0
Tiruvuru APMC,Sona,2023-05-30,24.0,2040.0,2040.0,2040.0,2040.0,2040.0,2040.0,2040.0,0.0,0.0,0.0,0.0,1.0,1.0,5,1,2023-06-07,2040.0
Peddapuram APMC,1001,2023-05-30,0.1,2040.0,2050.0,2040.0,2040.0,2040.0,2040.0,2040.0,0.0,0.0,0.0,0.0,1.0,1.0,5,1,2023-06-06,2040.0
Karapa APMC,1001,2023-05-30,0.1,2040.0,2060.0,2050.0,2040.0,2040.0,2044.2857142857144,2044.2857142857144,5.345224838248632,5.135525910130771,10.0,10.0,1.002795248078267,1.002795248078267,5,1,2023-06-06,2050.0
Banaganapalli APMC,Sona Mahsuri,2023-05-30,0.01,1850.0,2150.0,2050.0,2050.0,2050.0,2050.0,2050.0,0.0,0.0,0.0,0.0,1.0,1.0,5,1,2023-06-06,2050.0
Atmakur (Nandyal District) APMC,Sona Mahsuri,2023-05-30,0.01,2040.0,2040.0,2040.0,2040.0,2040.0,2040.0,2040.0,0.0,0.0,0.0,0.0,1.0,1.0,5,1,2023-06-06,2040.0
Pithapuram APMC,1001,2023-05-30,1.0,2040.0,2060.0,2050.0,2050.0,2050.0,2051.428571428572,2050.714285714286,3.779644730092244,2.6726124191242344,0.0,0.0,0.9993036211699164,0.9996516893068615,5,1,2023-06-08,2050.0
Tiruvuru APMC,Sona,2023-05-31,70.0,2040.0,2040.0,2040.0,2040.0,2040.0,2040.0,2040.0,0.0,0.0,0.0,0.0,1.0,1.0,5,2,2023-06-07,2040.0
Tanuku APMC,MTU-1010,2023-05-31,1.0,2020.0,2080.0,2040.0,2040.0,2040.0,2040.0,2040.0,0.0,1.2131806507799106e-05,0.0,0.0,1.0,1.0,5,2,2023-06-12,2040.0
Sampara (Kakinada Rural) APMC,Swarna Masuri (New),2023-05-31,1.0,2020.0,2060.0,2040.0,2040.0,2040.0,2040.0,2040.0,0.0,0.0,0.0,0.0,1.0,1.0,5,2,2023-06-07,2040.0
Rajahmundry APMC,Swarna Masuri (New),2023-05-31,0.5,2060.0,2060.0,2060.0,2060.0,2060.0,2060.0,2060.0,0.0,1.3424599555027743e-05,0.0,0.0,1.0,1.0,5,2,2023-06-07,2060.0
Rajahmundry APMC,Paddy,2023-05-31,0.5,2040.0,2040.0,2040.0,2040.0,2040.0,2040.0,2040.0,0.0,0.0,0.0,0.0,1.0,1.0,5,2,2023-06-07,2040.0
Peddapuram APMC,1001,2023-05-31,252.0,2040.0,2050.0,2040.0,2040.0,2040.0,2040.0,2040.0,0.0,0.0,0.0,0.0,1.0,1.0,5,2,2023-06-08,2040.0
Karapa APMC,1001,2023-05-31,1.0,2040.0,2050.0,2040.0,2050.0,2040.0,2045.7142857142856,2044.2857142857144,5.345224838248746,5.135525910130771,-10.0,0.0,0.9972067039106144,0.9979035639413,5,2,2023-06-07,2050.0
Banaganapalli APMC,Sona Mahsuri,2023-05-31,0.01,1850.0,2150.0,2050.0,2050.0,2050.0,2050.0,2050.0,0.0,0.0,0.0,0.0,1.0,1.0,5,2,2023-06-07,2050.0
Atmakur (Nandyal District) APMC,Sona Mahsuri,2023-05-31,0.01,2040.0,2040.0,2040.0,2040.0,2040.0,2040.0,2040.0,0.0,0.0,0.0,0.0,1.0,1.0,5,2,2023-06-07,2040.0
Pithapuram APMC,1001,2023-05-31,1.0,2040.0,2060.0,2050.0,2050.0,2050.0,2051.428571428572,2050.714285714286,3.779644730092244,2.6726124191242344,0.0,0.0,0.9993036211699164,0.9996516893068615,5,2,2023-06-08,2050.0
Tiruvuru APMC,Sona,2023-06-01,10.0,2040.0,2040.0,2040.0,2040.0,2040.0,2040.0,2040.0,0.0,0.0,0.0,0.0,1.0,1.0,6,3,2023-06-09,2040.0
Tanuku APMC,MTU-1010,2023-06-01,1.0,2020.0,2060.0,2040.0,2040.0,2040.0,2040.0,2040.0,0.0,1.2131806507799106e-05,0.0,0.0,1.0,1.0,6,3,2023-06-12,2040.0
Rajahmundry APMC,Paddy,2023-06-01,0.5,2040.0,2040.0,2040.0,2040.0,2040.0,2040.0,2040.0,0.0,0.0,0.0,0.0,1.0,1.0,6,3,2023-06-08,2040.0
Rajahmundry APMC,Swarna Masuri (New),2023-06-01,0.5,2060.0,2060.0,2060.0,2060.0,2060.0,2060.0,2060.0,0.0,1.3424599555027743e-05,0.0,0.0,1.0,1.0,6,3,2023-06-08,2060.0
Banaganapalli APMC,Sona Mahsuri,2023-06-01,0.01,1850.0,2150.0,2050.0,2050.0,2050.0,2050.0,2050.0,0.0,0.0,0.0,0.0,1.0,1.0,6,3,2023-06-08,2050.0
Atmakur (Nandyal District) APMC,Sona Mahsuri,2023-06-01,0.01,2040.0,2040.0,2040.0,2040.0,2040.0,2040.0,2040.0,0.0,0.0,0.0,0.0,1.0,1.0,6,3,2023-06-08,2040.0
Peddapuram APMC,1001,2023-06-01,0.1,2040.0,2040.0,2040.0,2040.0,2040.0,2040.0,2040.0,0.0,0.0,0.0,0.0,1.0,1.0,6,3,2023-06-08,2040.0
Atmakur (Nandyal District) APMC,Sona Mahsuri,2023-06-02,0.01,2040.0,2040.0,2040.0,2040.0,2040.0,2040.0,2040.0,0.0,0.0,0.0,0.0,1.0,1.0,6,4,2023-06-09,2040.0
Banaganapalli APMC,Sona Mahsuri,2023-06-02,0.01,1850.0,2150.0,2050.0,2050.0,2050.0,2050.0,2050.0,0.0,0.0,0.0,0.0,1.0,1.0,6,4,2023-06-09,2050.0
Peddapuram APMC,1001,2023-06-02,0.1,2040.0,2050.0,2040.0,2040.0,2040.0,2040.0,2040.0,0.0,0.0,0.0,0.0,1.0,1.0,6,4,2023-06-09,2040.0
Rajahmundry APMC,Paddy,2023-06-02,0.5,2040.0,2040.0,2040.0,2040.0,2040.0,2040.0,2040.0,0.0,0.0,0.0,0.0,1.0,1.0,6,4,2023-06-09,2040.0
Rajahmundry APMC,Swarna Masuri (New),2023-06-02,0.5,2060.0,2060.0,2060.0,2060.0,2060.0,2060.0,2060.0,0.0,1.3424599555027743e-05,0.0,0.0,1.0,1.0,6,4,2023-06-09,2060.0
Sampara (Kakinada Rural) APMC,Swarna Masuri (New),2023-06-02,1.0,2020.0,2060.0,2040.0,2040.0,2040.0,2040.0,2040.0,0.0,0.0,0.0,0.0,1.0,1.0,6,4,2023-06-09,2040.0
Tiruvuru APMC,Sona,2023-06-02,21.0,2040.0,2040.0,2040.0,2040.0,2040.0,2040.0,2040.0,0.0,0.0,0.0,0.0,1.0,1.0,6,4,2023-06-09,2040.0
Tiruvuru APMC,Sona,2023-06-03,18.0,2040.0,2040.0,2040.0,2040.0,2040.0,2040.0,2040.0,0.0,0.0,0.0,0.0,1.0,1.0,6,5,2023-06-13,2040.0
Tanuku APMC,MTU-1010,2023-06-03,1.0,2020.0,2060.0,2040.0,2040.0,2040.0,2040.0,2040.0,0.0,1.2131806507799106e-05,0.0,0.0,1.0,1.0,6,5,2023-06-12,2040.0
Sampara (Kakinada Rural) APMC,Swarna Masuri (New),2023-06-03,1.0,2020.0,2060.0,2040.0,2040.0,2040.0,2040.0,2040.0,0.0,0.0,0.0,0.0,1.0,1.0,6,5,2023-06-10,2040.0
Rajahmundry APMC,Swarna Masuri (New),2023-06-03,0.5,2060.0,2060.0,2060.0,2060.0,2060.0,2060.0,2060.0,0.0,1.3424599555027743e-05,0.0,0.0,1.0,1.0,6,5,2023-06-11,2060.0
Peddapuram APMC,1001,2023-06-03,0.1,2040.0,2050.0,2040.0,2040.0,2040.0,2040.0,2040.0,0.0,0.0,0.0,0.0,1.0,1.0,6,5,2023-06-12,2040.0
Karapa APMC,1001,2023-06-03,1.0,2040.0,2060.0,2050.0,2040.0,2040.0,2045.7142857142856,2043.571428571429,5.345224838248746,4.972451580988337,10.0,10.0,1.0020949720670391,1.0031457532331352,6,5,2023-06-10,2040.0
Banaganapalli APMC,Sona Mahsuri,2023-06-03,0.01,1850.0,2150.0,2050.0,2050.0,2050.0,2050.0,2050.0,0.0,0.0,0.0,0.0,1.0,1.0,6,5,2023-06-10,2050.0
Atmakur (Nandyal District) APMC,Sona Mahsuri,2023-06-03,0.01,2040.0,2040.0,2040.0,2040.0,2040.0,2040.0,2040.0,0.0,0.0,0.0,0.0,1.0,1.0,6,5,2023-06-10,2040.0
Rajahmundry APMC,Paddy,2023-06-03,0.5,2040.0,2040.0,2040.0,2040.0,2040.0,2040.0,2040.0,0.0,0.0,0.0,0.0,1.0,1.0,6,5,2023-06-11,2040.0
Atmakur (Nandyal District) APMC,Sona Mahsuri,2023-06-04,0.01,2040.0,2040.0,2040.0,2040.0,2040.0,2040.0,2040.0,0.0,0.0,0.0,0.0,1.0,1.0,6,6,2023-06-11,2040.0
Karapa APMC,1001,2023-06-04,1.0,2040.0,2060.0,2040.0,2050.0,2050.0,2047.142857142857,2043.571428571429,4.879500364743064,4.972451580988337,-10.0,-10.0,0.9965108164689462,0.9982523593149248,6,6,2023-06-11,2050.0
Rajahmundry APMC,Paddy,2023-06-04,0.5,2040.0,2040.0,2040.0,2040.0,2040.0,2040.0,2040.0,0.0,0.0,0.0,0.0,1.0,1.0,6,6,2023-06-11,2040.0
Rajahmundry APMC,Swarna Masuri (New),2023-06-04,0.5,2060.0,2060.0,2060.0,2060.0,2060.0,2060.0,2060.0,0.0,1.3424599555027743e-05,0.0,0.0,1.0,1.0,6,6,2023-06-11,2060.0
Tanuku APMC,MTU-1010,2023-06-04,1.0,2020.0,2060.0,2040.0,2040.0,2040.0,2040.0,2040.0,0.0,1.2131806507799106e-05,0.0,0.0,1.0,1.0,6,6,2023-06-12,2040.0
Rajahmundry APMC,Swarna Masuri (New),2023-06-05,0.5,2060.0,2060.0,2060.0,2060.0,2060.0,2060.0,2060.0,0.0,1.3424599555027743e-05,0.0,0.0,1.0,1.0,6,0,2023-06-12,2060.0
Tiruvuru APMC,Sona,2023-06-05,60.0,2040.0,2040.0,2040.0,2040.0,2040.0,2040.0,2040.0,0.0,0.0,0.0,0.0,1.0,1.0,6,0,2023-06-13,2040.0
Sampara (Kakinada Rural) APMC,Swarna Masuri (New),2023-06-05,1.0,2020.0,2060.0,2040.0,2040.0,2040.0,2040.0,2040.0,0.0,0.0,0.0,0.0,1.0,1.0,6,0,2023-06-12,2040.0
Rajahmundry APMC,Paddy,2023-06-05,0.5,2040.0,2040.0,2040.0,2040.0,2040.0,2040.0,2040.0,0.0,0.0,0.0,0.0,1.0,1.0,6,0,2023-06-12,2040.0
Tanuku APMC,MTU-1010,2023-06-05,1.0,2020.0,2060.0,2040.0,2040.0,2040.0,2040.0,2040.0,0.0,1.2131806507799106e-05,0.0,0.0,1.0,1.0,6,0,2023-06-12,2040.0
Peddapuram APMC,1001,2023-06-05,73.0,2040.0,2050.0,2040.0,2040.0,2040.0,2040.0,2040.0,0.0,0.0,0.0,0.0,1.0,1.0,6,0,2023-06-12,2040.0
Karapa APMC,1001,2023-06-05,1.0,2040.0,2060.0,2050.0,2040.0,2050.0,2045.7142857142856,2043.571428571429,5.345224838248746,4.972451580988337,10.0,0.0,1.0020949720670391,1.0031457532331352,6,0,2023-06-12,2050.0
Banaganapalli APMC,Sona Mahsuri,2023-06-05,0.01,1850.0,2150.0,2050.0,2050.0,2050.0,2050.0,2050.0,0.0,0.0,0.0,0.0,1.0,1.0,6,0,2023-06-12,2050.0
Pithapuram APMC,1001,2023-06-05,1.0,2040.0,2060.0,2050.0,2050.0,2050.0,2051.428571428572,2050.714285714286,3.779644730092244,2.6726124191242344,0.0,0.0,0.9993036211699164,0.9996516893068615,6,0,2023-06-14,2050.0
Atmakur (Nandyal District) APMC,Sona Mahsuri,2023-06-05,0.01,2040.0,2040.0,2040.0,2040.0,2040.0,2040.0,2040.0,0.0,0.0,0.0,0.0,1.0,1.0,6,0,2023-06-12,2040.0
Atmakur (Nandyal District) APMC,Sona Mahsuri,2023-06-06,0.01,2040.0,2040.0,2040.0,2040.0,2040.0,2040.0,2040.0,0.0,0.0,0.0,0.0,1.0,1.0,6,1,2023-06-13,2040.0
Banaganapalli APMC,Sona Mahsuri,2023-06-06,0.01,1850.0,2150.0,2050.0,2050.0,2050.0,2050.0,2050.0,0.0,0.0,0.0,0.0,1.0,1.0,6,1,2023-06-13,2000.0
Karapa APMC,1001,2023-06-06,1.0,2040.0,2060.0,2050.0,2050.0,2050.0,2045.7142857142856,2044.2857142857144,5.345224838248746,5.135525910130771,0.0,0.0,1.0020949720670391,1.002795248078267,6,1,2023-06-13,2060.0
Peddapuram APMC,1001,2023-06-06,84.0,2040.0,2050.0,2040.0,2040.0,2040.0,2040.0,2040.0,0.0,0.0,0.0,0.0,1.0,1.0,6,1,2023-06-13,2040.0
Rajahmundry APMC,Paddy,2023-06-06,0.5,2040.0,2040.0,2040.0,2040.0,2040.0,2040.0,2040.0,0.0,0.0,0.0,0.0,1.0,1.0,6,1,2023-06-13,2040.0
Rajahmundry APMC,Swarna Masuri (New),2023-06-06,0.5,2060.0,2060.0,2060.0,2060.0,2060.0,2060.0,2060.0,0.0,1.3424599555027743e-05,0.0,0.0,1.0,1.0,6,1,2023-06-13,2060.0
Tanuku APMC,MTU-1010,2023-06-06,1.0,2020.0,2060.0,2040.0,2040.0,2040.0,2040.0,2040.0,0.0,1.2131806507799106e-05,0.0,0.0,1.0,1.0,6,1,2023-06-13,2040.0
Tiruvuru APMC,Sona,2023-06-07,51.0,2040.0,2040.0,2040.0,2040.0,2040.0,2040.0,2040.0,0.0,0.0,0.0,0.0,1.0,1.0,6,2,2023-06-15,2040.0
Sampara (Kakinada Rural) APMC,Swarna Masuri (New),2023-06-07,1.0,2020.0,2060.0,2040.0,2040.0,2040.0,2040.0,2040.0,0.0,0.0,0.0,0.0,1.0,1.0,6,2,2023-06-15,2040.0
Rajahmundry APMC,Swarna Masuri (New),2023-06-07,0.5,2060.0,2060.0,2060.0,2060.0,2060.0,2060.0,2060.0,0.0,1.3424599555027743e-05,0.0,0.0,1.0,1.0,6,2,2023-06-14,2060.0
Karapa APMC,1001,2023-06-07,1.0,2040.0,2060.0,2050.0,2050.0,2040.0,2045.7142857142856,2045.0,5.345224838248746,5.18874521662747,0.0,10.0,1.0020949720670391,1.0024449877750612,6,2,2023-06-19,2050.0
Banaganapalli APMC,Sona Mahsuri,2023-06-07,0.01,1850.0,2150.0,2050.0,2050.0,2050.0,2050.0,2050.0,0.0,0.0,0.0,0.0,1.0,1.0,6,2,2023-06-14,2050.0
Atmakur (Nandyal District) APMC,Sona Mahsuri,2023-06-07,0.01,2040.0,2040.0,2040.0,2040.0,2040.0,2040.0,2040.0,0.0,0.0,0.0,0.0,1.0,1.0,6,2,2023-06-14,2040.0
Rajahmundry APMC,Paddy,2023-06-07,0.5,2040.0,2040.0,2040.0,2040.0,2040.0,2040.0,2040.0,0.0,0.0,0.0,0.0,1.0,1.0,6,2,2023-06-14,2040.0
Atmakur (Nandyal District) APMC,Sona Mahsuri,2023-06-08,0.01,2040.0,2040.0,2040.0,2040.0,2040.0,2040.0,2040.0,0.0,0.0,0.0,0.0,1.0,1.0,6,3,2023-06-15,2040.0
Banaganapalli APMC,Sona Mahsuri,2023-06-08,0.01,1850.0,2150.0,2050.0,2050.0,2050.0,2050.0,2050.0,0.0,0.0,0.0,0.0,1.0,1.0,6,3,2023-06-15,2050.0
Karapa APMC,1001,2023-06-08,1.0,2040.0,2060.0,2050.0,2050.0,2050.0,2047.142857142857,2045.7142857142856,4.879500364743064,5.13552591013064,0.0,0.0,1.0013956734124214,1.0020949720670391,6,3,2023-06-19,2050.0
Peddapuram APMC,1001,2023-06-08,0.1,2040.0,2050.0,2040.0,2040.0,2040.0,2040.0,2040.0,0.0,0.0,0.0,0.0,1.0,1.0,6,3,2023-06-16,2040.0
Pithapuram APMC,1001,2023-06-08,1.0,2040.0,2060.0,2050.0,2050.0,2050.0,2051.428571428572,2050.714285714286,3.779644730092244,2.6726124191242344,0.0,0.0,0.9993036211699164,0.9996516893068615,6,3,2023-06-15,2050.0
Rajahmundry APMC,Paddy,2023-06-08,0.5,2040.0,2040.0,2040.0,2040.0,2040.0,2040.0,2040.0,0.0,0.0,0.0,0.0,1.0,1.0,6,3,2023-06-15,2040.0
Rajahmundry APMC,Swarna Masuri (New),2023-06-08,0.5,2060.0,2060.0,2060.0,2060.0,2060.0,2060.0,2060.0,0.0,1.3424599555027743e-05,0.0,0.0,1.0,1.0,6,3,2023-06-15,2060.0
Rajahmundry APMC,Swarna Masuri (New),2023-06-09,0.5,2060.0,2060.0,2060.0,2060.0,2060.0,2060.0,2060.0,0.0,1.3424599555027743e-05,0.0,0.0,1.0,1.0,6,4,2023-06-16,2060.0
Tiruvuru APMC,Sona,2023-06-09,15.0,2040.0,2040.0,2040.0,2040.0,2040.0,2040.0,2040.0,0.0,0.0,0.0,0.0,1.0,1.0,6,4,2023-06-20,2040.0
Sampara (Kakinada Rural) APMC,Swarna Masuri (New),2023-06-09,1.0,2020.0,2060.0,2040.0,2040.0,2040.0,2040.0,2040.0,0.0,0.0,0.0,0.0,1.0,1.0,6,4,2023-06-16,2040.0
Rajahmundry APMC,Paddy,2023-06-09,0.5,2040.0,2040.0,2040.0,2040.0,2040.0,2040.0,2040.0,0.0,0.0,0.0,0.0,1.0,1.0,6,4,2023-06-16,2040.0
Atmakur (Nandyal District) APMC,Sona Mahsuri,2023-06-09,0.01,2040.0,2040.0,2040.0,2040.0,2040.0,2040.0,2040.0,0.0,0.0,0.0,0.0,1.0,1.0,6,4,2023-06-16,2040.0
Karapa APMC,1001,2023-06-09,1.0,2040.0,2060.0,2040.0,2050.0,2040.0,2047.142857142857,2046.4285714285716,4.879500364743064,4.972451580988073,-10.0,0.0,0.9965108164689462,0.9968586387434556,6,4,2023-06-19,2050.0
Banaganapalli APMC,Sona Mahsuri,2023-06-09,0.01,1850.0,2200.0,2050.0,2050.0,2050.0,2050.0,2050.0,0.0,0.0,0.0,0.0,1.0,1.0,6,4,2023-06-16,2050.0
Peddapuram APMC,1001,2023-06-09,0.1,2040.0,2050.0,2040.0,2040.0,2040.0,2040.0,2040.0,0.0,0.0,0.0,0.0,1.0,1.0,6,4,2023-06-16,2040.0
Atmakur (Nandyal District) APMC,Sona Mahsuri,2023-06-10,0.01,2040.0,2040.0,2040.0,2040.0,2040.0,2040.0,2040.0,0.0,0.0,0.0,0.0,1.0,1.0,6,5,2023-06-17,2040.0
Banaganapalli APMC,Sona Mahsuri,2023-06-10,0.01,1850.0,2200.0,2050.0,2050.0,2050.0,2050.0,2050.0,0.0,0.0,0.0,0.0,1.0,1.0,6,5,2023-06-17,2050.0
Karapa APMC,1001,2023-06-10,1.0,2040.0,2060.0,2040.0,2040.0,2050.0,2047.142857142857,2046.4285714285716,4.879500364743064,4.972451580988073,0.0,-10.0,0.9965108164689462,0.9968586387434556,6,5,2023-06-19,2050.0
Sampara (Kakinada Rural) APMC,Swarna Masuri (New),2023-06-10,1.0,2020.0,2060.0,2040.0,2040.0,2040.0,2040.0,2040.0,0.0,0.0,0.0,0.0,1.0,1.0,6,5,2023-06-17,2040.0
Rajahmundry APMC,Paddy,2023-06-11,0.5,2040.0,2040.0,2040.0,2040.0,2040.0,2040.0,2040.0,0.0,0.0,0.0,0.0,1.0,1.0,6,6,2023-06-18,2040.0
Karapa APMC,1001,2023-06-11,1.0,2040.0,2060.0,2050.0,2040.0,2040.0,2045.7142857142856,2046.4285714285716,5.345224838248746,4.972451580988073,10.0,10.0,1.0020949720670391,1.0017452006980805,6,6,2023-06-19,2050.0
Rajahmundry APMC,Swarna Masuri (New),2023-06-11,0.5,2060.0,2060.0,2060.0,2060.0,2060.0,2060.0,2060.0,0.0,1.3424599555027743e-05,0.0,0.0,1.0,1.0,6,6,2023-06-19,2060.0
Atmakur (Nandyal District) APMC,Sona Mahsuri,2023-06-11,0.01,2040.0,2040.0,2040.0,2040.0,2040.0,2040.0,2040.0,0.0,0.0,0.0,0.0,1.0,1.0,6,6,2023-06-18,2040.0
Banaganapalli APMC,Sona Mahsuri,2023-06-11,0.01,1850.0,2200.0,2050.0,2050.0,2050.0,2050.0,2050.0,0.0,0.0,0.0,0.0,1.0,1.0,6,6,2023-06-18,2050.0
Atmakur (Nandyal District) APMC,Sona Mahsuri,2023-06-12,0.01,2040.0,2040.0,2040.0,2040.0,2040.0,2040.0,2040.0,0.0,0.0,0.0,0.0,1.0,1.0,6,0,2023-06-19,2040.0
Banaganapalli APMC,Sona Mahsuri,2023-06-12,0.01,1850.0,2200.0,2050.0,2050.0,2050.0,2050.0,2050.0,0.0,0.0,0.0,0.0,1.0,1.0,6,0,2023-06-19,2050.0
Karapa APMC,1001,2023-06-12,1.0,2040.0,2060.0,2050.0,2050.0,2050.0,2047.142857142857,2046.4285714285716,4.879500364743064,4.972451580988073,0.0,0.0,1.0013956734124214,1.0017452006980805,6,0,2023-06-19,2050.0
Peddapuram APMC,1001,2023-06-12,361.0,2040.0,2050.0,2040.0,2040.0,2040.0,2040.0,2040.0,0.0,0.0,0.0,0.0,1.0,1.0,6,0,2023-06-19,2040.0
Rajahmundry APMC,Paddy,2023-06-12,0.5,2040.0,2040.0,2040.0,2040.0,2040.0,2040.0,2040.0,0.0,0.0,0.0,0.0,1.0,1.0,6,0,2023-06-19,2040.0
Rajahmundry APMC,Swarna Masuri (New),2023-06-12,0.5,2060.0,2060.0,2060.0,2060.0,2060.0,2060.0,2060.0,0.0,1.3424599555027743e-05,0.0,0.0,1.0,1.0,6,0,2023-06-19,2060.0
Sampara (Kakinada Rural) APMC,Swarna Masuri (New),2023-06-12,1.0,2020.0,2060.0,2040.0,2040.0,2040.0,2040.0,2040.0,0.0,0.0,0.0,0.0,1.0,1.0,6,0,2023-06-19,2180.0
Tanuku APMC,MTU-1010,2023-06-12,1.0,2020.0,2040.0,2040.0,2040.0,2040.0,2040.0,2040.0,0.0,1.2131806507799106e-05,0.0,0.0,1.0,1.0,6,0,2023-06-19,2040.0
Rajahmundry APMC,Swarna Masuri (New),2023-06-13,0.5,2060.0,2060.0,2060.0,2060.0,2060.0,2060.0,2060.0,0.0,1.3424599555027743e-05,0.0,0.0,1.0,1.0,6,1,2023-06-20,2060.0
Tanuku APMC,MTU-1010,2023-06-13,1.0,2020.0,2040.0,2040.0,2040.0,2040.0,2040.0,2040.0,0.0,1.2131806507799106e-05,0.0,0.0,1.0,1.0,6,1,2023-06-20,2040.0
Rajahmundry APMC,Paddy,2023-06-13,0.5,2040.0,2040.0,2040.0,2040.0,2040.0,2040.0,2040.0,0.0,0.0,0.0,0.0,1.0,1.0,6,1,2023-06-20,2040.0
Tiruvuru APMC,Sona,2023-06-13,80.0,2040.0,2040.0,2040.0,2040.0,2040.0,2040.0,2040.0,0.0,0.0,0.0,0.0,1.0,1.0,6,1,2023-06-20,2040.0
Karapa APMC,1001,2023-06-13,1.0,2040.0,2060.0,2060.0,2050.0,2050.0,2047.142857142857,2046.4285714285716,4.879500364743064,4.972451580988073,10.0,10.0,1.0062805303558968,1.006631762652705,6,1,2023-06-20,2040.0
Banaganapalli APMC,Sona Mahsuri,2023-06-13,0.01,1800.0,2200.0,2000.0,2050.0,2050.0,2050.0,2050.0,0.0,0.0,-50.0,-50.0,0.975609756097561,0.975609756097561,6,1,2023-06-20,2050.0
Atmakur (Nandyal District) APMC,Sona Mahsuri,2023-06-13,0.01,2040.0,2040.0,2040.0,2040.0,2040.0,2040.0,2040.0,0.0,0.0,0.0,0.0,1.0,1.0,6,1,2023-06-20,2040.0
Peddapuram APMC,1001,2023-06-13,0.1,2040.0,2050.0,2040.0,2040.0,2040.0,2040.0,2040.0,0.0,0.0,0.0,0.0,1.0,1.0,6,1,2023-06-20,2040.0
Atmakur (Nandyal District) APMC,Sona Mahsuri,2023-06-14,0.01,2040.0,2040.0,2040.0,2040.0,2040.0,2040.0,2040.0,0.0,0.0,0.0,0.0,1.0,1.0,6,2,2023-06-21,2040.0
Banaganapalli APMC,Sona Mahsuri,2023-06-14,0.01,1850.0,2200.0,2050.0,2000.0,2050.0,2042.857142857143,2046.4285714285716,18.898223650461368,13.363062095621205,50.0,0.0,1.0034965034965035,1.0017452006980805,6,2,2023-06-21,2050.0
Peddapuram APMC,1001,2023-06-14,0.1,2040.0,2050.0,2040.0,2040.0,2040.0,2040.0,2040.0,0.0,0.0,0.0,0.0,1.0,1.0,6,2,2023-06-22,2040.0
Pithapuram APMC,1001,2023-06-14,1.0,2040.0,2060.0,2050.0,2050.0,2050.0,2051.428571428572,2050.714285714286,3.779644730092244,2.6726124191242344,0.0,0.0,0.9993036211699164,0.9996516893068615,6,2,2023-06-21,2050.0
Rajahmundry APMC,Paddy,2023-06-14,0.5,2040.0,2040.0,2040.0,2040.0,2040.0,2040.0,2040.0,0.0,0.0,0.0,0.0,1.0,1.0,6,2,2023-06-21,2040.0
Rajahmundry APMC,Swarna Masuri (New),2023-06-14,0.5,2060.0,2060.0,2060.0,2060.0,2060.0,2060.0,2060.0,0.0,1.3424599555027743e-05,0.0,0.0,1.0,1.0,6,2,2023-06-21,2060.0
Tanuku APMC,MTU-1010,2023-06-14,1.0,2020.0,2040.0,2040.0,2040.0,2040.0,2040.0,2040.0,0.0,1.2131806507799106e-05,0.0,0.0,1.0,1.0,6,2,2023-06-21,2040.0
Tiruvuru APMC,Sona,2023-06-15,31.6,2040.0,2040.0,2040.0,2040.0,2040.0,2040.0,2040.0,0.0,0.0,0.0,0.0,1.0,1.0,6,3,2023-06-22,2040.0
Tanuku APMC,MTU-1010,2023-06-15,1.0,2020.0,2040.0,2040.0,2040.0,2040.0,2040.0,2040.0,0.0,1.2131806507799106e-05,0.0,0.0,1.0,1.0,6,3,2023-06-22,2040.0
Sampara (Kakinada Rural) APMC,Swarna Masuri (New),2023-06-15,1.0,2020.0,2060.0,2040.0,2040.0,2040.0,2040.0,2040.0,0.0,0.0,0.0,0.0,1.0,1.0,6,3,2023-06-22,2180.0
Rajahmundry APMC,Swarna Masuri (New),2023-06-15,0.5,2060.0,2060.0,2060.0,2060.0,2060.0,2060.0,2060.0,0.0,1.3424599555027743e-05,0.0,0.0,1.0,1.0,6,3,2023-06-23,2060.0
Pithapuram APMC,1001,2023-06-15,1.0,2040.0,2060.0,2050.0,2050.0,2060.0,2051.428571428572,2050.714285714286,3.779644730092244,2.6726124191242344,0.0,-10.0,0.9993036211699164,0.9996516893068615,6,3,2023-06-23,2050.0
Banaganapalli APMC,Sona Mahsuri,2023-06-15,0.01,1850.0,2200.0,2050.0,2050.0,2050.0,2042.857142857143,2046.4285714285716,18.898223650461368,13.363062095621205,0.0,0.0,1.0034965034965035,1.0017452006980805,6,3,2023-06-22,2050.0
Atmakur (Nandyal District) APMC,Sona Mahsuri,2023-06-15,0.01,2040.0,2040.0,2040.0,2040.0,2040.0,2040.0,2040.0,0.0,0.0,0.0,0.0,1.0,1.0,6,3,2023-06-22,2040.0
Rajahmundry APMC,Paddy,2023-06-15,0.5,2040.0,2040.0,2040.0,2040.0,2040.0,2040.0,2040.0,0.0,0.0,0.0,0.0,1.0,1.0,6,3,2023-06-23,2040.0
Atmakur (Nandyal District) APMC,Sona Mahsuri,2023-06-16,0.01,2040.0,2040.0,2040.0,2040.0,2040.0,2040.0,2040.0,0.0,0.0,0.0,0.0,1.0,1.0,6,4,2023-06-23,2040.0
Banaganapalli APMC,Sona Mahsuri,2023-06-16,0.01,1850.0,2200.0,2050.0,2050.0,2050.0,2042.857142857143,2046.4285714285716,18.898223650461368,13.363062095621205,0.0,0.0,1.0034965034965035,1.0017452006980805,6,4,2023-06-23,2050.0
Peddapuram APMC,1001,2023-06-16,0.1,2040.0,2040.0,2040.0,2040.0,2040.0,2040.0,2040.0,0.0,0.0,0.0,0.0,1.0,1.0,6,4,2023-06-23,2040.0
Pithapuram APMC,1001,2023-06-16,1.0,2040.0,2060.0,2050.0,2050.0,2050.0,2050.0,2050.714285714286,0.0,2.6726124191242344,0.0,0.0,1.0,0.9996516893068615,6,4,2023-06-23,2050.0
Rajahmundry APMC,Paddy,2023-06-16,0.5,2040.0,2040.0,2040.0,2040.0,2040.0,2040.0,2040.0,0.0,0.0,0.0,0.0,1.0,1.0,6,4,2023-06-23,2040.0
Rajahmundry APMC,Swarna Masuri (New),2023-06-16,0.5,2060.0,2060.0,2060.0,2060.0,2060.0,2060.0,2060.0,0.0,1.3424599555027743e-05,0.0,0.0,1.0,1.0,6,4,2023-06-23,2060.0
Sampara (Kakinada Rural) APMC,Swarna Masuri (New),2023-06-16,1.0,2020.0,2060.0,2040.0,2040.0,2040.0,2040.0,2040.0,0.0,0.0,0.0,0.0,1.0,1.0,6,4,2023-06-23,2180.0
Sampara (Kakinada Rural) APMC,Swarna Masuri (New),2023-06-17,1.0,2020.0,2060.0,2040.0,2040.0,2040.0,2040.0,2040.0,0.0,0.0,0.0,0.0,1.0,1.0,6,5,2023-06-26,2180.0
Rajahmundry APMC,Paddy,2023-06-17,0.5,2040.0,2040.0,2040.0,2040.0,2040.0,2040.0,2040.0,0.0,0.0,0.0,0.0,1.0,1.0,6,5,2023-06-24,2040.0
Rajahmundry APMC,Swarna Masuri (New),2023-06-17,0.5,2060.0,2060.0,2060.0,2060.0,2060.0,2060.0,2060.0,0.0,1.3424599555027743e-05,0.0,0.0,1.0,1.0,6,5,2023-06-24,2060.0
Banaganapalli APMC,Sona Mahsuri,2023-06-17,0.01,1850.0,2200.0,2050.0,2050.0,2050.0,2042.857142857143,2046.4285714285716,18.898223650461368,13.363062095621205,0.0,0.0,1.0034965034965035,1.0017452006980805,6,5,2023-06-24,2050.0
Atmakur (Nandyal District) APMC,Sona Mahsuri,2023-06-17,0.01,2040.0,2040.0,2040.0,2040.0,2040.0,2040.0,2040.0,0.0,0.0,0.0,0.0,1.0,1.0,6,5,2023-06-24,2040.0
Peddapuram APMC,1001,2023-06-17,0.1,2040.0,2050.0,2040.0,2040.0,2040.0,2040.0,2040.0,0.0,0.0,0.0,0.0,1.0,1.0,6,5,2023-06-24,2040.0
Atmakur (Nandyal District) APMC,Sona Mahsuri,2023-06-18,0.01,2040.0,2040.0,2040.0,2040.0,2040.0,2040.0,2040.0,0.0,0.0,0.0,0.0,1.0,1.0,6,6,2023-06-25,2040.0
Banaganapalli APMC,Sona Mahsuri,2023-06-18,0.01,1850.0,2200.0,2050.0,2050.0,2050.0,2042.857142857143,2046.4285714285716,18.898223650461368,13.363062095621205,0.0,0.0,1.0034965034965035,1.0017452006980805,6,6,2023-06-25,2050.0
Rajahmundry APMC,Paddy,2023-06-18,0.5,2040.0,2040.0,2040.0,2040.0,2040.0,2040.0,2040.0,0.0,0.0,0.0,0.0,1.0,1.0,6,6,2023-06-25,2040.0
Sampara (Kakinada Rural) APMC,Swarna Masuri (New),2023-06-19,1.0,2150.0,2200.0,2180.0,2040.0,2040.0,2040.0,2040.0,0.0,0.0,140.0,140.0,1.068627450980392,1.068627450980392,6,0,2023-06-26,2180.0
Rajahmundry APMC,Swarna Masuri (New),2023-06-19,0.5,2060.0,2060.0,2060.0,2060.0,2060.0,2060.0,2060.0,0.0,1.3424599555027743e-05,0.0,0.0,1.0,1.0,6,0,2023-06-26,2060.0
Rajahmundry APMC,Paddy,2023-06-19,0.5,2040.0,2040.0,2040.0,2040.0,2040.0,2040.0,2040.0,0.0,0.0,0.0,0.0,1.0,1.0,6,0,2023-06-26,2040.0
Pithapuram APMC,1001,2023-06-19,1.0,2040.0,2060.0,2050.0,2050.0,2050.0,2050.0,2050.714285714286,0.0,2.6726124191242344,0.0,0.0,1.0,0.9996516893068615,6,0,2023-06-26,2050.0
Karapa APMC,1001,2023-06-19,1.0,2040.0,2060.0,2050.0,2060.0,2050.0,2048.5714285714284,2047.142857142857,6.900655593423873,6.112498455020886,-10.0,0.0,1.0006973500697351,1.0013956734124214,6,0,2023-06-26,2040.0
Banaganapalli APMC,Sona Mahsuri,2023-06-19,0.01,1850.0,2200.0,2050.0,2050.0,2050.0,2042.857142857143,2046.4285714285716,18.898223650461368,13.363062095621205,0.0,0.0,1.0034965034965035,1.0017452006980805,6,0,2023-06-26,2050.0
Atmakur (Nandyal District) APMC,Sona Mahsuri,2023-06-19,0.01,2040.0,2040.0,2040.0,2040.0,2040.0,2040.0,2040.0,0.0,0.0,0.0,0.0,1.0,1.0,6,0,2023-06-26,2040.0
Peddapuram APMC,1001,2023-06-19,0.1,2040.0,2050.0,2040.0,2040.0,2040.0,2040.0,2040.0,0.0,0.0,0.0,0.0,1.0,1.0,6,0,2023-06-28,2045.0
Tiruvuru APMC,Sona,2023-06-20,12.0,2040.0,2040.0,2040.0,2040.0,2040.0,2040.0,2040.0,0.0,0.0,0.0,0.0,1.0,1.0,6,1,2023-07-01,2040.0
Sampara (Kakinada Rural) APMC,Swarna Masuri (New),2023-06-20,1.0,2150.0,2200.0,2180.0,2180.0,2040.0,2060.0,2050.0,52.91502622129181,37.416573867739416,0.0,140.0,1.058252427184466,1.0634146341463415,6,1,2023-06-27,2180.0
Rajahmundry APMC,Swarna Masuri (New),2023-06-20,0.5,2060.0,2060.0,2060.0,2060.0,2060.0,2060.0,2060.0,0.0,1.3424599555027743e-05,0.0,0.0,1.0,1.0,6,1,2023-06-27,2060.0
Rajahmundry APMC,Paddy,2023-06-20,0.5,2040.0,2040.0,2040.0,2040.0,2040.0,2040.0,2040.0,0.0,0.0,0.0,0.0,1.0,1.0,6,1,2023-06-27,2040.0
Karapa APMC,1001,2023-06-20,1.0,2040.0,2060.0,2040.0,2050.0,2050.0,2048.5714285714284,2047.857142857143,6.900655593423873,5.789342235217945,-10.0,-10.0,0.99581589958159,0.9961632368329264,6,1,2023-06-27,2060.0
Peddapuram APMC,1001,2023-06-20,0.1,2040.0,2050.0,2040.0,2040.0,2040.0,2040.0,2040.0,0.0,0.0,0.0,0.0,1.0,1.0,6,1,2023-06-28,2045.0
Banaganapalli APMC,Sona Mahsuri,2023-06-20,0.01,1850.0,2200.0,2050.0,2050.0,2000.0,2042.857142857143,2046.4285714285716,18.898223650461368,13.363062095621205,0.0,50.0,1.0034965034965035,1.0017452006980805,6,1,2023-06-27,2050.0
Atmakur (Nandyal District) APMC,Sona Mahsuri,2023-06-20,0.01,2040.0,2040.0,2040.0,2040.0,2040.0,2040.0,2040.0,0.0,0.0,0.0,0.0,1.0,1.0,6,1,2023-06-27,2040.0
Pithapuram APMC,1001,2023-06-20,1.0,2040.0,2060.0,2050.0,2050.0,2050.0,2050.0,2050.714285714286,0.0,2.6726124191242344,0.0,0.0,1.0,0.9996516893068615,6,1,2023-06-27,2050.0
Atmakur (Nandyal District) APMC,Sona Mahsuri,2023-06-21,0.01,2040.0,2040.0,2040.0,2040.0,2040.0,2040.0,2040.0,0.0,0.0,0.0,0.0,1.0,1.0,6,2,2023-06-28,2040.0
Banaganapalli APMC,Sona Mahsuri,2023-06-21,0.01,1850.0,2200.0,2050.0,2050.0,2050.0,2050.0,2046.4285714285716,0.0,13.363062095621205,0.0,0.0,1.0,1.0017452006980805,6,2,2023-06-28,2050.0
Karapa APMC,1001,2023-06-21,1.0,2040.0,2060.0,2050.0,2040.0,2040.0,2047.142857142857,2047.142857142857,7.559289460184792,6.112498455020886,10.0,10.0,1.0013956734124214,1.0013956734124214,6,2,2023-06-28,2050.0
Pithapuram APMC,1001,2023-06-21,1.0,2040.0,2060.0,2050.0,2050.0,2050.0,2050.0,2050.714285714286,0.0,2.6726124191242344,0.0,0.0,1.0,0.9996516893068615,6,2,2023-06-28,2050.0
Rajahmundry APMC,Paddy,2023-06-21,0.5,2040.0,2040.0,2040.0,2040.0,2040.0,2040.0,2040.0,0.0,0.0,0.0,0.0,1.0,1.0,6,2,2023-06-28,2040.0
Rajahmundry APMC,Swarna Masuri (New),2023-06-21,0.5,2060.0,2060.0,2060.0,2060.0,2060.0,2060.0,2060.0,0.0,1.3424599555027743e-05,0.0,0.0,1.0,1.0,6,2,2023-06-28,2060.0
Tiruvuru APMC,Sona,2023-06-21,206.0,2040.0,2040.0,2040.0,2040.0,2040.0,2040.0,2040.0,0.0,0.0,0.0,0.0,1.0,1.0,6,2,2023-07-01,2040.0
Tiruvuru APMC,Sona,2023-06-22,20.0,2040.0,2040.0,2040.0,2040.0,2040.0,2040.0,2040.0,0.0,0.0,0.0,0.0,1.0,1.0,6,3,2023-07-01,2040.0
Sampara (Kakinada Rural) APMC,Swarna Masuri (New),2023-06-22,1.0,2150.0,2200.0,2180.0,2180.0,2040.0,2080.0,2060.0,68.3130051063973,50.83911274417939,0.0,140.0,1.0480769230769231,1.058252427184466,6,3,2023-06-30,2180.0
Peddapuram APMC,1001,2023-06-22,0.1,2040.0,2050.0,2040.0,2040.0,2040.0,2040.0,2040.0,0.0,0.0,0.0,0.0,1.0,1.0,6,3,2023-07-02,2045.0
Banaganapalli APMC,Sona Mahsuri,2023-06-22,0.01,1850.0,2200.0,2050.0,2050.0,2050.0,2050.0,2046.4285714285716,0.0,13.363062095621205,0.0,0.0,1.0,1.0017452006980805,6,3,2023-06-29,2100.0
Atmakur (Nandyal District) APMC,Sona Mahsuri,2023-06-22,0.01,2040.0,2040.0,2040.0,2040.0,2040.0,2040.0,2040.0,0.0,0.0,0.0,0.0,1.0,1.0,6,3,2023-06-29,2040.0
Karapa APMC,1001,2023-06-22,1.0,2040.0,2060.0,2040.0,2050.0,2040.0,2048.5714285714284,2047.857142857143,6.900655593423873,5.789342235217945,-10.0,0.0,0.99581589958159,0.9961632368329264,6,3,2023-07-01,2050.0
Atmakur (Nandyal District) APMC,Sona Mahsuri,2023-06-23,0.01,2040.0,2040.0,2040.0,2040.0,2040.0,2040.0,2040.0,0.0,0.0,0.0,0.0,1.0,1.0,6,4,2023-06-30,2040.0
Banaganapalli APMC,Sona Mahsuri,2023-06-23,0.01,1850.0,2200.0,2050.0,2050.0,2050.0,2050.0,2046.4285714285716,0.0,13.363062095621205,0.0,0.0,1.0,1.0017452006980805,6,4,2023-06-30,2100.0
Peddapuram APMC,1001,2023-06-23,0.1,2040.0,2050.0,2040.0,2040.0,2040.0,2040.0,2040.0,0.0,0.0,0.0,0.0,1.0,1.0,6,4,2023-07-02,2045.0
Pithapuram APMC,1001,2023-06-23,1.0,2040.0,2060.0,2050.0,2050.0,2050.0,2050.0,2050.714285714286,0.0,2.6726124191242344,0.0,0.0,1.0,0.9996516893068615,6,4,2023-06-30,2050.0
Rajahmundry APMC,Paddy,2023-06-23,0.5,2040.0,2040.0,2040.0,2040.0,2040.0,2040.0,2040.0,0.0,0.0,0.0,0.0,1.0,1.0,6,4,2023-06-30,2040.0
Rajahmundry APMC,Swarna Masuri (New),2023-06-23,0.5,2060.0,2060.0,2060.0,2060.0,2060.0,2060.0,2060.0,0.0,1.3424599555027743e-05,0.0,0.0,1.0,1.0,6,4,2023-06-30,2060.0
Sampara (Kakinada Rural) APMC,Swarna Masuri (New),2023-06-23,1.0,2150.0,2200.0,2180.0,2180.0,2040.0,2100.0,2070.0,74.83314773547883,59.614143907684806,0.0,140.0,1.0380952380952382,1.0531400966183575,6,4,2023-06-30,2180.0
Tiruvuru APMC,Sona,2023-06-24,15.0,2040.0,2040.0,2040.0,2040.0,2040.0,2040.0,2040.0,0.0,0.0,0.0,0.0,1.0,1.0,6,5,2023-07-01,2040.0
Rajahmundry APMC,Swarna Masuri (New),2023-06-24,0.5,2060.0,2060.0,2060.0,2060.0,2060.0,2060.0,2060.0,0.0,1.3424599555027743e-05,0.0,0.0,1.0,1.0,6,5,2023-07-01,2060.0
Rajahmundry APMC,Paddy,2023-06-24,0.5,2040.0,2040.0,2040.0,2040.0,2040.0,2040.0,2040.0,0.0,0.0,0.0,0.0,1.0,1.0,6,5,2023-07-01,2040.0
Pithapuram APMC,1001,2023-06-24,1.0,2040.0,2060.0,2050.0,2050.0,2050.0,2050.0,2050.714285714286,0.0,2.6726124191242344,0.0,0.0,1.0,0.9996516893068615,6,5,2023-07-02,2050.0
Peddapuram APMC,1001,2023-06-24,0.1,2040.0,2050.0,2040.0,2040.0,2040.0,2040.0,2040.0,0.0,0.0,0.0,0.0,1.0,1.0,6,5,2023-07-02,2045.0
Banaganapalli APMC,Sona Mahsuri,2023-06-24,0.01,1850.0,2200.0,2050.0,2050.0,2050.0,2050.0,2046.4285714285716,0.0,13.363062095621205,0.0,0.0,1.0,1.0017452006980805,6,5,2023-07-01,2100.0
Atmakur (Nandyal District) APMC,Sona Mahsuri,2023-06-24,0.01,2040.0,2040.0,2040.0,2040.0,2040.0,2040.0,2040.0,0.0,0.0,0.0,0.0,1.0,1.0,6,5,2023-07-01,2040.0
Atmakur (Nandyal District) APMC,Sona Mahsuri,2023-06-25,0.01,2040.0,2040.0,2040.0,2040.0,2040.0,2040.0,2040.0,0.0,0.0,0.0,0.0,1.0,1.0,6,6,2023-07-02,2040.0
Banaganapalli APMC,Sona Mahsuri,2023-06-25,0.01,1850.0,2200.0,2050.0,2050.0,2050.0,2050.0,2046.4285714285716,0.0,13.363062095621205,0.0,0.0,1.0,1.0017452006980805,6,6,2023-07-02,2100.0
Karapa APMC,1001,2023-06-25,1.0,2040.0,2060.0,2050.0,2040.0,2050.0,2048.5714285714284,2047.142857142857,6.900655593423873,6.112498455020886,10.0,0.0,1.0006973500697351,1.0013956734124214,6,6,2023-07-02,2050.0
Peddapuram APMC,1001,2023-06-25,0.1,2040.0,2050.0,2045.0,2040.0,2040.0,2040.0,2040.0,0.0,0.0,5.0,5.0,1.0024509803921569,1.0024509803921569,6,6,2023-07-02,2045.0
Rajahmundry APMC,Paddy,2023-06-25,0.5,2040.0,2040.0,2040.0,2040.0,2040.0,2040.0,2040.0,0.0,0.0,0.0,0.0,1.0,1.0,6,6,2023-07-02,2040.0
Rajahmundry APMC,Swarna Masuri (New),2023-06-25,0.5,2060.0,2060.0,2060.0,2060.0,2060.0,2060.0,2060.0,0.0,1.3424599555027743e-05,0.0,0.0,1.0,1.0,6,6,2023-07-02,2060.0
Sampara (Kakinada Rural) APMC,Swarna Masuri (New),2023-06-26,1.0,2150.0,2200.0,2180.0,2180.0,2040.0,2120.0,2080.0,74.83314773547883,65.63301233138935,0.0,140.0,1.028301886792453,1.0480769230769231,6,0,2023-07-03,2180.0
Rajahmundry APMC,Swarna Masuri (New),2023-06-26,0.5,2060.0,2060.0,2060.0,2060.0,2060.0,2060.0,2060.0,0.0,1.3424599555027743e-05,0.0,0.0,1.0,1.0,6,0,2023-07-03,2060.0
Pithapuram APMC,1001,2023-06-26,1.0,2040.0,2060.0,2050.0,2050.0,2050.0,2050.0,2050.714285714286,0.0,2.6726124191242344,0.0,0.0,1.0,0.9996516893068615,6,0,2023-07-03,2050.0
Rajahmundry APMC,Paddy,2023-06-26,0.5,2040.0,2040.0,2040.0,2040.0,2040.0,2040.0,2040.0,0.0,0.0,0.0,0.0,1.0,1.0,6,0,2023-07-03,2040.0
Banaganapalli APMC,Sona Mahsuri,2023-06-26,0.01,1850.0,2200.0,2050.0,2050.0,2050.0,2050.0,2046.4285714285716,0.0,13.363062095621205,0.0,0.0,1.0,1.0017452006980805,6,0,2023-07-03,2100.0
Atmakur (Nandyal District) APMC,Sona Mahsuri,2023-06-26,0.01,2040.0,2040.0,2040.0,2040.0,2040.0,2040.0,2040.0,0.0,0.0,0.0,0.0,1.0,1.0,6,0,2023-07-03,2040.0
Karapa APMC,1001,2023-06-26,1.0,2040.0,2060.0,2040.0,2050.0,2050.0,2048.5714285714284,2047.857142857143,6.900655593423873,5.789342235217945,-10.0,-10.0,0.99581589958159,0.9961632368329264,6,0,2023-07-03,2060.0
Atmakur (Nandyal District) APMC,Sona Mahsuri,2023-06-27,0.01,2040.0,2040.0,2040.0,2040.0,2040.0,2040.0,2040.0,0.0,0.0,0.0,0.0,1.0,1.0,6,1,2023-07-04,2040.0
Banaganapalli APMC,Sona Mahsuri,2023-06-27,0.01,1850.0,2200.0,2050.0,2050.0,2050.0,2050.0,2046.4285714285716,0.0,13.363062095621205,0.0,0.0,1.0,1.0017452006980805,6,1,2023-07-04,2100.0
Karapa APMC,1001,2023-06-27,1.0,2040.0,2060.0,2060.0,2040.0,2060.0,2047.142857142857,2047.142857142857,7.559289460184792,6.112498455020886,20.0,0.0,1.0062805303558968,1.0062805303558968,6,1,2023-07-04,2050.0
Pithapuram APMC,1001,2023-06-27,1.0,2040.0,2060.0,2050.0,2050.0,2050.0,2050.0,2050.0,0.0,0.0,0.0,0.0,1.0,1.0,6,1,2023-07-04,2050.0
Rajahmundry APMC,Paddy,2023-06-27,0.5,2040.0,2040.0,2040.0,2040.0,2040.0,2040.0,2040.0,0.0,0.0,0.0,0.0,1.0,1.0,6,1,2023-07-04,2040.0
Rajahmundry APMC,Swarna Masuri (New),2023-06-27,0.5,2060.0,2060.0,2060.0,2060.0,2060.0,2060.0,2060.0,0.0,1.3424599555027743e-05,0.0,0.0,1.0,1.0,6,1,2023-07-04,2060.0
Sampara (Kakinada Rural) APMC,Swarna Masuri (New),2023-06-27,1.0,2150.0,2200.0,2180.0,2180.0,2040.0,2140.0,2090.0,68.3130051063973,69.61432213383857,0.0,140.0,1.0186915887850467,1.0430622009569377,6,1,2023-07-04,2180.0
Peddapuram APMC,1001,2023-06-28,0.1,2040.0,2050.0,2045.0,2045.0,2040.0,2040.7142857142856,2040.357142857143,1.8898223650461217,1.3363062095621172,0.0,5.0,1.0021001050052505,1.0022755119901978,6,2,2023-07-05,2045.0
Sampara (Kakinada Rural) APMC,Swarna Masuri (New),2023-06-28,1.0,2150.0,2200.0,2180.0,2180.0,2040.0,2160.0,2100.0,52.91502622129181,71.89736274183339,0.0,140.0,1.0092592592592593,1.0380952380952382,6,2,2023-07-06,2180.0
Rajahmundry APMC,Swarna Masuri (New),2023-06-28,0.5,2060.0,2060.0,2060.0,2060.0,2060.0,2060.0,2060.0,0.0,1.3424599555027743e-05,0.0,0.0,1.0,1.0,6,2,2023-07-07,2060.0
Rajahmundry APMC,Paddy,2023-06-28,0.5,2040.0,2040.0,2040.0,2040.0,2040.0,2040.0,2040.0,0.0,0.0,0.0,0.0,1.0,1.0,6,2,2023-07-07,2040.0
Prattipadu APMC,1001,2023-06-28,1.0,2040.0,2060.0,2050.0,2050.0,2050.0,2050.0,2050.0,0.0,0.0,0.0,0.0,1.0,1.0,6,2,2023-07-05,2050.0
Karapa APMC,1001,2023-06-28,1.0,2040.0,2060.0,2050.0,2060.0,2050.0,2047.142857142857,2047.857142857143,7.559289460184792,6.9929320675302975,-10.0,0.0,1.0013956734124214,1.0010463899546564,6,2,2023-07-05,2040.0
Banaganapalli APMC,Sona Mahsuri,2023-06-28,0.01,1850.0,2200.0,2050.0,2050.0,2050.0,2050.0,2050.0,0.0,0.0,0.0,0.0,1.0,1.0,6,2,2023-07-05,2100.0
Atmakur (Nandyal District) APMC,Sona Mahsuri,2023-06-28,0.01,2040.0,2040.0,2040.0,2040.0,2040.0,2040.0,2040.0,0.0,0.0,0.0,0.0,1.0,1.0,6,2,2023-07-05,2040.0
Pithapuram APMC,1001,2023-06-28,1.0,2040.0,2060.0,2050.0,2050.0,2050.0,2050.0,2050.0,0.0,0.0,0.0,0.0,1.0,1.0,6,2,2023-07-05,2050.0
Rajahmundry APMC,Paddy,2023-06-29,0.5,2040.0,2040.0,2040.0,2040.0,2040.0,2040.0,2040.0,0.0,0.0,0.0,0.0,1.0,1.0,6,3,2023-07-07,2040.0
Atmakur (Nandyal District) APMC,Sona Mahsuri,2023-06-29,0.01,2040.0,2040.0,2040.0,2040.0,2040.0,2040.0,2040.0,0.0,0.0,0.0,0.0,1.0,1.0,6,3,2023-07-07,2040.0
Banaganapalli APMC,Sona Mahsuri,2023-06-29,0.01,1900.0,2200.0,2100.0,2050.0,2050.0,2050.0,2050.0,0.0,0.0,50.0,50.0,1.024390243902439,1.024390243902439,6,3,2023-07-06,2100.0
Pithapuram APMC,1001,2023-06-29,1.0,2040.0,2070.0,2050.0,2050.0,2050.0,2050.0,2050.0,0.0,0.0,0.0,0.0,1.0,1.0,6,3,2023-07-06,2050.0
Prattipadu APMC,1001,2023-06-29,1.0,2040.0,2060.0,2050.0,2050.0,2050.0,2050.0,2050.0,0.0,0.0,0.0,0.0,1.0,1.0,6,3,2023-07-06,2050.0
Rajahmundry APMC,Swarna Masuri (New),2023-06-29,0.5,2060.0,2060.0,2060.0,2060.0,2060.0,2060.0,2060.0,0.0,1.3424599555027743e-05,0.0,0.0,1.0,1.0,6,3,2023-07-07,2060.0
Rajahmundry APMC,Paddy,2023-06-30,0.5,2040.0,2040.0,2040.0,2040.0,2040.0,2040.0,2040.0,0.0,0.0,0.0,0.0,1.0,1.0,6,4,2023-07-07,2040.0
Sampara (Kakinada Rural) APMC,Swarna Masuri (New),2023-06-30,1.0,2150.0,2200.0,2180.0,2180.0,2180.0,2180.0,2110.0,0.0,72.64243303278792,0.0,0.0,1.0,1.033175355450237,6,4,2023-07-10,2180.0
Prattipadu APMC,1001,2023-06-30,1.0,2040.0,2060.0,2050.0,2050.0,2050.0,2050.0,2050.0,0.0,0.0,0.0,0.0,1.0,1.0,6,4,2023-07-09,2050.0
Rajahmundry APMC,Swarna Masuri (New),2023-06-30,0.5,2060.0,2060.0,2060.0,2060.0,2060.0,2060.0,2060.0,0.0,1.3424599555027743e-05,0.0,0.0,1.0,1.0,6,4,2023-07-07,2060.0
Banaganapalli APMC,Sona Mahsuri,2023-06-30,0.01,1900.0,2200.0,2100.0,2100.0,2050.0,2057.1428571428573,2053.5714285714284,18.89822365046132,13.363062095621238,0.0,50.0,1.0208333333333333,1.022608695652174,6,4,2023-07-07,2100.0
Pithapuram APMC,1001,2023-06-30,1.0,2040.0,2060.0,2050.0,2050.0,2050.0,2050.0,2050.0,0.0,0.0,0.0,0.0,1.0,1.0,6,4,2023-07-07,2050.0
Atmakur (Nandyal District) APMC,Sona Mahsuri,2023-06-30,0.01,2040.0,2040.0,2040.0,2040.0,2040.0,2040.0,2040.0,0.0,0.0,0.0,0.0,1.0,1.0,6,4,2023-07-07,2040.0
Atmakur (Nandyal District) APMC,Sona Mahsuri,2023-07-01,0.01,2040.0,2040.0,2040.0,2040.0,2040.0,2040.0,2040.0,0.0,0.0,0.0,0.0,1.0,1.0,7,5,2023-07-08,2040.0
Banaganapalli APMC,Sona Mahsuri,2023-07-01,0.01,1900.0,2200.0,2100.0,2100.0,2050.0,2064.285714285714,2057.1428571428573,24.39750182371328,18.15682598006412,0.0,50.0,1.0173010380622838,1.0208333333333333,7,5,2023-07-08,2100.0
Karapa APMC,1001,2023-07-01,1.0,2040.0,2060.0,2050.0,2050.0,2040.0,2047.142857142857,2047.857142857143,7.559289460184792,6.9929320675302975,0.0,10.0,1.0013956734124214,1.0010463899546564,7,5,2023-07-08,2050.0
Prattipadu APMC,1001,2023-07-01,1.0,2040.0,2060.0,2050.0,2050.0,2050.0,2050.0,2050.0,0.0,0.0,0.0,0.0,1.0,1.0,7,5,2023-07-09,2050.0
Rajahmundry APMC,Paddy,2023-07-01,0.5,2040.0,2040.0,2040.0,2040.0,2040.0,2040.0,2040.0,0.0,0.0,0.0,0.0,1.0,1.0,7,5,2023-07-08,2040.0
Rajahmundry APMC,Swarna Masuri (New),2023-07-01,0.5,2060.0,2060.0,2060.0,2060.0,2060.0,2060.0,2060.0,0.0,1.3424599555027743e-05,0.0,0.0,1.0,1.0,7,5,2023-07-08,2060.0
Sampara (Kakinada Rural) APMC,Swarna Masuri (New),2023-07-01,1.0,2150.0,2200.0,2180.0,2180.0,2180.0,2180.0,2120.0,0.0,71.89736274183339,0.0,0.0,1.0,1.028301886792453,7,5,2023-07-10,2180.0
Tiruvuru APMC,Sona,2023-07-01,12.0,2040.0,2040.0,2040.0,2040.0,2040.0,2040.0,2040.0,0.0,0.0,0.0,0.0,1.0,1.0,7,5,2023-07-14,2040.0
Pithapuram APMC,1001,2023-07-02,1.0,2040.0,2060.0,2050.0,2050.0,2050.0,2050.0,2050.0,0.0,0.0,0.0,0.0,1.0,1.0,7,6,2023-07-09,2050.0
Rajahmundry APMC,Swarna Masuri (New),2023-07-02,0.5,2060.0,2060.0,2060.0,2060.0,2060.0,2060.0,2060.0,0.0,1.3424599555027743e-05,0.0,0.0,1.0,1.0,7,6,2023-07-09,2060.0
Rajahmundry APMC,Paddy,2023-07-02,0.5,2040.0,2040.0,2040.0,2040.0,2040.0,2040.0,2040.0,0.0,0.0,0.0,0.0,1.0,1.0,7,6,2023-07-09,2040.0
Peddapuram APMC,1001,2023-07-02,0.1,2040.0,2050.0,2045.0,2045.0,2040.0,2041.4285714285716,2040.7142857142856,2.4397501823712795,1.8156825980063889,0.0,5.0,1.0017494751574527,1.0021001050052505,7,6,2023-07-10,2045.0
Karapa APMC,1001,2023-07-02,1.0,2040.0,2060.0,2050.0,2050.0,2050.0,2048.5714285714284,2047.857142857143,6.900655593423873,6.9929320675302975,0.0,0.0,1.0006973500697351,1.0010463899546564,7,6,2023-07-09,2060.0
Banaganapalli APMC,Sona Mahsuri,2023-07-02,0.01,1900.0,2200.0,2100.0,2100.0,2050.0,2071.428571428572,2060.714285714286,26.726124191242448,21.29076568131605,0.0,50.0,1.013793103448276,1.0190641247833625,7,6,2023-07-09,2100.0
Atmakur (Nandyal District) APMC,Sona Mahsuri,2023-07-02,0.01,2040.0,2040.0,2040.0,2040.0,2040.0,2040.0,2040.0,0.0,0.0,0.0,0.0,1.0,1.0,7,6,2023-07-09,2040.0
Atmakur (Nandyal District) APMC,Sona Mahsuri,2023-07-03,0.01,2040.0,2040.0,2040.0,2040.0,2040.0,2040.0,2040.0,0.0,0.0,0.0,0.0,1.0,1.0,7,0,2023-07-10,2040.0
Banaganapalli APMC,Sona Mahsuri,2023-07-03,0.01,1900.0,2200.0,2100.0,2100.0,2050.0,2078.5714285714284,2064.285714285714,26.72612419124258,23.44036154692482,0.0,50.0,1.0103092783505154,1.0173010380622838,7,0,2023-07-10,2100.0
Karapa APMC,1001,2023-07-03,1.0,2040.0,2060.0,2060.0,2050.0,2040.0,2048.5714285714284,2048.5714285714284,6.900655593423873,6.629935441317499,10.0,20.0,1.00557880055788,1.00557880055788,7,0,2023-07-10,2050.0
Pithapuram APMC,1001,2023-07-03,1.0,2040.0,2060.0,2050.0,2050.0,2050.0,2050.0,2050.0,0.0,0.0,0.0,0.0,1.0,1.0,7,0,2023-07-10,2050.0
Rajahmundry APMC,Paddy,2023-07-03,0.5,2040.0,2040.0,2040.0,2040.0,2040.0,2040.0,2040.0,0.0,0.0,0.0,0.0,1.0,1.0,7,0,2023-07-10,2040.0
Rajahmundry APMC,Swarna Masuri (New),2023-07-03,0.5,2060.0,2060.0,2060.0,2060.0,2060.0,2060.0,2060.0,0.0,1.3424599555027743e-05,0.0,0.0,1.0,1.0,7,0,2023-07-10,2060.0
Sampara (Kakinada Rural) APMC,Swarna Masuri (New),2023-07-03,1.0,2150.0,2200.0,2180.0,2180.0,2180.0,2180.0,2130.0,0.0,69.61432213383857,0.0,0.0,1.0,1.0234741784037558,7,0,2023-07-10,2180.0
Rajahmundry APMC,Swarna Masuri (New),2023-07-04,0.5,2060.0,2060.0,2060.0,2060.0,2060.0,2060.0,2060.0,0.0,1.3424599555027743e-05,0.0,0.0,1.0,1.0,7,1,2023-07-11,2060.0
Rajahmundry APMC,Paddy,2023-07-04,0.5,2040.0,2040.0,2040.0,2040.0,2040.0,2040.0,2040.0,0.0,0.0,0.0,0.0,1.0,1.0,7,1,2023-07-11,2040.0
Prattipadu APMC,1001,2023-07-04,1.0,2040.0,2060.0,2050.0,2050.0,2050.0,2050.0,2050.0,0.0,0.0,0.0,0.0,1.0,1.0,7,1,2023-07-11,2050.0
Sampara (Kakinada Rural) APMC,Swarna Masuri (New),2023-07-04,1.0,2150.0,2200.0,2180.0,2180.0,2180.0,2180.0,2140.0,0.0,65.63301233138935,0.0,0.0,1.0,1.0186915887850467,7,1,2023-07-11,2180.0
Peddapuram APMC,1001,2023-07-04,0.1,2040.0,2050.0,2045.0,2045.0,2040.0,2042.142857142857,2041.071428571429,2.6726124191241816,2.1290765681315613,0.0,5.0,1.001399090591116,1.0019247594050744,7,1,2023-07-11,2045.0
Karapa APMC,1001,2023-07-04,1.0,2040.0,2060.0,2050.0,2060.0,2050.0,2051.428571428572,2050.0,6.900655593423873,6.793662204867052,-10.0,0.0,0.9993036211699164,1.0,7,1,2023-07-11,2050.0
Banaganapalli APMC,Sona Mahsuri,2023-07-04,0.01,1900.0,2200.0,2100.0,2100.0,2050.0,2085.714285714286,2067.8571428571427,24.397501823713707,24.86225790494241,0.0,50.0,1.0068493150684932,1.0155440414507773,7,1,2023-07-11,2100.0
Atmakur (Nandyal District) APMC,Sona Mahsuri,2023-07-04,0.01,2040.0,2040.0,2040.0,2040.0,2040.0,2040.0,2040.0,0.0,0.0,0.0,0.0,1.0,1.0,7,1,2023-07-11,2040.0
Pithapuram APMC,1001,2023-07-04,1.0,2040.0,2060.0,2050.0,2050.0,2050.0,2050.0,2050.0,0.0,0.0,0.0,0.0,1.0,1.0,7,1,2023-07-11,2050.0
Atmakur (Nandyal District) APMC,Sona Mahsuri,2023-07-05,0.01,2040.0,2040.0,2040.0,2040.0,2040.0,2040.0,2040.0,0.0,0.0,0.0,0.0,1.0,1.0,7,2,2023-07-12,2040.0
Banaganapalli APMC,Sona Mahsuri,2023-07-05,0.01,1900.0,2200.0,2100.0,2100.0,2050.0,2092.8571428571427,2071.428571428572,18.89822365046225,25.677629550654878,0.0,50.0,1.0034129692832765,1.013793103448276,7,2,2023-07-12,2100.0
Karapa APMC,1001,2023-07-05,1.0,2040.0,2060.0,2040.0,2050.0,2040.0,2051.428571428572,2050.0,6.900655593423873,6.793662204867052,-10.0,0.0,0.9944289693593314,0.9951219512195122,7,2,2023-07-12,2050.0
Peddapuram APMC,1001,2023-07-05,0.1,2040.0,2050.0,2045.0,2045.0,2040.0,2042.857142857143,2041.4285714285716,2.6726124191241816,2.344036154692429,0.0,5.0,1.001048951048951,1.0017494751574527,7,2,2023-07-14,2040.0
Pithapuram APMC,1001,2023-07-05,1.0,2040.0,2060.0,2050.0,2050.0,2050.0,2050.0,2050.0,0.0,0.0,0.0,0.0,1.0,1.0,7,2,2023-07-12,2050.0
Prattipadu APMC,1001,2023-07-05,1.0,2040.0,2060.0,2050.0,2050.0,2050.0,2050.0,2050.0,0.0,0.0,0.0,0.0,1.0,1.0,7,2,2023-07-12,2050.0
Tiruvuru APMC,Sona,2023-07-05,11.0,2040.0,2040.0,2040.0,2040.0,2040.0,2040.0,2040.0,0.0,0.0,0.0,0.0,1.0,1.0,7,2,2023-07-14,2040.0
Sampara (Kakinada Rural) APMC,Swarna Masuri (New),2023-07-06,1.0,2150.0,2200.0,2180.0,2180.0,2180.0,2180.0,2150.0,0.0,59.61414390768481,0.0,0.0,1.0,1.013953488372093,7,3,2023-07-13,2180.0
Prattipadu APMC,1001,2023-07-06,1.0,2040.0,2060.0,2050.0,2050.0,2050.0,2050.0,2050.0,0.0,0.0,0.0,0.0,1.0,1.0,7,3,2023-07-13,2050.0
Pithapuram APMC,1001,2023-07-06,1.0,2040.0,2060.0,2050.0,2050.0,2050.0,2050.0,2050.0,0.0,0.0,0.0,0.0,1.0,1.0,7,3,2023-07-13,2050.0
Peddapuram APMC,1001,2023-07-06,0.1,2040.0,2050.0,2045.0,2045.0,2040.0,2043.571428571429,2041.7857142857144,2.4397501823712333,2.4862257904941685,0.0,5.0,1.00069905627403,1.0015742522301907,7,3,2023-07-14,2040.0
Banaganapalli APMC,Sona Mahsuri,2023-07-06,0.01,1900.0,2200.0,2100.0,2100.0,2100.0,2100.0,2075.0,0.0,25.943726083138664,0.0,0.0,1.0,1.0120481927710845,7,3,2023-07-13,2100.0
Karapa APMC,1001,2023-07-06,1.0,2040.0,2050.0,2040.0,2040.0,2060.0,2051.428571428572,2049.285714285714,6.900655593423873,7.300459115473274,0.0,-20.0,0.9944289693593314,0.9954688044614848,7,3,2023-07-16,2050.0
Atmakur (Nandyal District) APMC,Sona Mahsuri,2023-07-07,0.01,2040.0,2040.0,2040.0,2040.0,2040.0,2040.0,2040.0,0.0,0.0,0.0,0.0,1.0,1.0,7,4,2023-07-15,2040.0
Banaganapalli APMC,Sona Mahsuri,2023-07-07,0.01,1900.0,2200.0,2100.0,2100.0,2100.0,2100.0,2078.5714285714284,0.0,25.677629550654878,0.0,0.0,1.0,1.0103092783505154,7,4,2023-07-14,2100.0
Karapa APMC,1001,2023-07-07,1.0,2040.0,2060.0,2050.0,2040.0,2050.0,2048.5714285714284,2047.857142857143,6.900655593423873,6.992932067530321,10.0,0.0,1.0006973500697351,1.0010463899546564,7,4,2023-07-16,2050.0
Peddapuram APMC,1001,2023-07-07,0.1,2040.0,2050.0,2045.0,2045.0,2040.0,2044.2857142857144,2042.142857142857,1.889822365045969,2.567762955065385,0.0,5.0,1.0003494060097835,1.001399090591116,7,4,2023-07-14,2040.0
Pithapuram APMC,1001,2023-07-07,1.0,2040.0,2060.0,2050.0,2050.0,2050.0,2050.0,2050.0,0.0,0.0,0.0,0.0,1.0,1.0,7,4,2023-07-14,2050.0
Rajahmundry APMC,Paddy,2023-07-07,0.5,2040.0,2040.0,2040.0,2040.0,2040.0,2040.0,2040.0,0.0,0.0,0.0,0.0,1.0,1.0,7,4,2023-07-14,2040.0
Rajahmundry APMC,Swarna Masuri (New),2023-07-07,0.5,2060.0,2060.0,2060.0,2060.0,2060.0,2060.0,2060.0,0.0,1.3424599555027743e-05,0.0,0.0,1.0,1.0,7,4,2023-07-14,2060.0
Tiruvuru APMC,Sona,2023-07-07,11.0,2040.0,2040.0,2040.0,2040.0,2040.0,2040.0,2040.0,0.0,0.0,0.0,0.0,1.0,1.0,7,4,2023-07-14,2040.0
Rajahmundry APMC,Paddy,2023-07-08,0.5,2040.0,2040.0,2040.0,2040.0,2040.0,2040.0,2040.0,0.0,0.0,0.0,0.0,1.0,1.0,7,5,2023-07-15,2040.0
Rajahmundry APMC,Swarna Masuri (New),2023-07-08,0.5,2060.0,2060.0,2060.0,2060.0,2060.0,2060.0,2060.0,0.0,1.3424599555027743e-05,0.0,0.0,1.0,1.0,7,5,2023-07-15,2060.0
Pithapuram APMC,1001,2023-07-08,1.0,2040.0,2060.0,2050.0,2050.0,2050.0,2050.0,2050.0,0.0,0.0,0.0,0.0,1.0,1.0,7,5,2023-07-15,2050.0
Karapa APMC,1001,2023-07-08,1.0,2040.0,2060.0,2050.0,2050.0,2050.0,2048.5714285714284,2047.857142857143,6.900655593423873,6.992932067530321,0.0,0.0,1.0006973500697351,1.0010463899546564,7,5,2023-07-16,2050.0
Peddapuram APMC,1001,2023-07-08,0.1,2040.0,2050.0,2045.0,2045.0,2045.0,2045.0,2042.5,0.0,2.594372608313727,0.0,0.0,1.0,1.0012239902080784,7,5,2023-07-15,2045.0
Banaganapalli APMC,Sona Mahsuri,2023-07-08,0.01,1900.0,2200.0,2100.0,2100.0,2100.0,2100.0,2082.1428571428573,0.0,24.86225790494241,0.0,0.0,1.0,1.008576329331046,7,5,2023-07-15,2100.0
Atmakur (Nandyal District) APMC,Sona Mahsuri,2023-07-08,0.01,2040.0,2040.0,2040.0,2040.0,2040.0,2040.0,2040.0,0.0,0.0,0.0,0.0,1.0,1.0,7,5,2023-07-15,2040.0
Atmakur (Nandyal District) APMC,Sona Mahsuri,2023-07-09,0.01,2040.0,2040.0,2040.0,2040.0,2040.0,2040.0,2040.0,0.0,0.0,0.0,0.0,1.0,1.0,7,6,2023-07-16,2040.0
Banaganapalli APMC,Sona Mahsuri,2023-07-09,0.01,1900.0,2200.0,2100.0,2100.0,2100.0,2100.0,2085.714285714286,0.0,23.44036154692482,0.0,0.0,1.0,1.0068493150684932,7,6,2023-07-16,2100.0
Karapa APMC,1001,2023-07-09,1.0,2040.0,2060.0,2060.0,2050.0,2050.0,2048.5714285714284,2048.5714285714284,6.900655593423873,6.629935441317524,10.0,10.0,1.00557880055788,1.00557880055788,7,6,2023-07-16,2050.0
Pithapuram APMC,1001,2023-07-09,1.0,2040.0,2060.0,2050.0,2050.0,2050.0,2050.0,2050.0,0.0,0.0,0.0,0.0,1.0,1.0,7,6,2023-07-16,2050.0
Prattipadu APMC,1001,2023-07-09,1.0,2040.0,2060.0,2050.0,2050.0,2050.0,2050.0,2050.0,0.0,0.0,0.0,0.0,1.0,1.0,7,6,2023-07-17,2050.0
Rajahmundry APMC,Paddy,2023-07-09,0.5,2040.0,2040.0,2040.0,2040.0,2040.0,2040.0,2040.0,0.0,0.0,0.0,0.0,1.0,1.0,7,6,2023-07-16,2040.0
Rajahmundry APMC,Swarna Masuri (New),2023-07-09,0.5,2060.0,2060.0,2060.0,2060.0,2060.0,2060.0,2060.0,0.0,1.3424599555027743e-05,0.0,0.0,1.0,1.0,7,6,2023-07-16,2060.0
Sampara (Kakinada Rural) APMC,Swarna Masuri (New),2023-07-10,1.0,2150.0,2200.0,2180.0,2180.0,2180.0,2180.0,2160.0,0.0,50.8391127441794,0.0,0.0,1.0,1.0092592592592593,7,0,2023-07-17,2180.0
Rajahmundry APMC,Swarna Masuri (New),2023-07-10,0.5,2060.0,2060.0,2060.0,2060.0,2060.0,2060.0,2060.0,0.0,1.3424599555027743e-05,0.0,0.0,1.0,1.0,7,0,2023-07-17,2060.0
Rajahmundry APMC,Paddy,2023-07-10,0.5,2040.0,2040.0,2040.0,2040.0,2040.0,2040.0,2040.0,0.0,0.0,0.0,0.0,1.0,1.0,7,0,2023-07-17,2040.0
Prattipadu APMC,1001,2023-07-10,1.0,2040.0,2060.0,2050.0,2050.0,2050.0,2050.0,2050.0,0.0,0.0,0.0,0.0,1.0,1.0,7,0,2023-07-17,2050.0
Banaganapalli APMC,Sona Mahsuri,2023-07-10,0.01,1900.0,2200.0,2100.0,2100.0,2100.0,2100.0,2089.285714285714,0.0,21.29076568131605,0.0,0.0,1.0,1.005128205128205,7,0,2023-07-17,2100.0
Peddapuram APMC,1001,2023-07-10,28.0,2040.0,2050.0,2045.0,2045.0,2045.0,2045.0,2042.857142857143,0.0,2.56776295506532,0.0,0.0,1.0,1.001048951048951,7,0,2023-07-17,2045.0
Karapa APMC,1001,2023-07-10,1.0,2040.0,2060.0,2050.0,2060.0,2060.0,2050.0,2049.285714285714,8.164965809277618,7.300459115473274,-10.0,-10.0,1.0,1.0003485535029628,7,0,2023-07-17,2060.0
Atmakur (Nandyal District) APMC,Sona Mahsuri,2023-07-10,0.01,2040.0,2040.0,2040.0,2040.0,2040.0,2040.0,2040.0,0.0,0.0,0.0,0.0,1.0,1.0,7,0,2023-07-17,2040.0
Pithapuram APMC,1001,2023-07-10,1.0,2040.0,2060.0,2050.0,2050.0,2050.0,2050.0,2050.0,0.0,0.0,0.0,0.0,1.0,1.0,7,0,2023-07-17,2050.0
Prattipadu APMC,1001,2023-07-11,1.0,2040.0,2060.0,2050.0,2050.0,2050.0,2050.0,2050.0,0.0,0.0,0.0,0.0,1.0,1.0,7,1,2023-07-18,2050.0
Sampara (Kakinada Rural) APMC,Swarna Masuri (New),2023-07-11,1.0,2150.0,2200.0,2180.0,2180.0,2180.0,2180.0,2170.0,0.0,37.41657386773943,0.0,0.0,1.0,1.0046082949308757,7,1,2023-07-18,2180.0
Rajahmundry APMC,Paddy,2023-07-11,0.5,2040.0,2040.0,2040.0,2040.0,2040.0,2040.0,2040.0,0.0,0.0,0.0,0.0,1.0,1.0,7,1,2023-07-18,2040.0
Pithapuram APMC,1001,2023-07-11,1.0,2040.0,2060.0,2050.0,2050.0,2050.0,2050.0,2050.0,0.0,0.0,0.0,0.0,1.0,1.0,7,1,2023-07-18,2050.0
Rajahmundry APMC,Swarna Masuri (New),2023-07-11,0.5,2060.0,2060.0,2060.0,2060.0,2060.0,2060.0,2060.0,0.0,1.3424599555027743e-05,0.0,0.0,1.0,1.0,7,1,2023-07-18,2060.0
Karapa APMC,1001,2023-07-11,1.0,2040.0,2060.0,2050.0,2050.0,2050.0,2048.5714285714284,2050.0,6.900655593423873,6.793662204867052,0.0,0.0,1.0006973500697351,1.0,7,1,2023-07-18,2050.0
Banaganapalli APMC,Sona Mahsuri,2023-07-11,0.01,1900.0,2200.0,2100.0,2100.0,2100.0,2100.0,2092.8571428571427,0.0,18.15682598006412,0.0,0.0,1.0,1.0034129692832765,7,1,2023-07-18,2100.0
Atmakur (Nandyal District) APMC,Sona Mahsuri,2023-07-11,0.01,2040.0,2040.0,2040.0,2040.0,2040.0,2040.0,2040.0,0.0,0.0,0.0,0.0,1.0,1.0,7,1,2023-07-18,2040.0
Peddapuram APMC,1001,2023-07-11,0.1,2040.0,2050.0,2045.0,2045.0,2045.0,2045.0,2043.2142857142856,0.0,2.486225790494033,0.0,0.0,1.0,1.000873973081629,7,1,2023-07-18,2045.0
Atmakur (Nandyal District) APMC,Sona Mahsuri,2023-07-12,0.01,2040.0,2040.0,2040.0,2040.0,2040.0,2040.0,2040.0,0.0,0.0,0.0,0.0,1.0,1.0,7,2,2023-07-19,2040.0
Banaganapalli APMC,Sona Mahsuri,2023-07-12,0.01,1900.0,2200.0,2100.0,2100.0,2100.0,2100.0,2096.428571428572,0.0,13.363062095621173,0.0,0.0,1.0,1.0017035775127767,7,2,2023-07-19,2100.0
Karapa APMC,1001,2023-07-12,1.0,2040.0,2060.0,2050.0,2050.0,2040.0,2048.5714285714284,2050.0,6.900655593423873,6.793662204867052,0.0,10.0,1.0006973500697351,1.0,7,2,2023-07-19,2050.0
Pithapuram APMC,1001,2023-07-12,1.0,2040.0,2060.0,2050.0,2050.0,2050.0,2050.0,2050.0,0.0,0.0,0.0,0.0,1.0,1.0,7,2,2023-07-19,2050.0
Prattipadu APMC,1001,2023-07-12,1.0,2040.0,2060.0,2050.0,2050.0,2050.0,2050.0,2050.0,0.0,0.0,0.0,0.0,1.0,1.0,7,2,2023-07-20,2050.0
Rajahmundry APMC,Paddy,2023-07-12,0.5,2040.0,2040.0,2040.0,2040.0,2040.0,2040.0,2040.0,0.0,0.0,0.0,0.0,1.0,1.0,7,2,2023-07-19,2040.0
Rajahmundry APMC,Swarna Masuri (New),2023-07-12,0.5,2060.0,2060.0,2060.0,2060.0,2060.0,2060.0,2060.0,0.0,1.3424599555027743e-05,0.0,0.0,1.0,1.0,7,2,2023-07-19,2060.0
Sampara (Kakinada Rural) APMC,Swarna Masuri (New),2023-07-13,1.0,2150.0,2200.0,2180.0,2180.0,2180.0,2180.0,2180.0,0.0,0.0,0.0,0.0,1.0,1.0,7,3,2023-07-22,2180.0
Rajahmundry APMC,Swarna Masuri (New),2023-07-13,0.5,2060.0,2060.0,2060.0,2060.0,2060.0,2060.0,2060.0,0.0,1.3424599555027743e-05,0.0,0.0,1.0,1.0,7,3,2023-07-20,2060.0
Rajahmundry APMC,Paddy,2023-07-13,0.5,2040.0,2040.0,2040.0,2040.0,2040.0,2040.0,2040.0,0.0,0.0,0.0,0.0,1.0,1.0,7,3,2023-07-20,2040.0
Prattipadu APMC,1001,2023-07-13,1.0,2040.0,2060.0,2050.0,2050.0,2050.0,2050.0,2050.0,0.0,0.0,0.0,0.0,1.0,1.0,7,3,2023-07-20,2050.0
Banaganapalli APMC,Sona Mahsuri,2023-07-13,0.01,1900.0,2200.0,2100.0,2100.0,2100.0,2100.0,2100.0,0.0,0.0,0.0,0.0,1.0,1.0,7,3,2023-07-20,2100.0
Atmakur (Nandyal District) APMC,Sona Mahsuri,2023-07-13,0.01,2040.0,2040.0,2040.0,2040.0,2040.0,2040.0,2040.0,0.0,0.0,0.0,0.0,1.0,1.0,7,3,2023-07-20,2040.0
Pithapuram APMC,1001,2023-07-13,1.0,2040.0,2060.0,2050.0,2050.0,2050.0,2050.0,2050.0,0.0,0.0,0.0,0.0,1.0,1.0,7,3,2023-07-20,2050.0
Banaganapalli APMC,Sona Mahsuri,2023-07-14,0.01,1900.0,2300.0,2100.0,2100.0,2100.0,2100.0,2100.0,0.0,0.0,0.0,0.0,1.0,1.0,7,4,2023-07-21,2100.0
Peddapuram APMC,1001,2023-07-14,0.1,2040.0,2050.0,2040.0,2045.0,2045.0,2045.0,2043.571428571429,0.0,2.3440361546922133,-5.0,-5.0,0.9975550122249388,0.9982523593149248,7,4,2023-07-24,2045.0
Pithapuram APMC,1001,2023-07-14,1.0,2040.0,2060.0,2050.0,2050.0,2050.0,2050.0,2050.0,0.0,0.0,0.0,0.0,1.0,1.0,7,4,2023-07-21,2050.0
Prattipadu APMC,1001,2023-07-14,1.0,2040.0,2060.0,2050.0,2050.0,2050.0,2050.0,2050.0,0.0,0.0,0.0,0.0,1.0,1.0,7,4,2023-07-21,2050.0
Rajahmundry APMC,Paddy,2023-07-14,0.5,2040.0,2040.0,2040.0,2040.0,2040.0,2040.0,2040.0,0.0,0.0,0.0,0.0,1.0,1.0,7,4,2023-07-21,2040.0
Rajahmundry APMC,Swarna Masuri (New),2023-07-14,0.5,2060.0,2060.0,2060.0,2060.0,2060.0,2060.0,2060.0,0.0,1.3424599555027743e-05,0.0,0.0,1.0,1.0,7,4,2023-07-21,2060.0
Tiruvuru APMC,Sona,2023-07-14,1.6,2040.0,2040.0,2040.0,2040.0,2040.0,2040.0,2040.0,0.0,0.0,0.0,0.0,1.0,1.0,7,4,2023-07-21,2040.0
Rajahmundry APMC,Paddy,2023-07-15,0.5,2040.0,2040.0,2040.0,2040.0,2040.0,2040.0,2040.0,0.0,0.0,0.0,0.0,1.0,1.0,7,5,2023-07-23,2040.0
Tiruvuru APMC,Sona,2023-07-15,2.0,2040.0,2040.0,2040.0,2040.0,2040.0,2040.0,2040.0,0.0,0.0,0.0,0.0,1.0,1.0,7,5,2023-07-22,2040.0
Rajahmundry APMC,Swarna Masuri (New),2023-07-15,0.5,2060.0,2060.0,2060.0,2060.0,2060.0,2060.0,2060.0,0.0,1.3424599555027743e-05,0.0,0.0,1.0,1.0,7,5,2023-07-23,2060.0
Prattipadu APMC,1001,2023-07-15,1.0,2040.0,2060.0,2050.0,2050.0,2050.0,2050.0,2050.0,0.0,0.0,0.0,0.0,1.0,1.0,7,5,2023-07-22,2050.0
Sampara (Kakinada Rural) APMC,Swarna Masuri (New),2023-07-15,1.0,2150.0,2200.0,2180.0,2180.0,2180.0,2180.0,2180.0,0.0,0.0,0.0,0.0,1.0,1.0,7,5,2023-07-22,2180.0
Peddapuram APMC,1001,2023-07-15,0.1,2040.0,2050.0,2045.0,2040.0,2045.0,2044.2857142857144,2043.571428571429,1.8898223650461217,2.3440361546922133,5.0,0.0,1.0003494060097835,1.00069905627403,7,5,2023-07-24,2045.0
Banaganapalli APMC,Sona Mahsuri,2023-07-15,0.01,1900.0,2300.0,2100.0,2100.0,2100.0,2100.0,2100.0,0.0,0.0,0.0,0.0,1.0,1.0,7,5,2023-07-22,2100.0
Pithapuram APMC,1001,2023-07-15,1.0,2040.0,2060.0,2050.0,2050.0,2050.0,2050.0,2050.0,0.0,0.0,0.0,0.0,1.0,1.0,7,5,2023-07-22,2050.0
Atmakur (Nandyal District) APMC,Sona Mahsuri,2023-07-15,0.01,2040.0,2040.0,2040.0,2040.0,2040.0,2040.0,2040.0,0.0,0.0,0.0,0.0,1.0,1.0,7,5,2023-07-22,2040.0
Tiruvuru APMC,Sona,2023-07-16,2.0,2040.0,2040.0,2040.0,2040.0,2040.0,2040.0,2040.0,0.0,0.0,0.0,0.0,1.0,1.0,7,6,2023-07-23,2040.0
Sampara (Kakinada Rural) APMC,Swarna Masuri (New),2023-07-16,1.0,2150.0,2200.0,2180.0,2180.0,2180.0,2180.0,2180.0,0.0,0.0,0.0,0.0,1.0,1.0,7,6,2023-07-24,2180.0
Rajahmundry APMC,Swarna Masuri (New),2023-07-16,0.5,2060.0,2060.0,2060.0,2060.0,2060.0,2060.0,2060.0,0.0,1.3424599555027743e-05,0.0,0.0,1.0,1.0,7,6,2023-07-23,2060.0
Rajahmundry APMC,Paddy,2023-07-16,0.5,2040.0,2040.0,2040.0,2040.0,2040.0,2040.0,2040.0,0.0,0.0,0.0,0.0,1.0,1.0,7,6,2023-07-23,2040.0
Karapa APMC,1001,2023-07-16,1.0,2040.0,2060.0,2050.0,2050.0,2040.0,2050.0,2050.714285714286,5.773502691896672,6.157279262148179,0.0,10.0,1.0,0.9996516893068615,7,6,2023-07-25,2050.0
Banaganapalli APMC,Sona Mahsuri,2023-07-16,0.01,1900.0,2300.0,2100.0,2100.0,2100.0,2100.0,2100.0,0.0,0.0,0.0,0.0,1.0,1.0,7,6,2023-07-23,2100.0
Atmakur (Nandyal District) APMC,Sona Mahsuri,2023-07-16,0.01,2040.0,2040.0,2040.0,2040.0,2040.0,2040.0,2040.0,0.0,0.0,0.0,0.0,1.0,1.0,7,6,2023-07-23,2040.0
Pithapuram APMC,1001,2023-07-16,1.0,2040.0,2060.0,2050.0,2050.0,2050.0,2050.0,2050.0,0.0,0.0,0.0,0.0,1.0,1.0,7,6,2023-07-23,2050.0
Rajahmundry APMC,Paddy,2023-07-17,0.5,2040.0,2040.0,2040.0,2040.0,2040.0,2040.0,2040.0,0.0,0.0,0.0,0.0,1.0,1.0,7,0,2023-07-24,2040.0
Tiruvuru APMC,Sona,2023-07-17,2.5,2040.0,2040.0,2040.0,2040.0,2040.0,2040.0,2040.0,0.0,0.0,0.0,0.0,1.0,1.0,7,0,2023-07-24,2040.0
Sampara (Kakinada Rural) APMC,Swarna Masuri (New),2023-07-17,1.0,2150.0,2200.0,2180.0,2180.0,2180.0,2180.0,2180.0,0.0,0.0,0.0,0.0,1.0,1.0,7,0,2023-07-24,2180.0
Rajahmundry APMC,Swarna Masuri (New),2023-07-17,0.5,2060.0,2060.0,2060.0,2060.0,2060.0,2060.0,2060.0,0.0,1.3424599555027743e-05,0.0,0.0,1.0,1.0,7,0,2023-07-24,2060.0
Prattipadu APMC,1001,2023-07-17,1.0,2040.0,2060.0,2050.0,2050.0,2050.0,2050.0,2050.0,0.0,0.0,0.0,0.0,1.0,1.0,7,0,2023-07-24,2050.0
Atmakur (Nandyal District) APMC,Sona Mahsuri,2023-07-17,0.01,2040.0,2040.0,2040.0,2040.0,2040.0,2040.0,2040.0,0.0,0.0,0.0,0.0,1.0,1.0,7,0,2023-07-24,2040.0
Peddapuram APMC,1001,2023-07-17,0.1,2040.0,2050.0,2045.0,2045.0,2045.0,2044.2857142857144,2043.9285714285716,1.8898223650461217,2.129076568131244,0.0,0.0,1.0003494060097835,1.000524200594094,7,0,2023-07-24,2045.0
Karapa APMC,1001,2023-07-17,1.0,2040.0,2060.0,2060.0,2050.0,2050.0,2051.428571428572,2050.0,3.779644730092922,5.547001962251644,10.0,10.0,1.004178272980501,1.0048780487804878,7,0,2023-07-25,2050.0
Banaganapalli APMC,Sona Mahsuri,2023-07-17,0.01,1900.0,2300.0,2100.0,2100.0,2100.0,2100.0,2100.0,0.0,0.0,0.0,0.0,1.0,1.0,7,0,2023-07-24,2100.0
Pithapuram APMC,1001,2023-07-17,1.0,2040.0,2060.0,2050.0,2050.0,2050.0,2050.0,2050.0,0.0,0.0,0.0,0.0,1.0,1.0,7,0,2023-07-24,2050.0
Rajahmundry APMC,Paddy,2023-07-18,0.5,2040.0,2040.0,2040.0,2040.0,2040.0,2040.0,2040.0,0.0,0.0,0.0,0.0,1.0,1.0,7,1,2023-07-25,2040.0
Sampara (Kakinada Rural) APMC,Swarna Masuri (New),2023-07-18,1.0,2150.0,2200.0,2180.0,2180.0,2180.0,2180.0,2180.0,0.0,0.0,0.0,0.0,1.0,1.0,7,1,2023-07-26,2180.0
Tiruvuru APMC,Sona,2023-07-18,2.5,2040.0,2040.0,2040.0,2040.0,2040.0,2040.0,2040.0,0.0,0.0,0.0,0.0,1.0,1.0,7,1,2023-07-25,2040.0
Prattipadu APMC,1001,2023-07-18,1.0,2040.0,2060.0,2050.0,2050.0,2050.0,2050.0,2050.0,0.0,0.0,0.0,0.0,1.0,1.0,7,1,2023-07-25,2050.0
Rajahmundry APMC,Swarna Masuri (New),2023-07-18,0.5,2060.0,2060.0,2060.0,2060.0,2060.0,2060.0,2060.0,0.0,1.3424599555027743e-05,0.0,0.0,1.0,1.0,7,1,2023-07-25,2060.0
Peddapuram APMC,1001,2023-07-18,0.1,2040.0,2050.0,2045.0,2045.0,2045.0,2044.2857142857144,2044.2857142857144,1.8898223650461217,1.815682598005928,0.0,0.0,1.0003494060097835,1.0003494060097835,7,1,2023-07-26,2045.0
Karapa APMC,1001,2023-07-18,1.0,2040.0,2060.0,2050.0,2060.0,2050.0,2052.8571428571427,2050.714285714286,4.879500364743359,6.157279262148179,-10.0,0.0,0.9986082115518442,0.9996516893068615,7,1,2023-07-25,2050.0
Banaganapalli APMC,Sona Mahsuri,2023-07-18,0.01,1900.0,2300.0,2100.0,2100.0,2100.0,2100.0,2100.0,0.0,0.0,0.0,0.0,1.0,1.0,7,1,2023-07-25,2100.0
Atmakur (Nandyal District) APMC,Sona Mahsuri,2023-07-18,0.01,2040.0,2040.0,2040.0,2040.0,2040.0,2040.0,2040.0,0.0,0.0,0.0,0.0,1.0,1.0,7,1,2023-07-25,2040.0
Pithapuram APMC,1001,2023-07-18,1.0,2040.0,2060.0,2050.0,2050.0,2050.0,2050.0,2050.0,0.0,0.0,0.0,0.0,1.0,1.0,7,1,2023-07-25,2050.0
Tiruvuru APMC,Sona,2023-07-19,3.0,2040.0,2040.0,2040.0,2040.0,2040.0,2040.0,2040.0,0.0,0.0,0.0,0.0,1.0,1.0,7,2,2023-07-26,2040.0
Sampara (Kakinada Rural) APMC,Swarna Masuri (New),2023-07-19,1.0,2150.0,2200.0,2180.0,2180.0,2180.0,2180.0,2180.0,0.0,0.0,0.0,0.0,1.0,1.0,7,2,2023-07-26,2180.0
Rajahmundry APMC,Swarna Masuri (New),2023-07-19,0.5,2060.0,2060.0,2060.0,2060.0,2060.0,2060.0,2060.0,0.0,1.3424599555027743e-05,0.0,0.0,1.0,1.0,7,2,2023-07-26,2060.0
Rajahmundry APMC,Paddy,2023-07-19,0.5,2040.0,2040.0,2040.0,2040.0,2040.0,2040.0,2040.0,0.0,0.0,0.0,0.0,1.0,1.0,7,2,2023-07-26,2040.0
Peddapuram APMC,1001,2023-07-19,0.1,2040.0,2050.0,2045.0,2045.0,2045.0,2044.2857142857144,2044.642857142857,1.8898223650461217,1.3363062095614282,0.0,0.0,1.0003494060097835,1.000174672489083,7,2,2023-07-26,2045.0
Karapa APMC,1001,2023-07-19,1.0,2040.0,2060.0,2050.0,2050.0,2060.0,2052.8571428571427,2050.714285714286,4.879500364743359,6.157279262148179,0.0,-10.0,0.9986082115518442,0.9996516893068615,7,2,2023-07-26,2050.0
Banaganapalli APMC,Sona Mahsuri,2023-07-19,0.01,1900.0,2300.0,2100.0,2100.0,2100.0,2100.0,2100.0,0.0,0.0,0.0,0.0,1.0,1.0,7,2,2023-07-26,2100.0
Atmakur (Nandyal District) APMC,Sona Mahsuri,2023-07-19,0.01,2040.0,2040.0,2040.0,2040.0,2040.0,2040.0,2040.0,0.0,0.0,0.0,0.0,1.0,1.0,7,2,2023-07-26,2040.0
Pithapuram APMC,1001,2023-07-19,1.0,2040.0,2060.0,2050.0,2050.0,2050.0,2050.0,2050.0,0.0,0.0,0.0,0.0,1.0,1.0,7,2,2023-07-26,2050.0
Tiruvuru APMC,Sona,2023-07-20,6.5,2040.0,2040.0,2040.0,2040.0,2040.0,2040.0,2040.0,0.0,0.0,0.0,0.0,1.0,1.0,7,3,2023-08-02,2040.0
Rajahmundry APMC,Swarna Masuri (New),2023-07-20,0.5,2060.0,2060.0,2060.0,2060.0,2060.0,2060.0,2060.0,0.0,1.3424599555027743e-05,0.0,0.0,1.0,1.0,7,3,2023-07-27,2060.0
Rajahmundry APMC,Paddy,2023-07-20,0.5,2040.0,2040.0,2040.0,2040.0,2040.0,2040.0,2040.0,0.0,0.0,0.0,0.0,1.0,1.0,7,3,2023-07-27,2040.0
Prattipadu APMC,1001,2023-07-20,1.0,2040.0,2060.0,2050.0,2050.0,2050.0,2050.0,2050.0,0.0,0.0,0.0,0.0,1.0,1.0,7,3,2023-07-27,2050.0
Karapa APMC,1001,2023-07-20,1.0,2040.0,2060.0,2050.0,2050.0,2050.0,2051.428571428572,2050.714285714286,3.779644730092922,6.157279262148179,0.0,0.0,0.9993036211699164,0.9996516893068615,7,3,2023-07-27,2050.0
Peddapuram APMC,1001,2023-07-20,0.1,2040.0,2050.0,2045.0,2045.0,2045.0,2044.2857142857144,2044.642857142857,1.8898223650461217,1.3363062095614282,0.0,0.0,1.0003494060097835,1.000174672489083,7,3,2023-07-27,2045.0
Banaganapalli APMC,Sona Mahsuri,2023-07-20,0.01,1900.0,2300.0,2100.0,2100.0,2100.0,2100.0,2100.0,0.0,0.0,0.0,0.0,1.0,1.0,7,3,2023-07-27,2100.0
Atmakur (Nandyal District) APMC,Sona Mahsuri,2023-07-20,0.01,2040.0,2040.0,2040.0,2040.0,2040.0,2040.0,2040.0,0.0,0.0,0.0,0.0,1.0,1.0,7,3,2023-07-27,2040.0
Pithapuram APMC,1001,2023-07-20,1.0,2040.0,2060.0,2050.0,2050.0,2050.0,2050.0,2050.0,0.0,0.0,0.0,0.0,1.0,1.0,7,3,2023-07-27,2050.0
Atmakur (Nandyal District) APMC,Sona Mahsuri,2023-07-21,0.01,2040.0,2040.0,2040.0,2040.0,2040.0,2040.0,2040.0,0.0,0.0,0.0,0.0,1.0,1.0,7,4,2023-07-28,2040.0
Banaganapalli APMC,Sona Mahsuri,2023-07-21,0.01,1900.0,2300.0,2100.0,2100.0,2100.0,2100.0,2100.0,0.0,0.0,0.0,0.0,1.0,1.0,7,4,2023-07-28,2100.0
Pithapuram APMC,1001,2023-07-21,1.0,2040.0,2060.0,2050.0,2050.0,2050.0,2050.0,2050.0,0.0,0.0,0.0,0.0,1.0,1.0,7,4,2023-07-28,2050.0
Prattipadu APMC,1001,2023-07-21,1.0,2040.0,2060.0,2050.0,2050.0,2050.0,2050.0,2050.0,0.0,0.0,0.0,0.0,1.0,1.0,7,4,2023-07-31,2050.0
Rajahmundry APMC,Paddy,2023-07-21,0.5,2040.0,2040.0,2040.0,2040.0,2040.0,2040.0,2040.0,0.0,0.0,0.0,0.0,1.0,1.0,7,4,2023-07-28,2040.0
Rajahmundry APMC,Swarna Masuri (New),2023-07-21,0.5,2060.0,2060.0,2060.0,2060.0,2060.0,2060.0,2060.0,0.0,1.3424599555027743e-05,0.0,0.0,1.0,1.0,7,4,2023-07-28,2060.0
Tiruvuru APMC,Sona,2023-07-21,3.75,2040.0,2040.0,2040.0,2040.0,2040.0,2040.0,2040.0,0.0,0.0,0.0,0.0,1.0,1.0,7,4,2023-08-02,2040.0
Sampara (Kakinada Rural) APMC,Swarna Masuri (New),2023-07-22,1.0,2150.0,2200.0,2180.0,2180.0,2180.0,2180.0,2180.0,0.0,0.0,0.0,0.0,1.0,1.0,7,5,2023-07-31,2040.0
Tiruvuru APMC,Sona,2023-07-22,12.0,2040.0,2040.0,2040.0,2040.0,2040.0,2040.0,2040.0,0.0,0.0,0.0,0.0,1.0,1.0,7,5,2023-08-02,2040.0
Prattipadu APMC,1001,2023-07-22,1.0,2040.0,2060.0,2050.0,2050.0,2050.0,2050.0,2050.0,0.0,0.0,0.0,0.0,1.0,1.0,7,5,2023-07-31,2050.0
Atmakur (Nandyal District) APMC,Sona Mahsuri,2023-07-22,0.01,2040.0,2040.0,2040.0,2040.0,2040.0,2040.0,2040.0,0.0,0.0,0.0,0.0,1.0,1.0,7,5,2023-07-29,2040.0
Banaganapalli APMC,Sona Mahsuri,2023-07-22,0.01,1900.0,2300.0,2100.0,2100.0,2100.0,2100.0,2100.0,0.0,0.0,0.0,0.0,1.0,1.0,7,5,2023-07-29,2100.0
Pithapuram APMC,1001,2023-07-22,1.0,2040.0,2060.0,2050.0,2050.0,2050.0,2050.0,2050.0,0.0,0.0,0.0,0.0,1.0,1.0,7,5,2023-07-29,2050.0
Atmakur (Nandyal District) APMC,Sona Mahsuri,2023-07-23,0.01,2040.0,2040.0,2040.0,2040.0,2040.0,2040.0,2040.0,0.0,0.0,0.0,0.0,1.0,1.0,7,6,2023-07-30,2040.0
Banaganapalli APMC,Sona Mahsuri,2023-07-23,0.01,1900.0,2300.0,2100.0,2100.0,2100.0,2100.0,2100.0,0.0,0.0,0.0,0.0,1.0,1.0,7,6,2023-07-30,2100.0
Pithapuram APMC,1001,2023-07-23,1.0,2040.0,2060.0,2050.0,2050.0,2050.0,2050.0,2050.0,0.0,0.0,0.0,0.0,1.0,1.0,7,6,2023-07-30,2050.0
Rajahmundry APMC,Paddy,2023-07-23,0.5,2040.0,2040.0,2040.0,2040.0,2040.0,2040.0,2040.0,0.0,0.0,0.0,0.0,1.0,1.0,7,6,2023-07-30,2040.0
Rajahmundry APMC,Swarna Masuri (New),2023-07-23,0.5,2060.0,2060.0,2060.0,2060.0,2060.0,2060.0,2060.0,0.0,1.3424599555027743e-05,0.0,0.0,1.0,1.0,7,6,2023-07-30,2060.0
Tiruvuru APMC,Sona,2023-07-23,8.0,2040.0,2040.0,2040.0,2040.0,2040.0,2040.0,2040.0,0.0,0.0,0.0,0.0,1.0,1.0,7,6,2023-08-02,2040.0
Tiruvuru APMC,Sona,2023-07-24,11.0,2040.0,2040.0,2040.0,2040.0,2040.0,2040.0,2040.0,0.0,0.0,0.0,0.0,1.0,1.0,7,0,2023-08-02,2040.0
Rajahmundry APMC,Swarna Masuri (New),2023-07-24,0.5,2060.0,2060.0,2060.0,2060.0,2060.0,2060.0,2060.0,0.0,1.3424599555027743e-05,0.0,0.0,1.0,1.0,7,0,2023-07-31,2060.0
Rajahmundry APMC,Paddy,2023-07-24,0.5,2040.0,2040.0,2040.0,2040.0,2040.0,2040.0,2040.0,0.0,0.0,0.0,0.0,1.0,1.0,7,0,2023-07-31,2040.0
Prattipadu APMC,1001,2023-07-24,1.0,2040.0,2060.0,2050.0,2050.0,2050.0,2050.0,2050.0,0.0,0.0,0.0,0.0,1.0,1.0,7,0,2023-07-31,2050.0
Sampara (Kakinada Rural) APMC,Swarna Masuri (New),2023-07-24,1.0,2150.0,2200.0,2180.0,2180.0,2180.0,2180.0,2180.0,0.0,0.0,0.0,0.0,1.0,1.0,7,0,2023-07-31,2040.0
Peddapuram APMC,1001,2023-07-24,0.1,2040.0,2050.0,2045.0,2045.0,2045.0,2044.2857142857144,2044.642857142857,1.8898223650461217,1.3363062095614282,0.0,0.0,1.0003494060097835,1.000174672489083,7,0,2023-08-01,2045.0
Banaganapalli APMC,Sona Mahsuri,2023-07-24,0.01,1900.0,2300.0,2100.0,2100.0,2100.0,2100.0,2100.0,0.0,0.0,0.0,0.0,1.0,1.0,7,0,2023-07-31,2100.0
Atmakur (Nandyal District) APMC,Sona Mahsuri,2023-07-24,0.01,2040.0,2040.0,2040.0,2040.0,2040.0,2040.0,2040.0,0.0,0.0,0.0,0.0,1.0,1.0,7,0,2023-07-31,2040.0
Pithapuram APMC,1001,2023-07-24,1.0,2040.0,2060.0,2050.0,2050.0,2050.0,2050.0,2050.0,0.0,0.0,0.0,0.0,1.0,1.0,7,0,2023-07-31,2050.0
Tiruvuru APMC,Sona,2023-07-25,13.5,2040.0,2040.0,2040.0,2040.0,2040.0,2040.0,2040.0,0.0,0.0,0.0,0.0,1.0,1.0,7,1,2023-08-02,2040.0
Rajahmundry APMC,Swarna Masuri (New),2023-07-25,0.5,2060.0,2060.0,2060.0,2060.0,2060.0,2060.0,2060.0,0.0,1.3424599555027743e-05,0.0,0.0,1.0,1.0,7,1,2023-08-01,2060.0
Rajahmundry APMC,Paddy,2023-07-25,0.5,2040.0,2040.0,2040.0,2040.0,2040.0,2040.0,2040.0,0.0,0.0,0.0,0.0,1.0,1.0,7,1,2023-08-01,2040.0
Prattipadu APMC,1001,2023-07-25,1.0,2040.0,2060.0,2050.0,2050.0,2050.0,2050.0,2050.0,0.0,0.0,0.0,0.0,1.0,1.0,7,1,2023-08-02,2050.0
Karapa APMC,1001,2023-07-25,1.0,2040.0,2060.0,2050.0,2050.0,2050.0,2051.428571428572,2050.0,3.779644730092922,5.547001962251644,0.0,0.0,0.9993036211699164,1.0,7,1,2023-08-01,2050.0
Banaganapalli APMC,Sona Mahsuri,2023-07-25,0.01,1900.0,2300.0,2100.0,2100.0,2100.0,2100.0,2100.0,0.0,0.0,0.0,0.0,1.0,1.0,7,1,2023-08-01,2100.0
Atmakur (Nandyal District) APMC,Sona Mahsuri,2023-07-25,0.01,2040.0,2040.0,2040.0,2040.0,2040.0,2040.0,2040.0,0.0,0.0,0.0,0.0,1.0,1.0,7,1,2023-08-01,2040.0
Pithapuram APMC,1001,2023-07-25,1.0,2040.0,2060.0,2050.0,2050.0,2050.0,2050.0,2050.0,0.0,0.0,0.0,0.0,1.0,1.0,7,1,2023-08-01,2050.0
Rajahmundry APMC,Paddy,2023-07-26,0.5,2040.0,2040.0,2040.0,2040.0,2040.0,2040.0,2040.0,0.0,0.0,0.0,0.0,1.0,1.0,7,2,2023-08-02,2040.0
Tiruvuru APMC,Sona,2023-07-26,16.0,2040.0,2040.0,2040.0,2040.0,2040.0,2040.0,2040.0,0.0,0.0,0.0,0.0,1.0,1.0,7,2,2023-08-02,2040.0
Sampara (Kakinada Rural) APMC,Swarna Masuri (New),2023-07-26,1.0,2150.0,2200.0,2180.0,2180.0,2180.0,2180.0,2180.0,0.0,0.0,0.0,0.0,1.0,1.0,7,2,2023-08-02,2040.0
Rajahmundry APMC,Swarna Masuri (New),2023-07-26,0.5,2060.0,2060.0,2060.0,2060.0,2060.0,2060.0,2060.0,0.0,1.3424599555027743e-05,0.0,0.0,1.0,1.0,7,2,2023-08-02,2060.0
Prattipadu APMC,1001,2023-07-26,1.0,2040.0,2060.0,2050.0,2050.0,2050.0,2050.0,2050.0,0.0,0.0,0.0,0.0,1.0,1.0,7,2,2023-08-02,2050.0
Banaganapalli APMC,Sona Mahsuri,2023-07-26,0.01,1900.0,2300.0,2100.0,2100.0,2100.0,2100.0,2100.0,0.0,0.0,0.0,0.0,1.0,1.0,7,2,2023-08-02,2100.0
Peddapuram APMC,1001,2023-07-26,0.1,2040.0,2050.0,2045.0,2045.0,2040.0,2044.2857142857144,2044.642857142857,1.8898223650461217,1.3363062095614282,0.0,5.0,1.0003494060097835,1.000174672489083,7,2,2023-08-02,2091.0
Pithapuram APMC,1001,2023-07-26,1.0,2040.0,2060.0,2050.0,2050.0,2050.0,2050.0,2050.0,0.0,0.0,0.0,0.0,1.0,1.0,7,2,2023-08-02,2050.0
Atmakur (Nandyal District) APMC,Sona Mahsuri,2023-07-26,0.01,2040.0,2040.0,2040.0,2040.0,2040.0,2040.0,2040.0,0.0,0.0,0.0,0.0,1.0,1.0,7,2,2023-08-02,2040.0
Karapa APMC,1001,2023-07-26,1.0,2040.0,2060.0,2050.0,2050.0,2050.0,2051.428571428572,2050.0,3.779644730092922,5.547001962251644,0.0,0.0,0.9993036211699164,1.0,7,2,2023-08-02,2060.0
Rajahmundry APMC,Swarna Masuri (New),2023-07-27,0.5,2060.0,2060.0,2060.0,2060.0,2060.0,2060.0,2060.0,0.0,1.3424599555027743e-05,0.0,0.0,1.0,1.0,7,3,2023-08-03,2060.0
Prattipadu APMC,1001,2023-07-27,1.0,2040.0,2060.0,2050.0,2050.0,2050.0,2050.0,2050.0,0.0,0.0,0.0,0.0,1.0,1.0,7,3,2023-08-04,2050.0
Pithapuram APMC,1001,2023-07-27,1.0,2040.0,2060.0,2050.0,2050.0,2050.0,2050.0,2050.0,0.0,0.0,0.0,0.0,1.0,1.0,7,3,2023-08-03,2050.0
Rajahmundry APMC,Paddy,2023-07-27,0.5,2040.0,2040.0,2040.0,2040.0,2040.0,2040.0,2040.0,0.0,0.0,0.0,0.0,1.0,1.0,7,3,2023-08-03,2040.0
Karapa APMC,1001,2023-07-27,1.0,2040.0,2060.0,2050.0,2050.0,2050.0,2051.428571428572,2050.714285714286,3.779644730092922,4.746311465492394,0.0,0.0,0.9993036211699164,0.9996516893068615,7,3,2023-08-03,2050.0
Banaganapalli APMC,Sona Mahsuri,2023-07-27,0.01,1900.0,2300.0,2100.0,2100.0,2100.0,2100.0,2100.0,0.0,0.0,0.0,0.0,1.0,1.0,7,3,2023-08-03,2100.0
Atmakur (Nandyal District) APMC,Sona Mahsuri,2023-07-27,0.01,2040.0,2040.0,2040.0,2040.0,2040.0,2040.0,2040.0,0.0,0.0,0.0,0.0,1.0,1.0,7,3,2023-08-03,2040.0
Peddapuram APMC,1001,2023-07-27,0.1,2040.0,2050.0,2045.0,2045.0,2045.0,2045.0,2044.642857142857,0.0,1.3363062095614282,0.0,0.0,1.0,1.000174672489083,7,3,2023-08-03,2045.0
Atmakur (Nandyal District) APMC,Sona Mahsuri,2023-07-28,0.01,2040.0,2040.0,2040.0,2040.0,2040.0,2040.0,2040.0,0.0,0.0,0.0,0.0,1.0,1.0,7,4,2023-08-04,2040.0
Banaganapalli APMC,Sona Mahsuri,2023-07-28,0.01,1900.0,2300.0,2100.0,2100.0,2100.0,2100.0,2100.0,0.0,0.0,0.0,0.0,1.0,1.0,7,4,2023-08-04,2100.0
Karapa APMC,1001,2023-07-28,1.0,2040.0,2060.0,2050.0,2050.0,2060.0,2051.428571428572,2051.428571428572,3.779644730092922,3.631365196011622,0.0,-10.0,0.9993036211699164,0.9993036211699164,7,4,2023-08-04,2050.0
Pithapuram APMC,1001,2023-07-28,1.0,2040.0,2060.0,2050.0,2050.0,2050.0,2050.0,2050.0,0.0,0.0,0.0,0.0,1.0,1.0,7,4,2023-08-04,2050.0
Rajahmundry APMC,Paddy,2023-07-28,0.5,2040.0,2040.0,2040.0,2040.0,2040.0,2040.0,2040.0,0.0,0.0,0.0,0.0,1.0,1.0,7,4,2023-08-04,2040.0
Rajahmundry APMC,Swarna Masuri (New),2023-07-28,0.5,2060.0,2060.0,2060.0,2060.0,2060.0,2060.0,2060.0,0.0,1.3424599555027743e-05,0.0,0.0,1.0,1.0,7,4,2023-08-04,2060.0
Sampara (Kakinada Rural) APMC,Swarna Masuri (New),2023-07-28,1.0,2000.0,2080.0,2040.0,2180.0,2180.0,2180.0,2180.0,0.0,0.0,-140.0,-140.0,0.9357798165137616,0.9357798165137616,7,4,2023-08-04,2040.0
Rajahmundry APMC,Swarna Masuri (New),2023-07-29,0.5,2060.0,2060.0,2060.0,2060.0,2060.0,2060.0,2060.0,0.0,1.3424599555027743e-05,0.0,0.0,1.0,1.0,7,5,2023-08-05,2060.0
Rajahmundry APMC,Paddy,2023-07-29,0.5,2040.0,2040.0,2040.0,2040.0,2040.0,2040.0,2040.0,0.0,0.0,0.0,0.0,1.0,1.0,7,5,2023-08-05,2040.0
Pithapuram APMC,1001,2023-07-29,1.0,2040.0,2060.0,2050.0,2050.0,2050.0,2050.0,2050.0,0.0,0.0,0.0,0.0,1.0,1.0,7,5,2023-08-05,2050.0
Banaganapalli APMC,Sona Mahsuri,2023-07-29,0.01,1900.0,2300.0,2100.0,2100.0,2100.0,2100.0,2100.0,0.0,0.0,0.0,0.0,1.0,1.0,7,5,2023-08-05,2100.0
Atmakur (Nandyal District) APMC,Sona Mahsuri,2023-07-29,0.01,2040.0,2040.0,2040.0,2040.0,2040.0,2040.0,2040.0,0.0,0.0,0.0,0.0,1.0,1.0,7,5,2023-08-05,2040.0
Karapa APMC,1001,2023-07-29,1.0,2040.0,2060.0,2060.0,2050.0,2050.0,2050.0,2051.428571428572,1.9289570911757195e-06,3.631365196011622,10.0,10.0,1.0048780487804878,1.004178272980501,7,5,2023-08-08,2050.0
Atmakur (Nandyal District) APMC,Sona Mahsuri,2023-07-30,0.01,2040.0,2040.0,2040.0,2040.0,2040.0,2040.0,2040.0,0.0,0.0,0.0,0.0,1.0,1.0,7,6,2023-08-08,2040.0
Banaganapalli APMC,Sona Mahsuri,2023-07-30,0.01,1900.0,2300.0,2100.0,2100.0,2100.0,2100.0,2100.0,0.0,0.0,0.0,0.0,1.0,1.0,7,6,2023-08-06,2100.0
Karapa APMC,1001,2023-07-30,1.0,2040.0,2060.0,2050.0,2060.0,2050.0,2051.428571428572,2052.1428571428573,3.779644730092922,4.258153136262138,-10.0,0.0,0.9993036211699164,0.9989557953358856,7,6,2023-08-08,2050.0
Pithapuram APMC,1001,2023-07-30,1.0,2040.0,2060.0,2050.0,2050.0,2050.0,2050.0,2050.0,0.0,0.0,0.0,0.0,1.0,1.0,7,6,2023-08-08,2050.0
Rajahmundry APMC,Paddy,2023-07-30,0.5,2040.0,2040.0,2040.0,2040.0,2040.0,2040.0,2040.0,0.0,0.0,0.0,0.0,1.0,1.0,7,6,2023-08-08,2040.0
Rajahmundry APMC,Swarna Masuri (New),2023-07-30,0.5,2060.0,2060.0,2060.0,2060.0,2060.0,2060.0,2060.0,0.0,1.3424599555027743e-05,0.0,0.0,1.0,1.0,7,6,2023-08-08,2060.0
Sampara (Kakinada Rural) APMC,Swarna Masuri (New),2023-07-31,1.0,2000.0,2080.0,2040.0,2040.0,2180.0,2160.0,2170.0,52.91502622129181,37.416573867739416,0.0,-140.0,0.9444444444444444,0.9400921658986175,7,0,2023-08-07,2040.0
Rajahmundry APMC,Swarna Masuri (New),2023-07-31,0.5,2060.0,2060.0,2060.0,2060.0,2060.0,2060.0,2060.0,0.0,1.3424599555027743e-05,0.0,0.0,1.0,1.0,7,0,2023-08-08,2060.0
Prattipadu APMC,1001,2023-07-31,1.0,2040.0,2060.0,2050.0,2050.0,2050.0,2050.0,2050.0,0.0,0.0,0.0,0.0,1.0,1.0,7,0,2023-08-07,2050.0
Rajahmundry APMC,Paddy,2023-07-31,0.5,2040.0,2040.0,2040.0,2040.0,2040.0,2040.0,2040.0,0.0,0.0,0.0,0.0,1.0,1.0,7,0,2023-08-08,2040.0
Karapa APMC,1001,2023-07-31,1.0,2040.0,2060.0,2050.0,2050.0,2050.0,2051.428571428572,2051.428571428572,3.779644730092922,3.631365196011622,0.0,0.0,0.9993036211699164,0.9993036211699164,7,0,2023-08-08,2050.0
Banaganapalli APMC,Sona Mahsuri,2023-07-31,0.01,1900.0,2300.0,2100.0,2100.0,2100.0,2100.0,2100.0,0.0,0.0,0.0,0.0,1.0,1.0,7,0,2023-08-07,2100.0
Atmakur (Nandyal District) APMC,Sona Mahsuri,2023-07-31,0.01,2040.0,2040.0,2040.0,2040.0,2040.0,2040.0,2040.0,0.0,0.0,0.0,0.0,1.0,1.0,7,0,2023-08-08,2040.0
Pithapuram APMC,1001,2023-07-31,1.0,2040.0,2060.0,2050.0,2050.0,2050.0,2050.0,2050.0,0.0,0.0,0.0,0.0,1.0,1.0,7,0,2023-08-08,2050.0
Sampara (Kakinada Rural) APMC,Swarna Masuri (New),2023-08-01,1.0,2000.0,2080.0,2040.0,2040.0,2180.0,2140.0,2160.0,68.3130051063973,50.83911274417939,0.0,-140.0,0.9532710280373832,0.9444444444444444,8,1,2023-08-08,2040.0
Rajahmundry APMC,Swarna Masuri (New),2023-08-01,0.5,2060.0,2060.0,2060.0,2060.0,2060.0,2060.0,2060.0,0.0,1.3424599555027743e-05,0.0,0.0,1.0,1.0,8,1,2023-08-08,2060.0
Rajahmundry APMC,Paddy,2023-08-01,0.5,2040.0,2040.0,2040.0,2040.0,2040.0,2040.0,2040.0,0.0,0.0,0.0,0.0,1.0,1.0,8,1,2023-08-08,2040.0
Pithapuram APMC,1001,2023-08-01,1.0,2040.0,2060.0,2050.0,2050.0,2050.0,2050.0,2050.0,0.0,0.0,0.0,0.0,1.0,1.0,8,1,2023-08-08,2050.0
Karapa APMC,1001,2023-08-01,1.0,2040.0,2060.0,2050.0,2050.0,2050.0,2051.428571428572,2051.428571428572,3.779644730092922,3.631365196011622,0.0,0.0,0.9993036211699164,0.9993036211699164,8,1,2023-08-08,2050.0
Banaganapalli APMC,Sona Mahsuri,2023-08-01,0.01,1900.0,2300.0,2100.0,2100.0,2100.0,2100.0,2100.0,0.0,0.0,0.0,0.0,1.0,1.0,8,1,2023-08-08,2100.0
Atmakur (Nandyal District) APMC,Sona Mahsuri,2023-08-01,0.01,2040.0,2040.0,2040.0,2040.0,2040.0,2040.0,2040.0,0.0,0.0,0.0,0.0,1.0,1.0,8,1,2023-08-08,2040.0
Peddapuram APMC,1001,2023-08-01,0.1,2040.0,2050.0,2045.0,2045.0,2045.0,2045.0,2044.642857142857,0.0,1.3363062095614282,0.0,0.0,1.0,1.000174672489083,8,1,2023-08-08,2045.0
Rajahmundry APMC,Paddy,2023-08-02,0.5,2040.0,2040.0,2040.0,2040.0,2040.0,2040.0,2040.0,0.0,0.0,0.0,0.0,1.0,1.0,8,2,2023-08-09,2040.0
Sampara (Kakinada Rural) APMC,Swarna Masuri (New),2023-08-02,1.0,2000.0,2080.0,2040.0,2040.0,2180.0,2120.0,2150.0,74.83314773547883,59.614143907684806,0.0,-140.0,0.9622641509433962,0.9488372093023256,8,2,2023-08-09,2040.0
Rajahmundry APMC,Swarna Masuri (New),2023-08-02,0.5,2060.0,2060.0,2060.0,2060.0,2060.0,2060.0,2060.0,0.0,1.3424599555027743e-05,0.0,0.0,1.0,1.0,8,2,2023-08-09,2060.0
Tiruvuru APMC,Sona,2023-08-02,6.5,2040.0,2040.0,2040.0,2040.0,2040.0,2040.0,2040.0,0.0,0.0,0.0,0.0,1.0,1.0,8,2,2023-08-09,2040.0
Prattipadu APMC,1001,2023-08-02,1.0,2040.0,2060.0,2050.0,2050.0,2050.0,2050.0,2050.0,0.0,0.0,0.0,0.0,1.0,1.0,8,2,2023-08-09,2050.0
Karapa APMC,1001,2023-08-02,1.0,2040.0,2060.0,2060.0,2050.0,2050.0,2051.428571428572,2051.428571428572,3.779644730092922,3.631365196011622,10.0,10.0,1.004178272980501,1.004178272980501,8,2,2023-08-09,2050.0
Peddapuram APMC,1001,2023-08-02,28.0,2040.0,2142.0,2091.0,2045.0,2045.0,2045.0,2044.642857142857,0.0,1.3363062095614282,46.0,46.0,1.0224938875305625,1.0226724890829697,8,2,2023-08-09,2045.0
Banaganapalli APMC,Sona Mahsuri,2023-08-02,0.01,2000.0,2200.0,2100.0,2100.0,2100.0,2100.0,2100.0,0.0,0.0,0.0,0.0,1.0,1.0,8,2,2023-08-09,2100.0
Atmakur (Nandyal District) APMC,Sona Mahsuri,2023-08-02,0.01,2040.0,2040.0,2040.0,2040.0,2040.0,2040.0,2040.0,0.0,0.0,0.0,0.0,1.0,1.0,8,2,2023-08-09,2040.0
Pithapuram APMC,1001,2023-08-02,1.0,2040.0,2060.0,2050.0,2050.0,2050.0,2050.0,2050.0,0.0,0.0,0.0,0.0,1.0,1.0,8,2,2023-08-09,2050.0
Tiruvuru APMC,Sona,2023-08-03,12.0,2040.0,2040.0,2040.0,2040.0,2040.0,2040.0,2040.0,0.0,0.0,0.0,0.0,1.0,1.0,8,3,2023-08-10,2040.0
Rajahmundry APMC,Swarna Masuri (New),2023-08-03,0.5,2060.0,2060.0,2060.0,2060.0,2060.0,2060.0,2060.0,0.0,1.3424599555027743e-05,0.0,0.0,1.0,1.0,8,3,2023-08-13,2060.0
Rajahmundry APMC,Paddy,2023-08-03,0.5,2040.0,2040.0,2040.0,2040.0,2040.0,2040.0,2040.0,0.0,0.0,0.0,0.0,1.0,1.0,8,3,2023-08-13,2040.0
Pithapuram APMC,1001,2023-08-03,1.0,2040.0,2060.0,2050.0,2050.0,2050.0,2050.0,2050.0,0.0,0.0,0.0,0.0,1.0,1.0,8,3,2023-08-10,2050.0
Sampara (Kakinada Rural) APMC,Swarna Masuri (New),2023-08-03,1.0,2000.0,2080.0,2040.0,2040.0,2180.0,2100.0,2140.0,74.83314773547883,65.63301233138935,0.0,-140.0,0.9714285714285714,0.9532710280373832,8,3,2023-08-10,2040.0
Karapa APMC,1001,2023-08-03,1.0,2040.0,2060.0,2050.0,2060.0,2050.0,2052.8571428571427,2052.1428571428573,4.879500364743359,4.258153136262138,-10.0,0.0,0.9986082115518442,0.9989557953358856,8,3,2023-08-10,2050.0
Banaganapalli APMC,Sona Mahsuri,2023-08-03,0.01,2000.0,2200.0,2100.0,2100.0,2100.0,2100.0,2100.0,0.0,0.0,0.0,0.0,1.0,1.0,8,3,2023-08-10,2100.0
Atmakur (Nandyal District) APMC,Sona Mahsuri,2023-08-03,0.01,2040.0,2040.0,2040.0,2040.0,2040.0,2040.0,2040.0,0.0,0.0,0.0,0.0,1.0,1.0,8,3,2023-08-10,2040.0
Peddapuram APMC,1001,2023-08-03,0.1,2040.0,2050.0,2045.0,2091.0,2045.0,2051.5714285714284,2047.9285714285716,17.386365758424482,12.468201311979252,-46.0,0.0,0.9967968804400807,0.9985699836071292,8,3,2023-08-10,2045.0
Atmakur (Nandyal District) APMC,Sona Mahsuri,2023-08-04,0.01,2040.0,2040.0,2040.0,2040.0,2040.0,2040.0,2040.0,0.0,0.0,0.0,0.0,1.0,1.0,8,4,2023-08-11,2040.0
Banaganapalli APMC,Sona Mahsuri,2023-08-04,0.01,2000.0,2200.0,2100.0,2100.0,2100.0,2100.0,2100.0,0.0,0.0,0.0,0.0,1.0,1.0,8,4,2023-08-11,2100.0
Karapa APMC,1001,2023-08-04,1.0,2040.0,2060.0,2050.0,2050.0,2050.0,2052.8571428571427,2052.1428571428573,4.879500364743359,4.258153136262138,0.0,0.0,0.9986082115518442,0.9989557953358856,8,4,2023-08-12,2050.0
Peddapuram APMC,1001,2023-08-04,0.1,2040.0,2050.0,2045.0,2045.0,2045.0,2051.5714285714284,2047.9285714285716,17.386365758424482,12.468201311979252,0.0,0.0,0.9967968804400807,0.9985699836071292,8,4,2023-08-11,2045.0
Pithapuram APMC,1001,2023-08-04,1.0,2040.0,2060.0,2050.0,2050.0,2050.0,2050.0,2050.0,0.0,0.0,0.0,0.0,1.0,1.0,8,4,2023-08-11,2050.0
Rajahmundry APMC,Paddy,2023-08-04,0.5,2040.0,2040.0,2040.0,2040.0,2040.0,2040.0,2040.0,0.0,0.0,0.0,0.0,1.0,1.0,8,4,2023-08-13,2040.0
Rajahmundry APMC,Swarna Masuri (New),2023-08-04,0.5,2060.0,2060.0,2060.0,2060.0,2060.0,2060.0,2060.0,0.0,1.3424599555027743e-05,0.0,0.0,1.0,1.0,8,4,2023-08-13,2060.0
Sampara (Kakinada Rural) APMC,Swarna Masuri (New),2023-08-04,1.0,2000.0,2080.0,2040.0,2040.0,2180.0,2080.0,2130.0,68.3130051063973,69.61432213383857,0.0,-140.0,0.9807692307692308,0.9577464788732394,8,4,2023-08-11,2040.0
Tiruvuru APMC,Sona,2023-08-04,40.0,2040.0,2040.0,2040.0,2040.0,2040.0,2040.0,2040.0,0.0,0.0,0.0,0.0,1.0,1.0,8,4,2023-08-11,2040.0
Tiruvuru APMC,Sona,2023-08-05,18.0,2040.0,2040.0,2040.0,2040.0,2040.0,2040.0,2040.0,0.0,0.0,0.0,0.0,1.0,1.0,8,5,2023-08-17,2040.0
Rajahmundry APMC,Swarna Masuri (New),2023-08-05,0.5,2060.0,2060.0,2060.0,2060.0,2060.0,2060.0,2060.0,0.0,1.3424599555027743e-05,0.0,0.0,1.0,1.0,8,5,2023-08-13,2060.0
Rajahmundry APMC,Paddy,2023-08-05,0.5,2040.0,2040.0,2040.0,2040.0,2040.0,2040.0,2040.0,0.0,0.0,0.0,0.0,1.0,1.0,8,5,2023-08-13,2040.0
Pithapuram APMC,1001,2023-08-05,1.0,2040.0,2060.0,2050.0,2050.0,2050.0,2050.0,2050.0,0.0,0.0,0.0,0.0,1.0,1.0,8,5,2023-08-12,2050.0
Banaganapalli APMC,Sona Mahsuri,2023-08-05,0.01,2000.0,2200.0,2100.0,2100.0,2100.0,2100.0,2100.0,0.0,0.0,0.0,0.0,1.0,1.0,8,5,2023-08-12,2100.0
Atmakur (Nandyal District) APMC,Sona Mahsuri,2023-08-05,0.01,2040.0,2040.0,2040.0,2040.0,2040.0,2040.0,2040.0,0.0,0.0,0.0,0.0,1.0,1.0,8,5,2023-08-12,2040.0
Banaganapalli APMC,Sona Mahsuri,2023-08-06,0.01,2000.0,2200.0,2100.0,2100.0,2100.0,2100.0,2100.0,0.0,0.0,0.0,0.0,1.0,1.0,8,6,2023-08-13,2100.0
Banaganapalli APMC,Sona Mahsuri,2023-08-07,0.01,2000.0,2200.0,2100.0,2100.0,2100.0,2100.0,2100.0,0.0,0.0,0.0,0.0,1.0,1.0,8,0,2023-08-14,2100.0
Sampara (Kakinada Rural) APMC,Swarna Masuri (New),2023-08-07,1.0,2000.0,2080.0,2040.0,2040.0,2180.0,2060.0,2120.0,52.91502622129181,71.89736274183339,0.0,-140.0,0.9902912621359224,0.9622641509433962,8,0,2023-08-14,2040.0
Tiruvuru APMC,Sona,2023-08-08,12.0,2040.0,2040.0,2040.0,2040.0,2040.0,2040.0,2040.0,0.0,0.0,0.0,0.0,1.0,1.0,8,1,2023-08-17,2040.0
Sampara (Kakinada Rural) APMC,Swarna Masuri (New),2023-08-08,1.0,2000.0,2080.0,2040.0,2040.0,2040.0,2040.0,2110.0,0.0,72.64243303278792,0.0,0.0,1.0,0.966824644549763,8,1,2023-08-19,2040.0
Rajahmundry APMC,Paddy,2023-08-08,0.5,2040.0,2040.0,2040.0,2040.0,2040.0,2040.0,2040.0,0.0,0.0,0.0,0.0,1.0,1.0,8,1,2023-08-15,2040.0
Pithapuram APMC,1001,2023-08-08,1.0,2040.0,2060.0,2050.0,2050.0,2050.0,2050.0,2050.0,0.0,0.0,0.0,0.0,1.0,1.0,8,1,2023-08-17,2050.0
Rajahmundry APMC,Swarna Masuri (New),2023-08-08,0.5,2060.0,2060.0,2060.0,2060.0,2060.0,2060.0,2060.0,0.0,1.3424599555027743e-05,0.0,0.0,1.0,1.0,8,1,2023-08-15,2060.0
Karapa APMC,1001,2023-08-08,1.0,2040.0,2060.0,2050.0,2050.0,2060.0,2052.8571428571427,2051.428571428572,4.879500364743359,3.631365196011622,0.0,-10.0,0.9986082115518442,0.9993036211699164,8,1,2023-08-15,2050.0
Banaganapalli APMC,Sona Mahsuri,2023-08-08,0.01,2000.0,2200.0,2100.0,2100.0,2100.0,2100.0,2100.0,0.0,0.0,0.0,0.0,1.0,1.0,8,1,2023-08-15,2100.0
Atmakur (Nandyal District) APMC,Sona Mahsuri,2023-08-08,0.01,2040.0,2040.0,2040.0,2040.0,2040.0,2040.0,2040.0,0.0,0.0,0.0,0.0,1.0,1.0,8,1,2023-08-15,2040.0
Peddapuram APMC,1001,2023-08-08,0.1,2040.0,2050.0,2045.0,2045.0,2045.0,2051.5714285714284,2047.9285714285716,17.386365758424482,12.468201311979252,0.0,0.0,0.9967968804400807,0.9985699836071292,8,1,2023-08-17,2045.0
Atmakur (Nandyal District) APMC,Sona Mahsuri,2023-08-09,0.01,2040.0,2040.0,2040.0,2040.0,2040.0,2040.0,2040.0,0.0,0.0,0.0,0.0,1.0,1.0,8,2,2023-08-17,2040.0
Banaganapalli APMC,Sona Mahsuri,2023-08-09,0.01,2000.0,2200.0,2100.0,2100.0,2100.0,2100.0,2100.0,0.0,0.0,0.0,0.0,1.0,1.0,8,2,2023-08-16,2100.0
Peddapuram APMC,1001,2023-08-09,0.1,2040.0,2050.0,2045.0,2045.0,2045.0,2051.5714285714284,2047.9285714285716,17.386365758424482,12.468201311979252,0.0,0.0,0.9967968804400807,0.9985699836071292,8,2,2023-08-17,2045.0
Pithapuram APMC,1001,2023-08-09,1.0,2040.0,2060.0,2050.0,2050.0,2050.0,2050.0,2050.0,0.0,0.0,0.0,0.0,1.0,1.0,8,2,2023-08-17,2050.0
Rajahmundry APMC,Paddy,2023-08-09,0.5,2040.0,2040.0,2040.0,2040.0,2040.0,2040.0,2040.0,0.0,0.0,0.0,0.0,1.0,1.0,8,2,2023-08-16,2040.0
Rajahmundry APMC,Swarna Masuri (New),2023-08-09,0.5,2060.0,2060.0,2060.0,2060.0,2060.0,2060.0,2060.0,0.0,1.3424599555027743e-05,0.0,0.0,1.0,1.0,8,2,2023-08-16,2060.0
Sampara (Kakinada Rural) APMC,Swarna Masuri (New),2023-08-09,1.0,2000.0,2080.0,2040.0,2040.0,2040.0,2040.0,2100.0,0.0,71.89736274183339,0.0,0.0,1.0,0.9714285714285714,8,2,2023-08-19,2040.0
Tiruvuru APMC,Sona,2023-08-09,10.0,2040.0,2040.0,2040.0,2040.0,2040.0,2040.0,2040.0,0.0,0.0,0.0,0.0,1.0,1.0,8,2,2023-08-17,2040.0
Tiruvuru APMC,Sona,2023-08-10,12.5,2040.0,2040.0,2040.0,2040.0,2040.0,2040.0,2040.0,0.0,0.0,0.0,0.0,1.0,1.0,8,3,2023-08-17,2040.0
Pithapuram APMC,1001,2023-08-10,1.0,2040.0,2060.0,2050.0,2050.0,2050.0,2050.0,2050.0,0.0,0.0,0.0,0.0,1.0,1.0,8,3,2023-08-17,2050.0
Sampara (Kakinada Rural) APMC,Swarna Masuri (New),2023-08-10,1.0,2000.0,2080.0,2040.0,2040.0,2040.0,2040.0,2090.0,0.0,69.61432213383857,0.0,0.0,1.0,0.9760765550239234,8,3,2023-08-19,2040.0
Banaganapalli APMC,Sona Mahsuri,2023-08-10,0.01,2000.0,2200.0,2100.0,2100.0,2100.0,2100.0,2100.0,0.0,0.0,0.0,0.0,1.0,1.0,8,3,2023-08-17,2100.0
Peddapuram APMC,1001,2023-08-10,0.1,2040.0,2050.0,2045.0,2045.0,2045.0,2051.5714285714284,2048.285714285714,17.386365758424482,12.294017127971404,0.0,0.0,0.9967968804400807,0.9983958711117312,8,3,2023-08-17,2045.0
Atmakur (Nandyal District) APMC,Sona Mahsuri,2023-08-10,0.01,2040.0,2040.0,2040.0,2040.0,2040.0,2040.0,2040.0,0.0,0.0,0.0,0.0,1.0,1.0,8,3,2023-08-17,2040.0
Atmakur (Nandyal District) APMC,Sona Mahsuri,2023-08-11,0.01,2040.0,2040.0,2040.0,2040.0,2040.0,2040.0,2040.0,0.0,0.0,0.0,0.0,1.0,1.0,8,4,2023-08-18,2040.0
Banaganapalli APMC,Sona Mahsuri,2023-08-11,0.01,2000.0,2200.0,2100.0,2100.0,2100.0,2100.0,2100.0,0.0,0.0,0.0,0.0,1.0,1.0,8,4,2023-08-18,2100.0
Peddapuram APMC,1001,2023-08-11,0.1,2040.0,2050.0,2045.0,2045.0,2045.0,2051.5714285714284,2048.285714285714,17.386365758424482,12.294017127971404,0.0,0.0,0.9967968804400807,0.9983958711117312,8,4,2023-08-19,2045.0
Pithapuram APMC,1001,2023-08-11,1.0,2040.0,2060.0,2050.0,2050.0,2050.0,2050.0,2050.0,0.0,0.0,0.0,0.0,1.0,1.0,8,4,2023-08-18,2050.0
Sampara (Kakinada Rural) APMC,Swarna Masuri (New),2023-08-11,1.0,2000.0,2080.0,2040.0,2040.0,2040.0,2040.0,2080.0,0.0,65.63301233138935,0.0,0.0,1.0,0.9807692307692308,8,4,2023-08-19,2040.0
Tiruvuru APMC,Sona,2023-08-11,8.5,2040.0,2040.0,2040.0,2040.0,2040.0,2040.0,2040.0,0.0,0.0,0.0,0.0,1.0,1.0,8,4,2023-08-18,2040.0
Atmakur (Nandyal District) APMC,Sona Mahsuri,2023-08-12,0.01,2040.0,2040.0,2040.0,2040.0,2040.0,2040.0,2040.0,0.0,0.0,0.0,0.0,1.0,1.0,8,5,2023-08-19,2040.0
Pithapuram APMC,1001,2023-08-12,1.0,2040.0,2060.0,2050.0,2050.0,2050.0,2050.0,2050.0,0.0,0.0,0.0,0.0,1.0,1.0,8,5,2023-08-19,2050.0
Rajahmundry APMC,Paddy,2023-08-13,0.5,2040.0,2040.0,2040.0,2040.0,2040.0,2040.0,2040.0,0.0,0.0,0.0,0.0,1.0,1.0,8,6,2023-08-20,2040.0
Rajahmundry APMC,Swarna Masuri (New),2023-08-13,0.5,2060.0,2060.0,2060.0,2060.0,2060.0,2060.0,2060.0,0.0,1.3424599555027743e-05,0.0,0.0,1.0,1.0,8,6,2023-08-20,2060.0
Atmakur (Nandyal District) APMC,Sona Mahsuri,2023-08-13,0.01,2040.0,2040.0,2040.0,2040.0,2040.0,2040.0,2040.0,0.0,0.0,0.0,0.0,1.0,1.0,8,6,2023-08-20,2040.0
Pithapuram APMC,1001,2023-08-13,1.0,2040.0,2060.0,2050.0,2050.0,2050.0,2050.0,2050.0,0.0,0.0,0.0,0.0,1.0,1.0,8,6,2023-08-20,2050.0
Atmakur (Nandyal District) APMC,Sona Mahsuri,2023-08-14,0.01,2040.0,2040.0,2040.0,2040.0,2040.0,2040.0,2040.0,0.0,0.0,0.0,0.0,1.0,1.0,8,0,2023-08-21,2040.0
Peddapuram APMC,1001,2023-08-14,0.1,2040.0,2050.0,2045.0,2045.0,2091.0,2051.5714285714284,2048.285714285714,17.386365758424482,12.294017127971404,0.0,-46.0,0.9967968804400807,0.9983958711117312,8,0,2023-08-22,2045.0
Pithapuram APMC,1001,2023-08-14,1.0,2040.0,2060.0,2050.0,2050.0,2050.0,2050.0,2050.0,0.0,0.0,0.0,0.0,1.0,1.0,8,0,2023-08-21,2050.0
Rajahmundry APMC,Paddy,2023-08-14,0.5,2040.0,2040.0,2040.0,2040.0,2040.0,2040.0,2040.0,0.0,0.0,0.0,0.0,1.0,1.0,8,0,2023-08-21,2040.0
Rajahmundry APMC,Swarna Masuri (New),2023-08-14,0.5,2060.0,2060.0,2060.0,2060.0,2060.0,2060.0,2060.0,0.0,1.3424599555027743e-05,0.0,0.0,1.0,1.0,8,0,2023-08-21,2060.0
Sampara (Kakinada Rural) APMC,Swarna Masuri (New),2023-08-14,1.0,2000.0,2080.0,2040.0,2040.0,2040.0,2040.0,2070.0,0.0,59.61414390768481,0.0,0.0,1.0,0.9855072463768116,8,0,2023-08-22,2040.0
Rajahmundry APMC,Swarna Masuri (New),2023-08-15,0.5,2060.0,2060.0,2060.0,2060.0,2060.0,2060.0,2060.0,0.0,1.3424599555027743e-05,0.0,0.0,1.0,1.0,8,1,2023-08-22,2060.0
Rajahmundry APMC,Paddy,2023-08-15,0.5,2040.0,2040.0,2040.0,2040.0,2040.0,2040.0,2040.0,0.0,0.0,0.0,0.0,1.0,1.0,8,1,2023-08-22,2040.0
Atmakur (Nandyal District) APMC,Sona Mahsuri,2023-08-15,0.01,2040.0,2040.0,2040.0,2040.0,2040.0,2040.0,2040.0,0.0,0.0,0.0,0.0,1.0,1.0,8,1,2023-08-23,2040.0
Karapa APMC,1001,2023-08-15,1.0,2040.0,2060.0,2050.0,2050.0,2050.0,2050.0,2051.428571428572,1.9289570911757195e-06,3.631365196011622,0.0,0.0,1.0,0.9993036211699164,8,1,2023-08-29,2050.0
Rajahmundry APMC,Paddy,2023-08-16,0.5,2040.0,2040.0,2040.0,2040.0,2040.0,2040.0,2040.0,0.0,0.0,0.0,0.0,1.0,1.0,8,2,2023-08-23,2040.0
Rajahmundry APMC,Swarna Masuri (New),2023-08-16,0.5,2060.0,2060.0,2060.0,2060.0,2060.0,2060.0,2060.0,0.0,1.3424599555027743e-05,0.0,0.0,1.0,1.0,8,2,2023-08-23,2060.0
Rajahmundry APMC,Swarna Masuri (New),2023-08-17,0.5,2060.0,2060.0,2060.0,2060.0,2060.0,2060.0,2060.0,0.0,1.3424599555027743e-05,0.0,0.0,1.0,1.0,8,3,2023-08-24,2060.0
Tiruvuru APMC,Sona,2023-08-17,80.0,2040.0,2040.0,2040.0,2040.0,2040.0,2040.0,2040.0,0.0,0.0,0.0,0.0,1.0,1.0,8,3,2023-08-25,2040.0
Rajahmundry APMC,Paddy,2023-08-17,0.5,2040.0,2040.0,2040.0,2040.0,2040.0,2040.0,2040.0,0.0,0.0,0.0,0.0,1.0,1.0,8,3,2023-08-24,2040.0
Pithapuram APMC,1001,2023-08-17,1.0,2040.0,2060.0,2050.0,2050.0,2050.0,2050.0,2050.0,0.0,0.0,0.0,0.0,1.0,1.0,8,3,2023-08-25,2050.0
Peddapuram APMC,1001,2023-08-17,0.1,2040.0,2050.0,2045.0,2045.0,2045.0,2045.0,2048.285714285714,0.0,12.294017127971404,0.0,0.0,1.0,0.9983958711117312,8,3,2023-08-24,2045.0
Atmakur (Nandyal District) APMC,Sona Mahsuri,2023-08-17,0.01,2040.0,2040.0,2040.0,2040.0,2040.0,2040.0,2040.0,0.0,0.0,0.0,0.0,1.0,1.0,8,3,2023-08-24,2040.0
Atmakur (Nandyal District) APMC,Sona Mahsuri,2023-08-18,0.01,2040.0,2040.0,2040.0,2040.0,2040.0,2040.0,2040.0,0.0,0.0,0.0,0.0,1.0,1.0,8,4,2023-08-25,2040.0
Pithapuram APMC,1001,2023-08-18,1.0,2040.0,2060.0,2050.0,2050.0,2050.0,2050.0,2050.0,0.0,0.0,0.0,0.0,1.0,1.0,8,4,2023-08-25,2050.0
Rajahmundry APMC,Paddy,2023-08-18,0.5,2040.0,2040.0,2040.0,2040.0,2040.0,2040.0,2040.0,0.0,0.0,0.0,0.0,1.0,1.0,8,4,2023-08-25,2040.0
Rajahmundry APMC,Swarna Masuri (New),2023-08-18,0.5,2060.0,2060.0,2060.0,2060.0,2060.0,2060.0,2060.0,0.0,1.3424599555027743e-05,0.0,0.0,1.0,1.0,8,4,2023-08-25,2060.0
Tiruvuru APMC,Sona,2023-08-18,13.0,2040.0,2040.0,2040.0,2040.0,2040.0,2040.0,2040.0,0.0,0.0,0.0,0.0,1.0,1.0,8,4,2023-08-25,2040.0
Tiruvuru APMC,Sona,2023-08-19,16.0,2040.0,2040.0,2040.0,2040.0,2040.0,2040.0,2040.0,0.0,0.0,0.0,0.0,1.0,1.0,8,5,2023-08-30,2040.0
Rajahmundry APMC,Swarna Masuri (New),2023-08-19,0.5,2060.0,2060.0,2060.0,2060.0,2060.0,2060.0,2060.0,0.0,1.3424599555027743e-05,0.0,0.0,1.0,1.0,8,5,2023-08-26,2060.0
Rajahmundry APMC,Paddy,2023-08-19,0.5,2040.0,2040.0,2040.0,2040.0,2040.0,2040.0,2040.0,0.0,0.0,0.0,0.0,1.0,1.0,8,5,2023-08-26,2040.0
Sampara (Kakinada Rural) APMC,Swarna Masuri (New),2023-08-19,1.0,2000.0,2080.0,2040.0,2040.0,2040.0,2040.0,2060.0,0.0,50.8391127441794,0.0,0.0,1.0,0.9902912621359224,8,5,2023-08-26,2040.0
Peddapuram APMC,1001,2023-08-19,0.1,2040.0,2050.0,2045.0,2045.0,2045.0,2045.0,2048.285714285714,0.0,12.294017127971404,0.0,0.0,1.0,0.9983958711117312,8,5,2023-08-28,2045.0
Atmakur (Nandyal District) APMC,Sona Mahsuri,2023-08-19,0.01,2040.0,2040.0,2040.0,2040.0,2040.0,2040.0,2040.0,0.0,0.0,0.0,0.0,1.0,1.0,8,5,2023-08-26,2040.0
Pithapuram APMC,1001,2023-08-19,1.0,2040.0,2060.0,2050.0,2050.0,2050.0,2050.0,2050.0,0.0,0.0,0.0,0.0,1.0,1.0,8,5,2023-08-26,2050.0
Atmakur (Nandyal District) APMC,Sona Mahsuri,2023-08-20,0.01,2040.0,2040.0,2040.0,2040.0,2040.0,2040.0,2040.0,0.0,0.0,0.0,0.0,1.0,1.0,8,6,2023-08-27,2040.0
Pithapuram APMC,1001,2023-08-20,1.0,2040.0,2060.0,2050.0,2050.0,2050.0,2050.0,2050.0,0.0,0.0,0.0,0.0,1.0,1.0,8,6,2023-08-27,2050.0
Rajahmundry APMC,Paddy,2023-08-20,0.5,2040.0,2040.0,2040.0,2040.0,2040.0,2040.0,2040.0,0.0,0.0,0.0,0.0,1.0,1.0,8,6,2023-08-29,2040.0
Rajahmundry APMC,Swarna Masuri (New),2023-08-20,0.5,2060.0,2060.0,2060.0,2060.0,2060.0,2060.0,2060.0,0.0,1.3424599555027743e-05,0.0,0.0,1.0,1.0,8,6,2023-08-29,2060.0
Atmakur (Nandyal District) APMC,Sona Mahsuri,2023-08-21,0.01,2040.0,2040.0,2040.0,2040.0,2040.0,2040.0,2040.0,0.0,0.0,0.0,0.0,1.0,1.0,8,0,2023-08-28,2040.0
Pithapuram APMC,1001,2023-08-21,1.0,2040.0,2060.0,2050.0,2050.0,2050.0,2050.0,2050.0,0.0,0.0,0.0,0.0,1.0,1.0,8,0,2023-08-28,2050.0
Rajahmundry APMC,Paddy,2023-08-21,0.5,2040.0,2040.0,2040.0,2040.0,2040.0,2040.0,2040.0,0.0,0.0,0.0,0.0,1.0,1.0,8,0,2023-08-29,2040.0
Rajahmundry APMC,Swarna Masuri (New),2023-08-21,0.5,2060.0,2060.0,2060.0,2060.0,2060.0,2060.0,2060.0,0.0,1.3424599555027743e-05,0.0,0.0,1.0,1.0,8,0,2023-08-29,2060.0
Tiruvuru APMC,Sona,2023-08-21,16.0,2040.0,2040.0,2040.0,2040.0,2040.0,2040.0,2040.0,0.0,0.0,0.0,0.0,1.0,1.0,8,0,2023-08-30,2040.0
Tiruvuru APMC,Sona,2023-08-22,16.0,2040.0,2040.0,2040.0,2040.0,2040.0,2040.0,2040.0,0.0,0.0,0.0,0.0,1.0,1.0,8,1,2023-08-30,2040.0
Rajahmundry APMC,Swarna Masuri (New),2023-08-22,0.5,2060.0,2060.0,2060.0,2060.0,2060.0,2060.0,2060.0,0.0,1.3424599555027743e-05,0.0,0.0,1.0,1.0,8,1,2023-08-29,2060.0
Sampara (Kakinada Rural) APMC,Swarna Masuri (New),2023-08-22,1.0,2000.0,2080.0,2040.0,2040.0,2040.0,2040.0,2050.0,0.0,37.41657386773943,0.0,0.0,1.0,0.9951219512195122,8,1,2023-08-29,2040.0
Pithapuram APMC,1001,2023-08-22,1.0,2040.0,2060.0,2050.0,2050.0,2050.0,2050.0,2050.0,0.0,0.0,0.0,0.0,1.0,1.0,8,1,2023-08-29,2050.0
Rajahmundry APMC,Paddy,2023-08-22,0.5,2040.0,2040.0,2040.0,2040.0,2040.0,2040.0,2040.0,0.0,0.0,0.0,0.0,1.0,1.0,8,1,2023-08-29,2040.0
Peddapuram APMC,1001,2023-08-22,0.1,2040.0,2050.0,2045.0,2045.0,2045.0,2045.0,2048.285714285714,0.0,12.294017127971404,0.0,0.0,1.0,0.9983958711117312,8,1,2023-08-30,2045.0
Sampara (Kakinada Rural) APMC,Swarna Masuri (New),2023-08-23,1.0,2000.0,2080.0,2040.0,2040.0,2040.0,2040.0,2040.0,0.0,0.0,0.0,0.0,1.0,1.0,8,2,2023-09-02,2040.0
Rajahmundry APMC,Swarna Masuri (New),2023-08-23,0.5,2060.0,2060.0,2060.0,2060.0,2060.0,2060.0,2060.0,0.0,1.3424599555027743e-05,0.0,0.0,1.0,1.0,8,2,2023-08-30,2060.0
Tiruvuru APMC,Sona,2023-08-23,18.0,2040.0,2040.0,2040.0,2040.0,2040.0,2040.0,2040.0,0.0,0.0,0.0,0.0,1.0,1.0,8,2,2023-08-30,2040.0
Pithapuram APMC,1001,2023-08-23,1.0,2040.0,2060.0,2050.0,2050.0,2050.0,2050.0,2050.0,0.0,0.0,0.0,0.0,1.0,1.0,8,2,2023-08-30,2050.0
Atmakur (Nandyal District) APMC,Sona Mahsuri,2023-08-23,0.01,2040.0,2040.0,2040.0,2040.0,2040.0,2040.0,2040.0,0.0,0.0,0.0,0.0,1.0,1.0,8,2,2023-08-31,2040.0
Rajahmundry APMC,Paddy,2023-08-23,0.5,2040.0,2040.0,2040.0,2040.0,2040.0,2040.0,2040.0,0.0,0.0,0.0,0.0,1.0,1.0,8,2,2023-08-30,2040.0
Atmakur (Nandyal District) APMC,Sona Mahsuri,2023-08-24,0.01,2040.0,2040.0,2040.0,2040.0,2040.0,2040.0,2040.0,0.0,0.0,0.0,0.0,1.0,1.0,8,3,2023-08-31,2040.0
Peddapuram APMC,1001,2023-08-24,0.1,2040.0,2050.0,2045.0,2045.0,2045.0,2045.0,2048.285714285714,0.0,12.294017127971404,0.0,0.0,1.0,0.9983958711117312,8,3,2023-08-31,2045.0
Rajahmundry APMC,Paddy,2023-08-24,0.5,2040.0,2040.0,2040.0,2040.0,2040.0,2040.0,2040.0,0.0,0.0,0.0,0.0,1.0,1.0,8,3,2023-08-31,2040.0
Rajahmundry APMC,Swarna Masuri (New),2023-08-24,0.5,2060.0,2060.0,2060.0,2060.0,2060.0,2060.0,2060.0,0.0,1.3424599555027743e-05,0.0,0.0,1.0,1.0,8,3,2023-08-31,2060.0
Sampara (Kakinada Rural) APMC,Swarna Masuri (New),2023-08-24,1.0,2000.0,2080.0,2040.0,2040.0,2040.0,2040.0,2040.0,0.0,0.0,0.0,0.0,1.0,1.0,8,3,2023-09-02,2040.0
Rajahmundry APMC,Swarna Masuri (New),2023-08-25,0.5,2060.0,2060.0,2060.0,2060.0,2060.0,2060.0,2060.0,0.0,1.3424599555027743e-05,0.0,0.0,1.0,1.0,8,4,2023-09-01,2060.0
Tiruvuru APMC,Sona,2023-08-25,9.0,2040.0,2040.0,2040.0,2040.0,2040.0,2040.0,2040.0,0.0,0.0,0.0,0.0,1.0,1.0,8,4,2023-09-02,2040.0
Rajahmundry APMC,Paddy,2023-08-25,0.5,2040.0,2040.0,2040.0,2040.0,2040.0,2040.0,2040.0,0.0,0.0,0.0,0.0,1.0,1.0,8,4,2023-09-01,2040.0
Atmakur (Nandyal District) APMC,Sona Mahsuri,2023-08-25,0.01,2040.0,2040.0,2040.0,2040.0,2040.0,2040.0,2040.0,0.0,0.0,0.0,0.0,1.0,1.0,8,4,2023-09-01,2040.0
Peddapuram APMC,1001,2023-08-25,0.1,2040.0,2050.0,2045.0,2045.0,2045.0,2045.0,2048.285714285714,0.0,12.294017127971404,0.0,0.0,1.0,0.9983958711117312,8,4,2023-09-01,2045.0
Pithapuram APMC,1001,2023-08-25,1.0,2040.0,2060.0,2050.0,2050.0,2050.0,2050.0,2050.0,0.0,0.0,0.0,0.0,1.0,1.0,8,4,2023-09-01,2050.0
Atmakur (Nandyal District) APMC,Sona Mahsuri,2023-08-26,0.01,2040.0,2040.0,2040.0,2040.0,2040.0,2040.0,2040.0,0.0,0.0,0.0,0.0,1.0,1.0,8,5,2023-09-02,2040.0
Pithapuram APMC,1001,2023-08-26,1.0,2040.0,2060.0,2050.0,2050.0,2050.0,2050.0,2050.0,0.0,0.0,0.0,0.0,1.0,1.0,8,5,2023-09-02,2050.0
Rajahmundry APMC,Paddy,2023-08-26,0.5,2040.0,2040.0,2040.0,2040.0,2040.0,2040.0,2040.0,0.0,0.0,0.0,0.0,1.0,1.0,8,5,2023-09-02,2040.0
Rajahmundry APMC,Swarna Masuri (New),2023-08-26,0.5,2060.0,2060.0,2060.0,2060.0,2060.0,2060.0,2060.0,0.0,1.3424599555027743e-05,0.0,0.0,1.0,1.0,8,5,2023-09-02,2060.0
Sampara (Kakinada Rural) APMC,Swarna Masuri (New),2023-08-26,1.0,2000.0,2080.0,2040.0,2040.0,2040.0,2040.0,2040.0,0.0,0.0,0.0,0.0,1.0,1.0,8,5,2023-09-02,2040.0
Atmakur (Nandyal District) APMC,Sona Mahsuri,2023-08-27,0.01,2040.0,2040.0,2040.0,2040.0,2040.0,2040.0,2040.0,0.0,0.0,0.0,0.0,1.0,1.0,8,6,2023-09-03,2040.0
Pithapuram APMC,1001,2023-08-27,1.0,2040.0,2060.0,2050.0,2050.0,2050.0,2050.0,2050.0,0.0,0.0,0.0,0.0,1.0,1.0,8,6,2023-09-03,2050.0
Sampara (Kakinada Rural) APMC,Swarna Masuri (New),2023-08-28,1.0,2020.0,2080.0,2040.0,2040.0,2040.0,2040.0,2040.0,0.0,0.0,0.0,0.0,1.0,1.0,8,0,2023-09-05,2040.0
Pithapuram APMC,1001,2023-08-28,1.0,2040.0,2060.0,2050.0,2050.0,2050.0,2050.0,2050.0,0.0,0.0,0.0,0.0,1.0,1.0,8,0,2023-09-04,2050.0
Atmakur (Nandyal District) APMC,Sona Mahsuri,2023-08-28,0.01,2040.0,2040.0,2040.0,2040.0,2040.0,2040.0,2040.0,0.0,0.0,0.0,0.0,1.0,1.0,8,0,2023-09-04,2040.0
Peddapuram APMC,1001,2023-08-28,0.1,2040.0,2050.0,2045.0,2045.0,2045.0,2045.0,2048.285714285714,0.0,12.294017127971404,0.0,0.0,1.0,0.9983958711117312,8,0,2023-09-04,2045.0
Atmakur (Nandyal District) APMC,Sona Mahsuri,2023-08-29,0.01,2040.0,2040.0,2040.0,2040.0,2040.0,2040.0,2040.0,0.0,0.0,0.0,0.0,1.0,1.0,8,1,2023-09-05,2040.0
Karapa APMC,1001,2023-08-29,1.0,2040.0,2060.0,2050.0,2050.0,2050.0,2050.0,2051.428571428572,1.9289570911757195e-06,3.631365196011622,0.0,0.0,1.0,0.9993036211699164,8,1,2023-09-08,2050.0
Pithapuram APMC,1001,2023-08-29,1.0,2040.0,2060.0,2050.0,2050.0,2050.0,2050.0,2050.0,0.0,0.0,0.0,0.0,1.0,1.0,8,1,2023-09-08,2050.0
Rajahmundry APMC,Paddy,2023-08-29,0.5,2040.0,2040.0,2040.0,2040.0,2040.0,2040.0,2040.0,0.0,0.0,0.0,0.0,1.0,1.0,8,1,2023-09-05,2040.0
Rajahmundry APMC,Swarna Masuri (New),2023-08-29,0.5,2060.0,2060.0,2060.0,2060.0,2060.0,2060.0,2060.0,0.0,1.3424599555027743e-05,0.0,0.0,1.0,1.0,8,1,2023-09-05,2060.0
Sampara (Kakinada Rural) APMC,Swarna Masuri (New),2023-08-29,1.0,2000.0,2080.0,2040.0,2040.0,2040.0,2040.0,2040.0,0.0,0.0,0.0,0.0,1.0,1.0,8,1,2023-09-05,2040.0
Peddapuram APMC,1001,2023-08-30,0.1,2040.0,2050.0,2045.0,2045.0,2045.0,2045.0,2048.285714285714,0.0,12.294017127971404,0.0,0.0,1.0,0.9983958711117312,8,2,2023-09-06,2045.0
Pithapuram APMC,1001,2023-08-30,1.0,2040.0,2060.0,2050.0,2050.0,2050.0,2050.0,2050.0,0.0,0.0,0.0,0.0,1.0,1.0,8,2,2023-09-08,2050.0
Rajahmundry APMC,Paddy,2023-08-30,0.5,2040.0,2040.0,2040.0,2040.0,2040.0,2040.0,2040.0,0.0,0.0,0.0,0.0,1.0,1.0,8,2,2023-09-06,2040.0
Rajahmundry APMC,Swarna Masuri (New),2023-08-30,0.5,2060.0,2060.0,2060.0,2060.0,2060.0,2060.0,2060.0,0.0,1.3424599555027743e-05,0.0,0.0,1.0,1.0,8,2,2023-09-06,2060.0
Tiruvuru APMC,Sona,2023-08-30,19.0,2040.0,2040.0,2040.0,2040.0,2040.0,2040.0,2040.0,0.0,0.0,0.0,0.0,1.0,1.0,8,2,2023-09-07,2060.0
Tiruvuru APMC,Sona,2023-08-31,21.0,2040.0,2040.0,2040.0,2040.0,2040.0,2040.0,2040.0,0.0,0.0,0.0,0.0,1.0,1.0,8,3,2023-09-07,2060.0
Rajahmundry APMC,Swarna Masuri (New),2023-08-31,0.5,2060.0,2060.0,2060.0,2060.0,2060.0,2060.0,2060.0,0.0,1.3424599555027743e-05,0.0,0.0,1.0,1.0,8,3,2023-09-07,2060.0
Rajahmundry APMC,Paddy,2023-08-31,0.5,2040.0,2040.0,2040.0,2040.0,2040.0,2040.0,2040.0,0.0,0.0,0.0,0.0,1.0,1.0,8,3,2023-09-07,2040.0
Karapa APMC,1001,2023-08-31,1.0,2040.0,2060.0,2050.0,2050.0,2050.0,2050.0,2050.714285714286,1.9289570911757195e-06,2.672612419122665,0.0,0.0,1.0,0.9996516893068615,8,3,2023-09-08,2050.0
Peddapuram APMC,1001,2023-08-31,0.1,2040.0,2050.0,2045.0,2045.0,2045.0,2045.0,2045.0,0.0,0.0,0.0,0.0,1.0,1.0,8,3,2023-09-08,2045.0
Atmakur (Nandyal District) APMC,Sona Mahsuri,2023-08-31,0.01,2040.0,2040.0,2040.0,2040.0,2040.0,2040.0,2040.0,0.0,0.0,0.0,0.0,1.0,1.0,8,3,2023-09-07,2040.0
Pithapuram APMC,1001,2023-08-31,1.0,2040.0,2060.0,2050.0,2050.0,2050.0,2050.0,2050.0,0.0,0.0,0.0,0.0,1.0,1.0,8,3,2023-09-08,2050.0
Atmakur (Nandyal District) APMC,Sona Mahsuri,2023-09-01,0.01,2040.0,2040.0,2040.0,2040.0,2040.0,2040.0,2040.0,0.0,0.0,0.0,0.0,1.0,1.0,9,4,2023-09-08,2040.0
Karapa APMC,1001,2023-09-01,1.0,2040.0,2060.0,2050.0,2050.0,2050.0,2050.0,2050.714285714286,1.9289570911757195e-06,2.672612419122665,0.0,0.0,1.0,0.9996516893068615,9,4,2023-09-08,2050.0
Peddapuram APMC,1001,2023-09-01,0.1,2040.0,2050.0,2045.0,2045.0,2045.0,2045.0,2045.0,0.0,0.0,0.0,0.0,1.0,1.0,9,4,2023-09-08,2045.0
Pithapuram APMC,1001,2023-09-01,1.0,2040.0,2060.0,2050.0,2050.0,2050.0,2050.0,2050.0,0.0,0.0,0.0,0.0,1.0,1.0,9,4,2023-09-08,2050.0
Rajahmundry APMC,Paddy,2023-09-01,0.5,2040.0,2040.0,2040.0,2040.0,2040.0,2040.0,2040.0,0.0,0.0,0.0,0.0,1.0,1.0,9,4,2023-09-08,2040.0
Rajahmundry APMC,Swarna Masuri (New),2023-09-01,0.5,2060.0,2060.0,2060.0,2060.0,2060.0,2060.0,2060.0,0.0,1.3424599555027743e-05,0.0,0.0,1.0,1.0,9,4,2023-09-08,2060.0
Sampara (Kakinada Rural) APMC,Swarna Masuri (New),2023-09-02,1.0,2020.0,2080.0,2040.0,2040.0,2040.0,2040.0,2040.0,0.0,0.0,0.0,0.0,1.0,1.0,9,5,2023-09-12,2040.0
Tiruvuru APMC,Sona,2023-09-02,26.0,2040.0,2040.0,2040.0,2040.0,2040.0,2040.0,2040.0,0.0,0.0,0.0,0.0,1.0,1.0,9,5,2023-09-12,2100.0
Rajahmundry APMC,Paddy,2023-09-02,0.5,2040.0,2040.0,2040.0,2040.0,2040.0,2040.0,2040.0,0.0,0.0,0.0,0.0,1.0,1.0,9,5,2023-09-09,2040.0
Atmakur (Nandyal District) APMC,Sona Mahsuri,2023-09-02,0.01,2040.0,2040.0,2040.0,2040.0,2040.0,2040.0,2040.0,0.0,0.0,0.0,0.0,1.0,1.0,9,5,2023-09-09,2040.0
Pithapuram APMC,1001,2023-09-02,1.0,2040.0,2060.0,2050.0,2050.0,2050.0,2050.0,2050.0,0.0,0.0,0.0,0.0,1.0,1.0,9,5,2023-09-11,2050.0
Rajahmundry APMC,Swarna Masuri (New),2023-09-02,0.5,2060.0,2060.0,2060.0,2060.0,2060.0,2060.0,2060.0,0.0,1.3424599555027743e-05,0.0,0.0,1.0,1.0,9,5,2023-09-09,2060.0
Atmakur (Nandyal District) APMC,Sona Mahsuri,2023-09-03,0.01,2040.0,2040.0,2040.0,2040.0,2040.0,2040.0,2040.0,0.0,0.0,0.0,0.0,1.0,1.0,9,6,2023-09-10,2040.0
Banaganapalli APMC,Sona Mahsuri,2023-09-03,0.01,2000.0,2200.0,2100.0,2100.0,2100.0,2100.0,2100.0,0.0,0.0,0.0,0.0,1.0,1.0,9,6,2023-09-10,2100.0
Pithapuram APMC,1001,2023-09-03,1.0,2040.0,2060.0,2050.0,2050.0,2050.0,2050.0,2050.0,0.0,0.0,0.0,0.0,1.0,1.0,9,6,2023-09-11,2050.0
Atmakur (Nandyal District) APMC,Sona Mahsuri,2023-09-04,0.01,2040.0,2040.0,2040.0,2040.0,2040.0,2040.0,2040.0,0.0,0.0,0.0,0.0,1.0,1.0,9,0,2023-09-11,2040.0
Banaganapalli APMC,Sona Mahsuri,2023-09-04,0.01,2000.0,2200.0,2100.0,2100.0,2100.0,2100.0,2100.0,0.0,0.0,0.0,0.0,1.0,1.0,9,0,2023-09-11,2100.0
Peddapuram APMC,1001,2023-09-04,0.1,2040.0,2050.0,2045.0,2045.0,2045.0,2045.0,2045.0,0.0,0.0,0.0,0.0,1.0,1.0,9,0,2023-09-12,2045.0
Pithapuram APMC,1001,2023-09-04,1.0,2040.0,2060.0,2050.0,2050.0,2050.0,2050.0,2050.0,0.0,0.0,0.0,0.0,1.0,1.0,9,0,2023-09-11,2050.0
Tiruvuru APMC,Sona,2023-09-04,24.0,2040.0,2040.0,2040.0,2040.0,2040.0,2040.0,2040.0,0.0,0.0,0.0,0.0,1.0,1.0,9,0,2023-09-12,2100.0
Tiruvuru APMC,Sona,2023-09-05,24.0,2040.0,2040.0,2040.0,2040.0,2040.0,2040.0,2040.0,0.0,0.0,0.0,0.0,1.0,1.0,9,1,2023-09-12,2100.0
Sampara (Kakinada Rural) APMC,Swarna Masuri (New),2023-09-05,1.0,2000.0,2080.0,2040.0,2040.0,2040.0,2040.0,2040.0,0.0,0.0,0.0,0.0,1.0,1.0,9,1,2023-09-12,2040.0
Rajahmundry APMC,Swarna Masuri (New),2023-09-05,0.5,2060.0,2060.0,2060.0,2060.0,2060.0,2060.0,2060.0,0.0,1.3424599555027743e-05,0.0,0.0,1.0,1.0,9,1,2023-09-12,2060.0
Banaganapalli APMC,Sona Mahsuri,2023-09-05,0.01,2000.0,2200.0,2100.0,2100.0,2100.0,2100.0,2100.0,0.0,0.0,0.0,0.0,1.0,1.0,9,1,2023-09-12,2100.0
Peddapuram APMC,1001,2023-09-05,0.1,2040.0,2050.0,2045.0,2045.0,2045.0,2045.0,2045.0,0.0,0.0,0.0,0.0,1.0,1.0,9,1,2023-09-12,2045.0
Atmakur (Nandyal District) APMC,Sona Mahsuri,2023-09-05,0.01,2040.0,2040.0,2040.0,2040.0,2040.0,2040.0,2040.0,0.0,0.0,0.0,0.0,1.0,1.0,9,1,2023-09-12,2040.0
Rajahmundry APMC,Paddy,2023-09-05,0.5,2040.0,2040.0,2040.0,2040.0,2040.0,2040.0,2040.0,0.0,0.0,0.0,0.0,1.0,1.0,9,1,2023-09-12,2040.0
Rajahmundry APMC,Swarna Masuri (New),2023-09-06,0.5,2060.0,2060.0,2060.0,2060.0,2060.0,2060.0,2060.0,0.0,1.3424599555027743e-05,0.0,0.0,1.0,1.0,9,2,2023-09-13,2060.0
Atmakur (Nandyal District) APMC,Sona Mahsuri,2023-09-06,0.01,2040.0,2040.0,2040.0,2040.0,2040.0,2040.0,2040.0,0.0,0.0,0.0,0.0,1.0,1.0,9,2,2023-09-13,2040.0
Banaganapalli APMC,Sona Mahsuri,2023-09-06,0.01,2000.0,2200.0,2100.0,2100.0,2100.0,2100.0,2100.0,0.0,0.0,0.0,0.0,1.0,1.0,9,2,2023-09-13,2100.0
Peddapuram APMC,1001,2023-09-06,0.1,2040.0,2050.0,2045.0,2045.0,2045.0,2045.0,2045.0,0.0,0.0,0.0,0.0,1.0,1.0,9,2,2023-09-13,2045.0
Rajahmundry APMC,Paddy,2023-09-06,0.5,2040.0,2040.0,2040.0,2040.0,2040.0,2040.0,2040.0,0.0,0.0,0.0,0.0,1.0,1.0,9,2,2023-09-13,2040.0
Sampara (Kakinada Rural) APMC,Swarna Masuri (New),2023-09-06,1.0,2000.0,2080.0,2040.0,2040.0,2040.0,2040.0,2040.0,0.0,0.0,0.0,0.0,1.0,1.0,9,2,2023-09-14,2040.0
Banaganapalli APMC,Sona Mahsuri,2023-09-07,0.01,2000.0,2200.0,2100.0,2100.0,2100.0,2100.0,2100.0,0.0,0.0,0.0,0.0,1.0,1.0,9,3,2023-09-14,2100.0
Tiruvuru APMC,Sona,2023-09-07,16.0,2040.0,2080.0,2060.0,2040.0,2040.0,2040.0,2040.0,0.0,0.0,20.0,20.0,1.0098039215686274,1.0098039215686274,9,3,2023-09-15,2070.0
Tanuku APMC,MTU-1010,2023-09-07,1.0,2020.0,2040.0,2040.0,2040.0,2040.0,2040.0,2040.0,0.0,1.2131806507799106e-05,0.0,0.0,1.0,1.0,9,3,2023-09-15,2040.0
Atmakur (Nandyal District) APMC,Sona Mahsuri,2023-09-07,0.01,2040.0,2040.0,2040.0,2040.0,2040.0,2040.0,2040.0,0.0,0.0,0.0,0.0,1.0,1.0,9,3,2023-09-14,2040.0
Rajahmundry APMC,Paddy,2023-09-07,0.5,2040.0,2040.0,2040.0,2040.0,2040.0,2040.0,2040.0,0.0,0.0,0.0,0.0,1.0,1.0,9,3,2023-09-14,2040.0
Rajahmundry APMC,Swarna Masuri (New),2023-09-07,0.5,2060.0,2060.0,2060.0,2060.0,2060.0,2060.0,2060.0,0.0,1.3424599555027743e-05,0.0,0.0,1.0,1.0,9,3,2023-09-14,2060.0
Atmakur (Nandyal District) APMC,Sona Mahsuri,2023-09-08,0.01,2040.0,2040.0,2040.0,2040.0,2040.0,2040.0,2040.0,0.0,0.0,0.0,0.0,1.0,1.0,9,4,2023-09-15,2040.0
Banaganapalli APMC,Sona Mahsuri,2023-09-08,0.01,2000.0,2200.0,2100.0,2100.0,2100.0,2100.0,2100.0,0.0,0.0,0.0,0.0,1.0,1.0,9,4,2023-09-15,2100.0
Karapa APMC,1001,2023-09-08,1.0,2040.0,2060.0,2050.0,2050.0,2050.0,2050.0,2050.714285714286,1.9289570911757195e-06,2.672612419122665,0.0,0.0,1.0,0.9996516893068615,9,4,2023-09-15,2050.0
Peddapuram APMC,1001,2023-09-08,0.1,2040.0,2050.0,2045.0,2045.0,2045.0,2045.0,2045.0,0.0,0.0,0.0,0.0,1.0,1.0,9,4,2023-09-15,2045.0
Pithapuram APMC,1001,2023-09-08,1.0,2040.0,2060.0,2050.0,2050.0,2050.0,2050.0,2050.0,0.0,0.0,0.0,0.0,1.0,1.0,9,4,2023-09-15,2050.0
Rajahmundry APMC,Paddy,2023-09-08,0.5,2040.0,2040.0,2040.0,2040.0,2040.0,2040.0,2040.0,0.0,0.0,0.0,0.0,1.0,1.0,9,4,2023-09-18,2040.0
Rajahmundry APMC,Swarna Masuri (New),2023-09-08,0.5,2060.0,2060.0,2060.0,2060.0,2060.0,2060.0,2060.0,0.0,1.3424599555027743e-05,0.0,0.0,1.0,1.0,9,4,2023-09-18,2060.0
Tanuku APMC,MTU-1010,2023-09-08,1.0,2020.0,2040.0,2040.0,2040.0,2040.0,2040.0,2040.0,0.0,1.2131806507799106e-05,0.0,0.0,1.0,1.0,9,4,2023-09-15,2040.0
Tiruvuru APMC,Sona,2023-09-08,24.0,2040.0,2080.0,2060.0,2060.0,2040.0,2042.857142857143,2041.4285714285716,7.559289460184537,5.345224838248502,0.0,20.0,1.0083916083916085,1.0090972708187544,9,4,2023-09-15,2070.0
Tanuku APMC,MTU-1010,2023-09-09,1.0,2020.0,2040.0,2040.0,2040.0,2040.0,2040.0,2040.0,0.0,1.2131806507799106e-05,0.0,0.0,1.0,1.0,9,5,2023-09-16,2040.0
Rajahmundry APMC,Swarna Masuri (New),2023-09-09,0.5,2060.0,2060.0,2060.0,2060.0,2060.0,2060.0,2060.0,0.0,1.3424599555027743e-05,0.0,0.0,1.0,1.0,9,5,2023-09-18,2060.0
Rajahmundry APMC,Paddy,2023-09-09,0.5,2040.0,2040.0,2040.0,2040.0,2040.0,2040.0,2040.0,0.0,0.0,0.0,0.0,1.0,1.0,9,5,2023-09-18,2040.0
Karapa APMC,1001,2023-09-09,1.0,2040.0,2060.0,2050.0,2050.0,2050.0,2050.0,2050.714285714286,1.9289570911757195e-06,2.672612419122665,0.0,0.0,1.0,0.9996516893068615,9,5,2023-09-16,2050.0
Banaganapalli APMC,Sona Mahsuri,2023-09-09,0.01,2000.0,2200.0,2100.0,2100.0,2100.0,2100.0,2100.0,0.0,0.0,0.0,0.0,1.0,1.0,9,5,2023-09-16,2100.0
Atmakur (Nandyal District) APMC,Sona Mahsuri,2023-09-09,0.01,2040.0,2040.0,2040.0,2040.0,2040.0,2040.0,2040.0,0.0,0.0,0.0,0.0,1.0,1.0,9,5,2023-09-16,2040.0
Peddapuram APMC,1001,2023-09-09,0.01,2040.0,2050.0,2045.0,2045.0,2045.0,2045.0,2045.0,0.0,0.0,0.0,0.0,1.0,1.0,9,5,2023-09-16,2045.0
Atmakur (Nandyal District) APMC,Sona Mahsuri,2023-09-10,0.01,2040.0,2040.0,2040.0,2040.0,2040.0,2040.0,2040.0,0.0,0.0,0.0,0.0,1.0,1.0,9,6,2023-09-18,2040.0
Banaganapalli APMC,Sona Mahsuri,2023-09-10,0.01,2000.0,2200.0,2100.0,2100.0,2100.0,2100.0,2100.0,0.0,0.0,0.0,0.0,1.0,1.0,9,6,2023-09-18,2100.0
Karapa APMC,1001,2023-09-10,1.0,2040.0,2060.0,2050.0,2050.0,2050.0,2050.0,2050.0,1.9289570911757195e-06,0.0,0.0,0.0,1.0,1.0,9,6,2023-09-19,2050.0
Rajahmundry APMC,Paddy,2023-09-10,0.5,2040.0,2040.0,2040.0,2040.0,2040.0,2040.0,2040.0,0.0,0.0,0.0,0.0,1.0,1.0,9,6,2023-09-18,2040.0
Rajahmundry APMC,Swarna Masuri (New),2023-09-10,0.5,2060.0,2060.0,2060.0,2060.0,2060.0,2060.0,2060.0,0.0,1.3424599555027743e-05,0.0,0.0,1.0,1.0,9,6,2023-09-18,2060.0
Tanuku APMC,MTU-1010,2023-09-10,1.0,2020.0,2040.0,2040.0,2040.0,2040.0,2040.0,2040.0,0.0,1.2131806507799106e-05,0.0,0.0,1.0,1.0,9,6,2023-09-19,2040.0
Rajahmundry APMC,Swarna Masuri (New),2023-09-11,0.5,2060.0,2060.0,2060.0,2060.0,2060.0,2060.0,2060.0,0.0,1.3424599555027743e-05,0.0,0.0,1.0,1.0,9,0,2023-09-18,2060.0
Tanuku APMC,MTU-1010,2023-09-11,1.0,2020.0,2040.0,2040.0,2040.0,2040.0,2040.0,2040.0,0.0,1.2131806507799106e-05,0.0,0.0,1.0,1.0,9,0,2023-09-19,2040.0
Rajahmundry APMC,Paddy,2023-09-11,0.5,2040.0,2040.0,2040.0,2040.0,2040.0,2040.0,2040.0,0.0,0.0,0.0,0.0,1.0,1.0,9,0,2023-09-18,2040.0
Atmakur (Nandyal District) APMC,Sona Mahsuri,2023-09-11,0.01,2040.0,2040.0,2040.0,2040.0,2040.0,2040.0,2040.0,0.0,0.0,0.0,0.0,1.0,1.0,9,0,2023-09-18,2040.0
Karapa APMC,1001,2023-09-11,1.0,2040.0,2060.0,2050.0,2050.0,2050.0,2050.0,2050.0,1.9289570911757195e-06,0.0,0.0,0.0,1.0,1.0,9,0,2023-09-19,2050.0
Banaganapalli APMC,Sona Mahsuri,2023-09-11,0.01,2000.0,2200.0,2100.0,2100.0,2100.0,2100.0,2100.0,0.0,0.0,0.0,0.0,1.0,1.0,9,0,2023-09-18,2100.0
Pithapuram APMC,1001,2023-09-11,1.0,2040.0,2060.0,2050.0,2050.0,2050.0,2050.0,2050.0,0.0,0.0,0.0,0.0,1.0,1.0,9,0,2023-09-18,2050.0
Tiruvuru APMC,Sona,2023-09-12,16.0,2040.0,2140.0,2100.0,2060.0,2040.0,2045.7142857142856,2042.857142857143,9.759000729485294,7.26273039202567,40.0,60.0,1.026536312849162,1.027972027972028,9,1,2023-09-19,2140.0
Tanuku APMC,MTU-1010,2023-09-12,1.0,2020.0,2040.0,2040.0,2040.0,2040.0,2040.0,2040.0,0.0,1.2131806507799106e-05,0.0,0.0,1.0,1.0,9,1,2023-09-19,2040.0
Rajahmundry APMC,Swarna Masuri (New),2023-09-12,0.5,2060.0,2060.0,2060.0,2060.0,2060.0,2060.0,2060.0,0.0,1.3424599555027743e-05,0.0,0.0,1.0,1.0,9,1,2023-09-19,2060.0
Rajahmundry APMC,Paddy,2023-09-12,0.5,2040.0,2040.0,2040.0,2040.0,2040.0,2040.0,2040.0,0.0,0.0,0.0,0.0,1.0,1.0,9,1,2023-09-19,2040.0
Sampara (Kakinada Rural) APMC,Swarna Masuri (New),2023-09-12,1.0,2000.0,2080.0,2040.0,2040.0,2040.0,2040.0,2040.0,0.0,0.0,0.0,0.0,1.0,1.0,9,1,2023-09-19,2040.0
Peddapuram APMC,1001,2023-09-12,1.0,2040.0,2050.0,2045.0,2045.0,2045.0,2045.0,2045.0,0.0,0.0,0.0,0.0,1.0,1.0,9,1,2023-09-19,2045.0
Karapa APMC,1001,2023-09-12,1.0,2040.0,2060.0,2050.0,2050.0,2050.0,2050.0,2050.0,1.9289570911757195e-06,0.0,0.0,0.0,1.0,1.0,9,1,2023-09-19,2050.0
Banaganapalli APMC,Sona Mahsuri,2023-09-12,0.01,2000.0,2200.0,2100.0,2100.0,2100.0,2100.0,2100.0,0.0,0.0,0.0,0.0,1.0,1.0,9,1,2023-09-19,2100.0
Atmakur (Nandyal District) APMC,Sona Mahsuri,2023-09-12,0.01,2040.0,2040.0,2040.0,2040.0,2040.0,2040.0,2040.0,0.0,0.0,0.0,0.0,1.0,1.0,9,1,2023-09-19,2040.0
Pithapuram APMC,1001,2023-09-12,1.0,2040.0,2060.0,2050.0,2050.0,2050.0,2050.0,2050.0,0.0,0.0,0.0,0.0,1.0,1.0,9,1,2023-09-19,2050.0
Rajahmundry APMC,Swarna Masuri (New),2023-09-13,0.5,2060.0,2060.0,2060.0,2060.0,2060.0,2060.0,2060.0,0.0,1.3424599555027743e-05,0.0,0.0,1.0,1.0,9,2,2023-09-20,2060.0
Atmakur (Nandyal District) APMC,Sona Mahsuri,2023-09-13,0.01,2040.0,2040.0,2040.0,2040.0,2040.0,2040.0,2040.0,0.0,0.0,0.0,0.0,1.0,1.0,9,2,2023-09-20,2040.0
Banaganapalli APMC,Sona Mahsuri,2023-09-13,0.01,2000.0,2200.0,2100.0,2100.0,2100.0,2100.0,2100.0,0.0,0.0,0.0,0.0,1.0,1.0,9,2,2023-09-20,2100.0
Karapa APMC,1001,2023-09-13,1.0,2040.0,2060.0,2050.0,2050.0,2050.0,2050.0,2050.0,1.9289570911757195e-06,0.0,0.0,0.0,1.0,1.0,9,2,2023-09-20,2050.0
Peddapuram APMC,1001,2023-09-13,1.0,2040.0,2050.0,2045.0,2045.0,2045.0,2045.0,2045.0,0.0,0.0,0.0,0.0,1.0,1.0,9,2,2023-09-20,2045.0
Pithapuram APMC,1001,2023-09-13,1.0,2040.0,2060.0,2050.0,2050.0,2050.0,2050.0,2050.0,0.0,0.0,0.0,0.0,1.0,1.0,9,2,2023-09-20,2050.0
Rajahmundry APMC,Paddy,2023-09-13,0.5,2040.0,2040.0,2040.0,2040.0,2040.0,2040.0,2040.0,0.0,0.0,0.0,0.0,1.0,1.0,9,2,2023-09-20,2040.0
Tiruvuru APMC,Sona,2023-09-13,12.0,2040.0,2100.0,2080.0,2100.0,2040.0,2054.285714285714,2047.142857142857,22.25394561056745,16.837947722821987,-20.0,40.0,1.012517385257302,1.0160502442428472,9,2,2023-09-20,2140.0
Pithapuram APMC,1001,2023-09-14,1.0,2040.0,2060.0,2050.0,2050.0,2050.0,2050.0,2050.0,0.0,0.0,0.0,0.0,1.0,1.0,9,3,2023-09-21,2050.0
Rajahmundry APMC,Paddy,2023-09-14,0.5,2040.0,2040.0,2040.0,2040.0,2040.0,2040.0,2040.0,0.0,0.0,0.0,0.0,1.0,1.0,9,3,2023-09-21,2040.0
Peddapuram APMC,1001,2023-09-14,30.0,2040.0,2060.0,2050.0,2045.0,2045.0,2045.0,2045.0,0.0,0.0,5.0,5.0,1.0024449877750612,1.0024449877750612,9,3,2023-09-22,2045.0
Rajahmundry APMC,Swarna Masuri (New),2023-09-14,0.5,2060.0,2060.0,2060.0,2060.0,2060.0,2060.0,2060.0,0.0,1.3424599555027743e-05,0.0,0.0,1.0,1.0,9,3,2023-09-21,2060.0
Banaganapalli APMC,Sona Mahsuri,2023-09-14,0.01,2000.0,2200.0,2100.0,2100.0,2100.0,2100.0,2100.0,0.0,0.0,0.0,0.0,1.0,1.0,9,3,2023-09-21,2100.0
Atmakur (Nandyal District) APMC,Sona Mahsuri,2023-09-14,0.01,2040.0,2040.0,2040.0,2040.0,2040.0,2040.0,2040.0,0.0,0.0,0.0,0.0,1.0,1.0,9,3,2023-09-21,2040.0
Karapa APMC,1001,2023-09-14,1.0,2040.0,2060.0,2060.0,2050.0,2050.0,2050.0,2050.0,1.9289570911757195e-06,0.0,10.0,10.0,1.0048780487804878,1.0048780487804878,9,3,2023-09-25,2050.0
Sampara (Kakinada Rural) APMC,Swarna Masuri (New),2023-09-14,1.0,2000.0,2080.0,2040.0,2040.0,2040.0,2040.0,2040.0,0.0,0.0,0.0,0.0,1.0,1.0,9,3,2023-09-26,2040.0
Pithapuram APMC,1001,2023-09-15,1.0,2040.0,2060.0,2050.0,2050.0,2050.0,2050.0,2050.0,0.0,0.0,0.0,0.0,1.0,1.0,9,4,2023-09-22,2050.0
Peddapuram APMC,1001,2023-09-15,1.0,2040.0,2050.0,2045.0,2050.0,2045.0,2045.7142857142856,2045.357142857143,1.8898223650461217,1.3363062095621172,-5.0,0.0,0.9996508379888268,0.999825388510564,9,4,2023-09-22,2045.0
Tanuku APMC,MTU-1010,2023-09-15,1.0,2020.0,2040.0,2040.0,2040.0,2040.0,2040.0,2040.0,0.0,1.2131806507799106e-05,0.0,0.0,1.0,1.0,9,4,2023-09-25,2040.0
Banaganapalli APMC,Sona Mahsuri,2023-09-15,0.01,2000.0,2200.0,2100.0,2100.0,2100.0,2100.0,2100.0,0.0,0.0,0.0,0.0,1.0,1.0,9,4,2023-09-24,2100.0
Atmakur (Nandyal District) APMC,Sona Mahsuri,2023-09-15,0.01,2040.0,2040.0,2040.0,2040.0,2040.0,2040.0,2040.0,0.0,0.0,0.0,0.0,1.0,1.0,9,4,2023-09-25,2040.0
Karapa APMC,1001,2023-09-15,1.0,2040.0,2060.0,2050.0,2060.0,2050.0,2051.428571428572,2050.714285714286,3.779644730092922,2.6726124191242344,-10.0,0.0,0.9993036211699164,0.9996516893068615,9,4,2023-09-25,2050.0
Tiruvuru APMC,Sona,2023-09-15,17.5,2040.0,2100.0,2070.0,2080.0,2040.0,2060.0,2050.0,23.094010767585036,18.81079886251933,-10.0,30.0,1.0048543689320388,1.0097560975609756,9,4,2023-09-22,2150.0
Tanuku APMC,MTU-1010,2023-09-16,1.0,2020.0,2040.0,2040.0,2040.0,2040.0,2040.0,2040.0,0.0,1.2131806507799106e-05,0.0,0.0,1.0,1.0,9,5,2023-09-25,2040.0
Tiruvuru APMC,Sona,2023-09-16,14.0,2040.0,2100.0,2070.0,2070.0,2040.0,2064.285714285714,2052.1428571428573,21.491969707422385,19.286731759892035,0.0,30.0,1.0027681660899654,1.0087017055342846,9,5,2023-09-28,2150.0
Pithapuram APMC,1001,2023-09-16,1.0,2040.0,2060.0,2050.0,2050.0,2050.0,2050.0,2050.0,0.0,0.0,0.0,0.0,1.0,1.0,9,5,2023-09-23,2050.0
Sampara (Kakinada Rural) APMC,Swarna Masuri (New),2023-09-16,1.0,2000.0,2080.0,2040.0,2040.0,2040.0,2040.0,2040.0,0.0,0.0,0.0,0.0,1.0,1.0,9,5,2023-09-26,2040.0
Karapa APMC,1001,2023-09-16,1.0,2040.0,2060.0,2050.0,2050.0,2050.0,2051.428571428572,2050.714285714286,3.779644730092922,2.6726124191242344,0.0,0.0,0.9993036211699164,0.9996516893068615,9,5,2023-09-25,2050.0
Atmakur (Nandyal District) APMC,Sona Mahsuri,2023-09-16,0.01,2040.0,2040.0,2040.0,2040.0,2040.0,2040.0,2040.0,0.0,0.0,0.0,0.0,1.0,1.0,9,5,2023-09-25,2040.0
Peddapuram APMC,1001,2023-09-16,1.0,2040.0,2050.0,2045.0,2045.0,2045.0,2045.7142857142856,2045.357142857143,1.8898223650461217,1.3363062095621172,0.0,0.0,0.9996508379888268,0.999825388510564,9,5,2023-09-27,2045.0
Banaganapalli APMC,Sona Mahsuri,2023-09-16,0.01,2000.0,2200.0,2100.0,2100.0,2100.0,2100.0,2100.0,0.0,0.0,0.0,0.0,1.0,1.0,9,5,2023-09-24,2100.0
Atmakur (Nandyal District) APMC,Sona Mahsuri,2023-09-18,0.01,2040.0,2040.0,2040.0,2040.0,2040.0,2040.0,2040.0,0.0,0.0,0.0,0.0,1.0,1.0,9,0,2023-09-25,2040.0
Banaganapalli APMC,Sona Mahsuri,2023-09-18,0.01,2000.0,2200.0,2100.0,2100.0,2100.0,2100.0,2100.0,0.0,0.0,0.0,0.0,1.0,1.0,9,0,2023-09-25,2100.0
Pithapuram APMC,1001,2023-09-18,1.0,2040.0,2060.0,2050.0,2050.0,2050.0,2050.0,2050.0,0.0,0.0,0.0,0.0,1.0,1.0,9,0,2023-09-25,2050.0
Rajahmundry APMC,Paddy,2023-09-18,0.5,2040.0,2040.0,2040.0,2040.0,2040.0,2040.0,2040.0,0.0,0.0,0.0,0.0,1.0,1.0,9,0,2023-09-25,2040.0
Rajahmundry APMC,Swarna Masuri (New),2023-09-18,0.5,2060.0,2060.0,2060.0,2060.0,2060.0,2060.0,2060.0,0.0,1.3424599555027743e-05,0.0,0.0,1.0,1.0,9,0,2023-09-25,2060.0
Tiruvuru APMC,Sona,2023-09-19,12.0,2100.0,2180.0,2140.0,2070.0,2040.0,2068.5714285714284,2054.285714285714,18.644544714716123,19.49922511844477,70.0,100.0,1.0345303867403317,1.041724617524339,9,1,2023-09-28,2150.0
Tanuku APMC,MTU-1010,2023-09-19,1.0,2020.0,2040.0,2040.0,2040.0,2040.0,2040.0,2040.0,0.0,1.2131806507799106e-05,0.0,0.0,1.0,1.0,9,1,2023-09-26,2040.0
Rajahmundry APMC,Swarna Masuri (New),2023-09-19,0.5,2060.0,2060.0,2060.0,2060.0,2060.0,2060.0,2060.0,0.0,1.3424599555027743e-05,0.0,0.0,1.0,1.0,9,1,2023-09-28,2060.0
Rajahmundry APMC,Paddy,2023-09-19,0.5,2040.0,2040.0,2040.0,2040.0,2040.0,2040.0,2040.0,0.0,0.0,0.0,0.0,1.0,1.0,9,1,2023-09-28,2040.0
Sampara (Kakinada Rural) APMC,Swarna Masuri (New),2023-09-19,1.0,2000.0,2080.0,2040.0,2040.0,2040.0,2040.0,2040.0,0.0,0.0,0.0,0.0,1.0,1.0,9,1,2023-09-26,2040.0
Peddapuram APMC,1001,2023-09-19,1.0,2040.0,2050.0,2045.0,2045.0,2045.0,2045.7142857142856,2045.357142857143,1.8898223650461217,1.3363062095621172,0.0,0.0,0.9996508379888268,0.999825388510564,9,1,2023-09-27,2045.0
Karapa APMC,1001,2023-09-19,1.0,2040.0,2060.0,2050.0,2050.0,2050.0,2051.428571428572,2050.714285714286,3.779644730092922,2.6726124191242344,0.0,0.0,0.9993036211699164,0.9996516893068615,9,1,2023-09-26,2050.0
Banaganapalli APMC,Sona Mahsuri,2023-09-19,0.01,2000.0,2200.0,2100.0,2100.0,2100.0,2100.0,2100.0,0.0,0.0,0.0,0.0,1.0,1.0,9,1,2023-09-28,2100.0
Atmakur (Nandyal District) APMC,Sona Mahsuri,2023-09-19,0.01,2040.0,2040.0,2040.0,2040.0,2040.0,2040.0,2040.0,0.0,0.0,0.0,0.0,1.0,1.0,9,1,2023-09-26,2040.0
Pithapuram APMC,1001,2023-09-19,1.0,2040.0,2060.0,2050.0,2050.0,2050.0,2050.0,2050.0,0.0,0.0,0.0,0.0,1.0,1.0,9,1,2023-09-26,2050.0
Tiruvuru APMC,Sona,2023-09-20,16.5,2100.0,2180.0,2140.0,2140.0,2060.0,2082.8571428571427,2061.428571428572,28.70208222079945,29.575754846246696,0.0,80.0,1.027434842249657,1.038115038115038,9,2,2023-09-28,2150.0
Tanuku APMC,MTU-1010,2023-09-20,1.0,2020.0,2040.0,2040.0,2040.0,2040.0,2040.0,2040.0,0.0,1.2131806507799106e-05,0.0,0.0,1.0,1.0,9,2,2023-09-29,2040.0
Sampara (Kakinada Rural) APMC,Swarna Masuri (New),2023-09-20,1.0,2000.0,2080.0,2040.0,2040.0,2040.0,2040.0,2040.0,0.0,0.0,0.0,0.0,1.0,1.0,9,2,2023-09-27,2040.0
Rajahmundry APMC,Swarna Masuri (New),2023-09-20,0.5,2060.0,2060.0,2060.0,2060.0,2060.0,2060.0,2060.0,0.0,1.3424599555027743e-05,0.0,0.0,1.0,1.0,9,2,2023-09-28,2060.0
Pithapuram APMC,1001,2023-09-20,1.0,2040.0,2060.0,2050.0,2050.0,2050.0,2050.0,2050.0,0.0,0.0,0.0,0.0,1.0,1.0,9,2,2023-09-27,2050.0
Peddapuram APMC,1001,2023-09-20,1.0,2040.0,2050.0,2045.0,2045.0,2045.0,2045.7142857142856,2045.357142857143,1.8898223650461217,1.3363062095621172,0.0,0.0,0.9996508379888268,0.999825388510564,9,2,2023-09-27,2045.0
Banaganapalli APMC,Sona Mahsuri,2023-09-20,0.01,2000.0,2200.0,2100.0,2100.0,2100.0,2100.0,2100.0,0.0,0.0,0.0,0.0,1.0,1.0,9,2,2023-09-28,2100.0
Atmakur (Nandyal District) APMC,Sona Mahsuri,2023-09-20,0.01,2040.0,2040.0,2040.0,2040.0,2040.0,2040.0,2040.0,0.0,0.0,0.0,0.0,1.0,1.0,9,2,2023-09-27,2040.0
Rajahmundry APMC,Paddy,2023-09-20,0.5,2040.0,2040.0,2040.0,2040.0,2040.0,2040.0,2040.0,0.0,0.0,0.0,0.0,1.0,1.0,9,2,2023-09-28,2040.0
Rajahmundry APMC,Swarna Masuri (New),2023-09-21,0.5,2060.0,2060.0,2060.0,2060.0,2060.0,2060.0,2060.0,0.0,1.3424599555027743e-05,0.0,0.0,1.0,1.0,9,3,2023-09-28,2060.0
Tiruvuru APMC,Sona,2023-09-21,24.0,2100.0,2250.0,2200.0,2140.0,2060.0,2094.285714285714,2068.5714285714284,33.59421718944259,35.48719007389388,60.0,140.0,1.0504774897680764,1.06353591160221,9,3,2023-09-28,2150.0
Rajahmundry APMC,Paddy,2023-09-21,0.5,2040.0,2040.0,2040.0,2040.0,2040.0,2040.0,2040.0,0.0,0.0,0.0,0.0,1.0,1.0,9,3,2023-09-28,2040.0
Pithapuram APMC,1001,2023-09-21,1.0,2040.0,2060.0,2050.0,2050.0,2050.0,2050.0,2050.0,0.0,0.0,0.0,0.0,1.0,1.0,9,3,2023-09-30,2050.0
Banaganapalli APMC,Sona Mahsuri,2023-09-21,0.01,2000.0,2200.0,2100.0,2100.0,2100.0,2100.0,2100.0,0.0,0.0,0.0,0.0,1.0,1.0,9,3,2023-09-28,2100.0
Atmakur (Nandyal District) APMC,Sona Mahsuri,2023-09-21,0.01,2040.0,2040.0,2040.0,2040.0,2040.0,2040.0,2040.0,0.0,0.0,0.0,0.0,1.0,1.0,9,3,2023-09-28,2040.0
Peddapuram APMC,1001,2023-09-22,1.0,2040.0,2050.0,2045.0,2045.0,2045.0,2045.7142857142856,2045.357142857143,1.8898223650461217,1.3363062095621172,0.0,0.0,0.9996508379888268,0.999825388510564,9,4,2023-09-30,2045.0
Pithapuram APMC,1001,2023-09-22,1.0,2040.0,2060.0,2050.0,2050.0,2050.0,2050.0,2050.0,0.0,0.0,0.0,0.0,1.0,1.0,9,4,2023-09-30,2050.0
Rajahmundry APMC,Paddy,2023-09-22,0.5,2040.0,2040.0,2040.0,2040.0,2040.0,2040.0,2040.0,0.0,0.0,0.0,0.0,1.0,1.0,9,4,2023-09-29,2040.0
Rajahmundry APMC,Swarna Masuri (New),2023-09-22,0.5,2060.0,2060.0,2060.0,2060.0,2060.0,2060.0,2060.0,0.0,1.3424599555027743e-05,0.0,0.0,1.0,1.0,9,4,2023-09-29,2060.0
Tiruvuru APMC,Sona,2023-09-22,18.0,2100.0,2200.0,2150.0,2200.0,2100.0,2114.285714285714,2080.0,48.2552735830131,48.83252384031984,-50.0,50.0,1.016891891891892,1.0336538461538465,9,4,2023-09-29,2150.0
Pithapuram APMC,1001,2023-09-23,1.0,2040.0,2060.0,2050.0,2050.0,2050.0,2050.0,2050.0,0.0,0.0,0.0,0.0,1.0,1.0,9,5,2023-09-30,2050.0
Rajahmundry APMC,Paddy,2023-09-23,0.5,2040.0,2040.0,2040.0,2040.0,2040.0,2040.0,2040.0,0.0,0.0,0.0,0.0,1.0,1.0,9,5,2023-09-30,2040.0
Rajahmundry APMC,Swarna Masuri (New),2023-09-23,0.5,2060.0,2060.0,2060.0,2060.0,2060.0,2060.0,2060.0,0.0,1.3424599555027743e-05,0.0,0.0,1.0,1.0,9,5,2023-09-30,2060.0
Rajahmundry APMC,Paddy,2023-09-24,0.5,2040.0,2040.0,2040.0,2040.0,2040.0,2040.0,2040.0,0.0,0.0,0.0,0.0,1.0,1.0,9,6,2023-10-02,2150.0
Rajahmundry APMC,Swarna Masuri (New),2023-09-24,0.5,2060.0,2060.0,2060.0,2060.0,2060.0,2060.0,2060.0,0.0,1.3424599555027743e-05,0.0,0.0,1.0,1.0,9,6,2023-10-02,2175.0
Banaganapalli APMC,Sona Mahsuri,2023-09-24,0.01,2000.0,2200.0,2100.0,2100.0,2100.0,2100.0,2100.0,0.0,0.0,0.0,0.0,1.0,1.0,9,6,2023-10-03,2100.0
Pithapuram APMC,1001,2023-09-24,1.0,2040.0,2060.0,2050.0,2050.0,2050.0,2050.0,2050.0,0.0,0.0,0.0,0.0,1.0,1.0,9,6,2023-10-01,2050.0
Atmakur (Nandyal District) APMC,Sona Mahsuri,2023-09-25,0.01,2040.0,2040.0,2040.0,2040.0,2040.0,2040.0,2040.0,0.0,0.0,0.0,0.0,1.0,1.0,9,0,2023-10-02,2183.0
Banaganapalli APMC,Sona Mahsuri,2023-09-25,0.01,2000.0,2200.0,2100.0,2100.0,2100.0,2100.0,2100.0,0.0,0.0,0.0,0.0,1.0,1.0,9,0,2023-10-03,2100.0
Karapa APMC,1001,2023-09-25,1.0,2040.0,2060.0,2050.0,2050.0,2050.0,2051.428571428572,2050.714285714286,3.779644730092922,2.6726124191242344,0.0,0.0,0.9993036211699164,0.9996516893068615,9,0,2023-10-06,2050.0
Pithapuram APMC,1001,2023-09-25,1.0,2040.0,2060.0,2050.0,2050.0,2050.0,2050.0,2050.0,0.0,0.0,0.0,0.0,1.0,1.0,9,0,2023-10-02,2193.0
Rajahmundry APMC,Paddy,2023-09-25,0.5,2040.0,2040.0,2040.0,2040.0,2040.0,2040.0,2040.0,0.0,0.0,0.0,0.0,1.0,1.0,9,0,2023-10-02,2150.0
Rajahmundry APMC,Swarna Masuri (New),2023-09-25,0.5,2060.0,2060.0,2060.0,2060.0,2060.0,2060.0,2060.0,0.0,1.3424599555027743e-05,0.0,0.0,1.0,1.0,9,0,2023-10-02,2175.0
Tanuku APMC,MTU-1010,2023-09-25,1.0,2020.0,2040.0,2040.0,2040.0,2040.0,2040.0,2040.0,0.0,1.2131806507799106e-05,0.0,0.0,1.0,1.0,9,0,2023-10-02,2183.0
Tanuku APMC,MTU-1010,2023-09-26,1.0,2020.0,2040.0,2040.0,2040.0,2040.0,2040.0,2040.0,0.0,1.2131806507799106e-05,0.0,0.0,1.0,1.0,9,1,2023-10-03,2183.0
Atmakur (Nandyal District) APMC,Sona Mahsuri,2023-09-26,0.01,2040.0,2040.0,2040.0,2040.0,2040.0,2040.0,2040.0,0.0,0.0,0.0,0.0,1.0,1.0,9,1,2023-10-03,2183.0
Karapa APMC,1001,2023-09-26,1.0,2040.0,2060.0,2050.0,2050.0,2050.0,2051.428571428572,2050.714285714286,3.779644730092922,2.6726124191242344,0.0,0.0,0.9993036211699164,0.9996516893068615,9,1,2023-10-06,2050.0
Pithapuram APMC,1001,2023-09-26,1.0,2040.0,2060.0,2050.0,2050.0,2050.0,2050.0,2050.0,0.0,0.0,0.0,0.0,1.0,1.0,9,1,2023-10-03,2193.0
Sampara (Kakinada Rural) APMC,Swarna Masuri (New),2023-09-26,1.0,2000.0,2080.0,2040.0,2040.0,2040.0,2040.0,2040.0,0.0,0.0,0.0,0.0,1.0,1.0,9,1,2023-10-03,2040.0
Pithapuram APMC,1001,2023-09-27,1.0,2040.0,2060.0,2050.0,2050.0,2050.0,2050.0,2050.0,0.0,0.0,0.0,0.0,1.0,1.0,9,2,2023-10-04,2193.0
Sampara (Kakinada Rural) APMC,Swarna Masuri (New),2023-09-27,1.0,2000.0,2080.0,2040.0,2040.0,2040.0,2040.0,2040.0,0.0,0.0,0.0,0.0,1.0,1.0,9,2,2023-10-06,2040.0
Atmakur (Nandyal District) APMC,Sona Mahsuri,2023-09-27,0.01,2040.0,2040.0,2040.0,2040.0,2040.0,2040.0,2040.0,0.0,0.0,0.0,0.0,1.0,1.0,9,2,2023-10-04,2183.0
Peddapuram APMC,1001,2023-09-27,1.0,2040.0,2050.0,2045.0,2045.0,2045.0,2045.7142857142856,2045.357142857143,1.8898223650461217,1.3363062095621172,0.0,0.0,0.9996508379888268,0.999825388510564,9,2,2023-10-04,2045.0
Atmakur (Nandyal District) APMC,Sona Mahsuri,2023-09-28,0.01,2040.0,2040.0,2040.0,2040.0,2040.0,2040.0,2040.0,0.0,0.0,0.0,0.0,1.0,1.0,9,3,2023-10-05,2183.0
Banaganapalli APMC,Sona Mahsuri,2023-09-28,0.01,2000.0,2200.0,2100.0,2100.0,2100.0,2100.0,2100.0,0.0,0.0,0.0,0.0,1.0,1.0,9,3,2023-10-05,2100.0
Peddapuram APMC,1001,2023-09-28,1.0,2040.0,2050.0,2045.0,2045.0,2050.0,2045.7142857142856,2045.357142857143,1.8898223650461217,1.3363062095621172,0.0,-5.0,0.9996508379888268,0.999825388510564,9,3,2023-10-05,2045.0
Rajahmundry APMC,Paddy,2023-09-28,0.5,2040.0,2040.0,2040.0,2040.0,2040.0,2040.0,2040.0,0.0,0.0,0.0,0.0,1.0,1.0,9,3,2023-10-06,2183.0
Rajahmundry APMC,Swarna Masuri (New),2023-09-28,0.5,2060.0,2060.0,2060.0,2060.0,2060.0,2060.0,2060.0,0.0,1.3424599555027743e-05,0.0,0.0,1.0,1.0,9,3,2023-10-06,2203.0
Tiruvuru APMC,Sona,2023-09-28,12.0,2100.0,2200.0,2150.0,2150.0,2080.0,2121.428571428572,2087.8571428571427,49.4734175858012,50.71467264981657,0.0,70.0,1.0134680134680134,1.0297639411563464,9,3,2023-10-05,2200.0
Tiruvuru APMC,Sona,2023-09-29,24.0,2100.0,2200.0,2150.0,2150.0,2070.0,2131.428571428572,2095.714285714286,46.70066788550677,51.24815729734745,0.0,80.0,1.0087131367292224,1.025903203817314,9,4,2023-10-06,2200.0
Tanuku APMC,MTU-1010,2023-09-29,1.0,2020.0,2040.0,2040.0,2040.0,2040.0,2040.0,2040.0,0.0,1.2131806507799106e-05,0.0,0.0,1.0,1.0,9,4,2023-10-06,2183.0
Sampara (Kakinada Rural) APMC,Swarna Masuri (New),2023-09-29,1.0,2000.0,2080.0,2040.0,2040.0,2040.0,2040.0,2040.0,0.0,0.0,0.0,0.0,1.0,1.0,9,4,2023-10-06,2040.0
Banaganapalli APMC,Sona Mahsuri,2023-09-29,0.01,2000.0,2200.0,2100.0,2100.0,2100.0,2100.0,2100.0,0.0,0.0,0.0,0.0,1.0,1.0,9,4,2023-10-06,2100.0
Rajahmundry APMC,Paddy,2023-09-29,0.5,2040.0,2040.0,2040.0,2040.0,2040.0,2040.0,2040.0,0.0,0.0,0.0,0.0,1.0,1.0,9,4,2023-10-06,2183.0
Atmakur (Nandyal District) APMC,Sona Mahsuri,2023-09-29,0.01,2040.0,2040.0,2040.0,2040.0,2040.0,2040.0,2040.0,0.0,0.0,0.0,0.0,1.0,1.0,9,4,2023-10-07,2183.0
Rajahmundry APMC,Swarna Masuri (New),2023-09-29,0.5,2060.0,2060.0,2060.0,2060.0,2060.0,2060.0,2060.0,0.0,1.3424599555027743e-05,0.0,0.0,1.0,1.0,9,4,2023-10-06,2203.0
Rajahmundry APMC,Swarna Masuri (New),2023-09-30,0.5,2060.0,2060.0,2060.0,2060.0,2060.0,2060.0,2060.0,0.0,1.3424599555027743e-05,0.0,0.0,1.0,1.0,9,5,2023-10-07,2203.0
Tiruvuru APMC,Sona,2023-09-30,18.0,2100.0,2300.0,2200.0,2150.0,2070.0,2142.8571428571427,2103.5714285714284,38.17254061682156,50.47575851636353,50.0,130.0,1.0266666666666668,1.0458404074702887,9,5,2023-10-07,2200.0
Tanuku APMC,MTU-1010,2023-09-30,1.0,2020.0,2040.0,2040.0,2040.0,2040.0,2040.0,2040.0,0.0,1.2131806507799106e-05,0.0,0.0,1.0,1.0,9,5,2023-10-07,2183.0
Rajahmundry APMC,Paddy,2023-09-30,0.5,2040.0,2040.0,2040.0,2040.0,2040.0,2040.0,2040.0,0.0,0.0,0.0,0.0,1.0,1.0,9,5,2023-10-07,2183.0
Atmakur (Nandyal District) APMC,Sona Mahsuri,2023-09-30,0.01,2040.0,2040.0,2040.0,2040.0,2040.0,2040.0,2040.0,0.0,0.0,0.0,0.0,1.0,1.0,9,5,2023-10-07,2183.0
Peddapuram APMC,1001,2023-09-30,18.0,2040.0,2050.0,2045.0,2045.0,2045.0,2045.0,2045.357142857143,0.0,1.3363062095621172,0.0,0.0,1.0,0.999825388510564,9,5,2023-10-09,2045.0
Banaganapalli APMC,Sona Mahsuri,2023-09-30,0.01,2000.0,2200.0,2100.0,2100.0,2100.0,2100.0,2100.0,0.0,0.0,0.0,0.0,1.0,1.0,9,5,2023-10-07,2100.0
Pithapuram APMC,1001,2023-09-30,1.0,2040.0,2060.0,2050.0,2050.0,2050.0,2050.0,2050.0,0.0,0.0,0.0,0.0,1.0,1.0,9,5,2023-10-07,2193.0
Pithapuram APMC,1001,2023-10-01,1.0,2040.0,2060.0,2050.0,2050.0,2050.0,2050.0,2050.0,0.0,0.0,0.0,0.0,1.0,1.0,10,6,2023-10-08,2193.0
Atmakur (Nandyal District) APMC,Sona Mahsuri,2023-10-02,0.01,2183.0,2183.0,2183.0,2040.0,2040.0,2040.0,2040.0,0.0,0.0,143.0,143.0,1.0700980392156862,1.0700980392156862,10,0,2023-10-11,2183.0
Pithapuram APMC,1001,2023-10-02,1.0,2183.0,2200.0,2193.0,2050.0,2050.0,2050.0,2050.0,0.0,0.0,143.0,143.0,1.0697560975609757,1.0697560975609757,10,0,2023-10-09,2193.0
Rajahmundry APMC,Paddy,2023-10-02,0.5,2100.0,2183.0,2150.0,2040.0,2040.0,2040.0,2040.0,0.0,0.0,110.0,110.0,1.053921568627451,1.053921568627451,10,0,2023-10-10,2183.0
Rajahmundry APMC,Swarna Masuri (New),2023-10-02,0.5,2150.0,2203.0,2175.0,2060.0,2060.0,2060.0,2060.0,0.0,1.3424599555027743e-05,115.0,115.0,1.055825242718447,1.055825242718447,10,0,2023-10-10,2203.0
Tanuku APMC,MTU-1010,2023-10-02,1.0,2020.0,2183.0,2183.0,2040.0,2040.0,2040.0,2040.0,0.0,1.2131806507799106e-05,143.0,143.0,1.0700980392156862,1.0700980392156862,10,0,2023-10-09,2183.0
Sampara (Kakinada Rural) APMC,Swarna Masuri (New),2023-10-03,1.0,2000.0,2080.0,2040.0,2040.0,2040.0,2040.0,2040.0,0.0,0.0,0.0,0.0,1.0,1.0,10,1,2023-10-11,2040.0
Tanuku APMC,MTU-1010,2023-10-03,1.0,2040.0,2200.0,2183.0,2183.0,2040.0,2060.428571428572,2050.214285714286,54.04891964031947,38.21835759347861,0.0,143.0,1.0594883172710254,1.064766749120301,10,1,2023-10-10,2183.0
Rajahmundry APMC,Swarna Masuri (New),2023-10-03,0.5,2203.0,2203.0,2203.0,2175.0,2060.0,2076.428571428572,2068.214285714286,43.4659143960611,30.73504281993198,28.0,143.0,1.0609563123495012,1.0651700915213262,10,1,2023-10-10,2203.0
Atmakur (Nandyal District) APMC,Sona Mahsuri,2023-10-03,0.01,2183.0,2183.0,2183.0,2183.0,2040.0,2060.428571428572,2050.214285714286,54.04891964031947,38.21835759347668,0.0,143.0,1.0594883172710254,1.064766749120301,10,1,2023-10-11,2183.0
Pithapuram APMC,1001,2023-10-03,1.0,2183.0,2200.0,2193.0,2193.0,2050.0,2070.428571428572,2060.214285714286,54.04891964031947,38.21835759347668,0.0,143.0,1.059200993583109,1.064452380126894,10,1,2023-10-10,2193.0
Banaganapalli APMC,Sona Mahsuri,2023-10-03,0.01,2000.0,2200.0,2100.0,2100.0,2100.0,2100.0,2100.0,0.0,0.0,0.0,0.0,1.0,1.0,10,1,2023-10-10,2100.0
Rajahmundry APMC,Paddy,2023-10-03,0.5,2183.0,2183.0,2183.0,2150.0,2040.0,2055.714285714286,2047.857142857143,41.57609203101498,29.39873661036668,33.0,143.0,1.061917998610146,1.065992326473666,10,1,2023-10-10,2183.0
Atmakur (Nandyal District) APMC,Sona Mahsuri,2023-10-04,0.01,2183.0,2183.0,2183.0,2183.0,2040.0,2080.8571428571427,2060.428571428572,69.77685521582004,51.92852230298323,0.0,143.0,1.0490869147329398,1.0594883172710254,10,2,2023-10-11,2183.0
Banaganapalli APMC,Sona Mahsuri,2023-10-04,0.01,2000.0,2200.0,2100.0,2100.0,2100.0,2100.0,2100.0,0.0,0.0,0.0,0.0,1.0,1.0,10,2,2023-10-11,2100.0
Peddapuram APMC,1001,2023-10-04,1.0,2040.0,2050.0,2045.0,2045.0,2045.0,2045.0,2045.357142857143,0.0,1.3363062095621172,0.0,0.0,1.0,0.999825388510564,10,2,2023-10-11,2190.0
Pithapuram APMC,1001,2023-10-04,1.0,2183.0,2200.0,2193.0,2193.0,2050.0,2090.8571428571427,2070.428571428572,69.77685521582004,51.92852230298323,0.0,143.0,1.048852145394917,1.059200993583109,10,2,2023-10-11,2193.0
Rajahmundry APMC,Paddy,2023-10-04,0.5,2183.0,2183.0,2183.0,2183.0,2040.0,2076.1428571428573,2058.0714285714284,62.45646102533761,46.390423888680175,0.0,143.0,1.0514690703915226,1.060701766563704,10,2,2023-10-11,2183.0
Rajahmundry APMC,Swarna Masuri (New),2023-10-04,0.5,2203.0,2203.0,2203.0,2203.0,2060.0,2096.8571428571427,2078.428571428572,63.46239981655418,47.16536259345031,0.0,143.0,1.050619975473498,1.059935390748505,10,2,2023-10-11,2203.0
Tiruvuru APMC,Sona,2023-10-04,18.0,2100.0,2300.0,2200.0,2200.0,2140.0,2161.428571428572,2115.0,26.72612419124368,53.0239423424789,0.0,60.0,1.0178453403833445,1.0401891252955082,10,2,2023-10-12,2200.0
Tiruvuru APMC,Sona,2023-10-05,26.0,2100.0,2300.0,2200.0,2200.0,2140.0,2170.0,2126.428571428572,28.28427124746336,52.85788535267124,0.0,60.0,1.0138248847926268,1.034598589183742,10,3,2023-10-12,2200.0
Peddapuram APMC,1001,2023-10-05,1.0,2040.0,2050.0,2045.0,2045.0,2045.0,2045.0,2045.357142857143,0.0,1.3363062095621172,0.0,0.0,1.0,0.999825388510564,10,3,2023-10-12,2193.0
Pithapuram APMC,1001,2023-10-05,1.0,2183.0,2200.0,2193.0,2193.0,2050.0,2111.285714285714,2080.6428571428573,76.4367151869532,60.89158984856373,0.0,143.0,1.038703565870492,1.054001167221669,10,3,2023-10-12,2193.0
Atmakur (Nandyal District) APMC,Sona Mahsuri,2023-10-05,0.01,2183.0,2183.0,2183.0,2183.0,2040.0,2101.285714285714,2070.6428571428573,76.4367151869532,60.89158984856373,0.0,143.0,1.0388877557957714,1.0542619614336473,10,3,2023-10-12,2183.0
Banaganapalli APMC,Sona Mahsuri,2023-10-05,0.01,2000.0,2200.0,2100.0,2100.0,2100.0,2100.0,2100.0,0.0,0.0,0.0,0.0,1.0,1.0,10,3,2023-10-12,2100.0
Banaganapalli APMC,Sona Mahsuri,2023-10-06,0.01,2000.0,2200.0,2100.0,2100.0,2100.0,2100.0,2100.0,0.0,0.0,0.0,0.0,1.0,1.0,10,4,2023-10-13,2100.0
Karapa APMC,1001,2023-10-06,1.0,2040.0,2060.0,2050.0,2050.0,2060.0,2051.428571428572,2050.714285714286,3.779644730092922,2.6726124191242344,0.0,-10.0,0.9993036211699164,0.9996516893068615,10,4,2023-10-13,2050.0
Pithapuram APMC,1001,2023-10-06,1.0,2183.0,2200.0,2193.0,2193.0,2050.0,2131.714285714286,2090.8571428571427,76.43671518695307,67.03943402420482,0.0,143.0,1.0287494973864093,1.048852145394917,10,4,2023-10-13,2193.0
Rajahmundry APMC,Paddy,2023-10-06,0.5,2183.0,2183.0,2183.0,2183.0,2040.0,2096.5714285714284,2068.285714285714,71.40928311001093,56.702229736958905,0.0,143.0,1.041223766693922,1.0554634618041163,10,4,2023-10-13,2183.0
Rajahmundry APMC,Swarna Masuri (New),2023-10-06,0.5,2203.0,2203.0,2203.0,2203.0,2060.0,2117.285714285714,2088.6428571428573,72.0548732696459,57.26941342711609,0.0,143.0,1.040483098306457,1.0547518894702643,10,4,2023-10-13,2203.0
Sampara (Kakinada Rural) APMC,Swarna Masuri (New),2023-10-06,1.0,2000.0,2080.0,2040.0,2040.0,2040.0,2040.0,2040.0,0.0,0.0,0.0,0.0,1.0,1.0,10,4,2023-10-16,2040.0
Tanuku APMC,MTU-1010,2023-10-06,1.0,2100.0,2200.0,2183.0,2183.0,2040.0,2080.8571428571427,2060.428571428572,69.77685521582004,51.928522302984646,0.0,143.0,1.0490869147329398,1.0594883172710254,10,4,2023-10-13,2183.0
Tiruvuru APMC,Sona,2023-10-06,24.0,2100.0,2300.0,2200.0,2200.0,2200.0,2178.5714285714284,2136.428571428572,26.726124191244278,52.566023372392685,0.0,0.0,1.0098360655737706,1.0297559344700769,10,4,2023-10-13,2290.0
Sampara (Kakinada Rural) APMC,Swarna Masuri (New),2023-10-07,10.0,2000.0,2080.0,2040.0,2040.0,2040.0,2040.0,2040.0,0.0,0.0,0.0,0.0,1.0,1.0,10,5,2023-10-16,2040.0
Tiruvuru APMC,Sona,2023-10-07,120.0,2100.0,2300.0,2200.0,2200.0,2150.0,2178.5714285714284,2146.428571428572,26.726124191244278,50.1700405325042,0.0,50.0,1.0098360655737706,1.0249584026622296,10,5,2023-10-16,2300.0
Tanuku APMC,MTU-1010,2023-10-07,1.0,2100.0,2200.0,2183.0,2183.0,2040.0,2101.285714285714,2070.6428571428573,76.4367151869532,60.89158984856495,0.0,143.0,1.0388877557957714,1.0542619614336473,10,5,2023-10-14,2183.0
Rajahmundry APMC,Swarna Masuri (New),2023-10-07,0.5,2203.0,2203.0,2203.0,2203.0,2060.0,2137.714285714286,2098.8571428571427,73.3660100357882,64.11150999848593,0.0,143.0,1.030539962576851,1.049618840185135,10,5,2023-10-14,2203.0
Atmakur (Nandyal District) APMC,Sona Mahsuri,2023-10-07,0.01,2183.0,2183.0,2183.0,2183.0,2040.0,2121.714285714286,2080.8571428571427,76.43671518695307,67.03943402420482,0.0,143.0,1.02888499865338,1.0490869147329398,10,5,2023-10-14,2183.0
Pithapuram APMC,1001,2023-10-07,1.0,2183.0,2200.0,2193.0,2193.0,2050.0,2152.1428571428573,2101.0714285714284,69.7768552158196,71.10605760813509,0.0,143.0,1.0189844009293063,1.0437531871494137,10,5,2023-10-14,2193.0
Karapa APMC,1001,2023-10-07,1.0,2040.0,2060.0,2050.0,2050.0,2050.0,2050.0,2050.714285714286,1.9289570911757195e-06,2.6726124191242344,0.0,0.0,1.0,0.9996516893068615,10,5,2023-10-14,2050.0
Banaganapalli APMC,Sona Mahsuri,2023-10-07,0.01,2000.0,2200.0,2100.0,2100.0,2100.0,2100.0,2100.0,0.0,0.0,0.0,0.0,1.0,1.0,10,5,2023-10-14,2100.0
Rajahmundry APMC,Paddy,2023-10-07,0.5,2183.0,2183.0,2183.0,2183.0,2040.0,2117.0,2078.5,72.96574538781853,63.66710296534638,0.0,143.0,1.031176192725555,1.0502766418089968,10,5,2023-10-14,2183.0
Banaganapalli APMC,Sona Mahsuri,2023-10-08,0.01,2000.0,2200.0,2100.0,2100.0,2100.0,2100.0,2100.0,0.0,0.0,0.0,0.0,1.0,1.0,10,6,2023-10-15,2100.0
Karapa APMC,1001,2023-10-08,1.0,2040.0,2060.0,2050.0,2050.0,2050.0,2050.0,2050.714285714286,1.9289570911757195e-06,2.6726124191242344,0.0,0.0,1.0,0.9996516893068615,10,6,2023-10-15,2050.0
Pithapuram APMC,1001,2023-10-08,1.0,2183.0,2200.0,2193.0,2193.0,2050.0,2172.5714285714284,2111.285714285714,54.04891964031852,73.43802051487265,0.0,143.0,1.0094029458179905,1.038703565870492,10,6,2023-10-15,2193.0
Rajahmundry APMC,Paddy,2023-10-08,0.5,2183.0,2183.0,2183.0,2183.0,2040.0,2137.428571428572,2088.714285714286,67.63839428129793,68.31649037489326,0.0,143.0,1.0213206790536025,1.0451405512618837,10,6,2023-10-15,2183.0
Rajahmundry APMC,Swarna Masuri (New),2023-10-08,0.5,2203.0,2203.0,2203.0,2203.0,2060.0,2158.1428571428573,2109.0714285714284,67.81943814627269,68.67365891352875,0.0,143.0,1.0207850665254516,1.0445355098723204,10,6,2023-10-15,2203.0
Tiruvuru APMC,Sona,2023-10-08,160.0,2100.0,2300.0,2200.0,2200.0,2150.0,2185.714285714286,2153.5714285714284,24.39750182371556,50.17004053250438,0.0,50.0,1.0065359477124185,1.021558872305141,10,6,2023-10-16,2300.0
Tiruvuru APMC,Sona,2023-10-09,110.0,2100.0,2300.0,2200.0,2200.0,2150.0,2192.8571428571427,2162.1428571428573,18.898223650464644,46.769248843260485,0.0,50.0,1.003257328990228,1.0175090849025437,10,0,2023-10-16,2300.0
Tanuku APMC,MTU-1010,2023-10-09,1.0,2020.0,2200.0,2183.0,2183.0,2040.0,2121.714285714286,2080.8571428571427,76.43671518695307,67.03943402420593,0.0,143.0,1.02888499865338,1.0490869147329398,10,0,2023-10-16,2183.0
Pithapuram APMC,1001,2023-10-09,1.0,2183.0,2200.0,2193.0,2193.0,2193.0,2193.0,2121.5,0.0,74.19905659777622,0.0,0.0,1.0,1.033702568937073,10,0,2023-10-16,2193.0
Karapa APMC,1001,2023-10-09,1.0,2040.0,2060.0,2050.0,2050.0,2050.0,2050.0,2050.714285714286,1.9289570911757195e-06,2.6726124191242344,0.0,0.0,1.0,0.9996516893068615,10,0,2023-10-16,2050.0
Banaganapalli APMC,Sona Mahsuri,2023-10-09,0.01,2000.0,2200.0,2100.0,2100.0,2100.0,2100.0,2100.0,0.0,0.0,0.0,0.0,1.0,1.0,10,0,2023-10-16,2100.0
Peddapuram APMC,1001,2023-10-09,1.0,2040.0,2050.0,2045.0,2045.0,2045.0,2045.0,2045.357142857143,0.0,1.3363062095621172,0.0,0.0,1.0,0.999825388510564,10,0,2023-10-16,2193.0
Banaganapalli APMC,Sona Mahsuri,2023-10-10,0.01,2000.0,2200.0,2100.0,2100.0,2100.0,2100.0,2100.0,0.0,0.0,0.0,0.0,1.0,1.0,10,1,2023-10-17,2200.0
Karapa APMC,1001,2023-10-10,1.0,2040.0,2060.0,2050.0,2050.0,2050.0,2050.0,2050.714285714286,1.9289570911757195e-06,2.6726124191242344,0.0,0.0,1.0,0.9996516893068615,10,1,2023-10-17,2050.0
Peddapuram APMC,1001,2023-10-10,20.0,2220.0,2250.0,2235.0,2045.0,2045.0,2045.0,2045.357142857143,0.0,1.3363062095621172,190.0,190.0,1.0929095354523228,1.0927187008905186,10,1,2023-10-17,2193.0
Pithapuram APMC,1001,2023-10-10,1.0,2183.0,2200.0,2193.0,2193.0,2193.0,2193.0,2131.714285714286,0.0,73.43802051487265,0.0,0.0,1.0,1.0287494973864093,10,1,2023-10-17,2193.0
Rajahmundry APMC,Paddy,2023-10-10,0.5,2183.0,2183.0,2183.0,2183.0,2040.0,2157.8571428571427,2098.928571428572,53.40545718503646,71.10605760813534,0.0,143.0,1.011651770936776,1.0400544495490895,10,1,2023-10-17,2183.0
Rajahmundry APMC,Swarna Masuri (New),2023-10-10,0.5,2203.0,2203.0,2203.0,2203.0,2060.0,2178.5714285714284,2119.285714285714,53.31621749166879,71.39427748176409,0.0,143.0,1.0112131147540984,1.0395011796427367,10,1,2023-10-17,2203.0
Tanuku APMC,MTU-1010,2023-10-10,1.0,2020.0,2200.0,2183.0,2183.0,2040.0,2142.1428571428573,2091.0714285714284,69.7768552158196,71.10605760813614,0.0,143.0,1.019073024341447,1.0439624252775406,10,1,2023-10-17,2183.0
Rajahmundry APMC,Swarna Masuri (New),2023-10-11,0.5,2203.0,2203.0,2203.0,2203.0,2175.0,2199.0,2129.5,10.583005244250838,72.48103200148492,0.0,28.0,1.001819008640291,1.034515144400094,10,2,2023-10-18,2203.0
Tanuku APMC,MTU-1010,2023-10-11,1.0,2050.0,2200.0,2183.0,2183.0,2040.0,2162.5714285714284,2101.285714285714,54.04891964031852,73.43802051487366,0.0,143.0,1.0094464262121814,1.0388877557957714,10,2,2023-10-18,2183.0
Sampara (Kakinada Rural) APMC,Swarna Masuri (New),2023-10-11,1.0,2000.0,2080.0,2040.0,2040.0,2040.0,2040.0,2040.0,0.0,0.0,0.0,0.0,1.0,1.0,10,2,2023-10-18,2040.0
Rajahmundry APMC,Paddy,2023-10-11,0.5,2183.0,2183.0,2183.0,2183.0,2150.0,2178.285714285714,2109.1428571428573,12.472827609299262,72.25154471902835,0.0,33.0,1.0021642182581325,1.0350176104036846,10,2,2023-10-18,2183.0
Karapa APMC,1001,2023-10-11,1.0,2040.0,2060.0,2050.0,2050.0,2050.0,2050.0,2050.714285714286,1.9289570911757195e-06,2.6726124191242344,0.0,0.0,1.0,0.9996516893068615,10,2,2023-10-19,2050.0
Peddapuram APMC,1001,2023-10-11,1.0,2183.0,2200.0,2190.0,2235.0,2045.0,2072.1428571428573,2058.928571428572,71.81324987175313,50.69435454187753,-45.0,145.0,1.0568769389865562,1.0636600173460538,10,2,2023-10-18,2202.0
Pithapuram APMC,1001,2023-10-11,1.0,2183.0,2200.0,2193.0,2193.0,2193.0,2193.0,2141.928571428572,0.0,71.10605760813509,0.0,0.0,1.0,1.0238436655884215,10,2,2023-10-18,2193.0
Banaganapalli APMC,Sona Mahsuri,2023-10-11,0.01,2000.0,2200.0,2100.0,2100.0,2100.0,2100.0,2100.0,0.0,0.0,0.0,0.0,1.0,1.0,10,2,2023-10-18,2200.0
Atmakur (Nandyal District) APMC,Sona Mahsuri,2023-10-11,0.01,2183.0,2183.0,2183.0,2183.0,2040.0,2142.1428571428573,2091.0714285714284,69.7768552158196,71.10605760813509,0.0,143.0,1.019073024341447,1.0439624252775406,10,2,2023-10-18,2183.0
Tanuku APMC,MTU-1010,2023-10-12,1.0,2050.0,2200.0,2183.0,2183.0,2183.0,2183.0,2111.5,0.0,74.19905659777721,0.0,0.0,1.0,1.033862183282027,10,3,2023-10-20,2183.0
Rajahmundry APMC,Swarna Masuri (New),2023-10-12,0.5,2203.0,2203.0,2203.0,2203.0,2203.0,2203.0,2139.714285714286,0.0,72.00793607056896,0.0,0.0,1.0,1.0295767125116837,10,3,2023-10-20,2203.0
Rajahmundry APMC,Paddy,2023-10-12,0.5,2183.0,2183.0,2183.0,2183.0,2183.0,2183.0,2119.3571428571427,0.0,71.83164841687652,0.0,0.0,1.0,1.0300293215597722,10,3,2023-10-20,2183.0
Tiruvuru APMC,Sona,2023-10-12,24.0,2100.0,2300.0,2200.0,2200.0,2200.0,2200.0,2171.428571428572,1.1959015087112873e-05,39.39096789428456,0.0,0.0,1.0,1.013157894736842,10,3,2023-10-19,2300.0
Peddapuram APMC,1001,2023-10-12,1.0,2183.0,2203.0,2193.0,2190.0,2045.0,2092.8571428571427,2069.285714285714,82.75753454404925,61.326902832191095,3.0,148.0,1.047849829351536,1.0597859855022438,10,3,2023-10-19,2193.0
Banaganapalli APMC,Sona Mahsuri,2023-10-12,0.01,2000.0,2200.0,2100.0,2100.0,2100.0,2100.0,2100.0,0.0,0.0,0.0,0.0,1.0,1.0,10,3,2023-10-19,2200.0
Atmakur (Nandyal District) APMC,Sona Mahsuri,2023-10-12,0.01,2183.0,2183.0,2183.0,2183.0,2040.0,2162.5714285714284,2101.285714285714,54.04891964031852,73.43802051487265,0.0,143.0,1.0094464262121814,1.0388877557957714,10,3,2023-10-19,2183.0
Pithapuram APMC,1001,2023-10-12,1.0,2183.0,2200.0,2193.0,2193.0,2193.0,2193.0,2152.1428571428573,0.0,67.03943402420482,0.0,0.0,1.0,1.0189844009293063,10,3,2023-10-19,2193.0
Banaganapalli APMC,Sona Mahsuri,2023-10-13,0.01,2000.0,2200.0,2100.0,2100.0,2100.0,2100.0,2100.0,0.0,0.0,0.0,0.0,1.0,1.0,10,4,2023-10-20,2200.0
Karapa APMC,1001,2023-10-13,1.0,2040.0,2060.0,2050.0,2050.0,2050.0,2050.0,2050.714285714286,1.9289570911757195e-06,2.6726124191242344,0.0,0.0,1.0,0.9996516893068615,10,4,2023-10-20,2050.0
Peddapuram APMC,1001,2023-10-13,33.0,2183.0,2223.0,2203.0,2193.0,2045.0,2114.0,2079.5,87.27542609463431,69.2628771698531,10.0,158.0,1.042100283822138,1.0593892762683337,10,4,2023-10-21,2193.0
Pithapuram APMC,1001,2023-10-13,1.0,2183.0,2200.0,2193.0,2193.0,2193.0,2193.0,2162.3571428571427,0.0,60.89158984856373,0.0,0.0,1.0,1.0141710435041127,10,4,2023-10-20,2193.0
Rajahmundry APMC,Paddy,2023-10-13,0.5,2183.0,2183.0,2183.0,2183.0,2183.0,2183.0,2129.5714285714284,0.0,69.81813108764428,0.0,0.0,1.0,1.025088884416717,10,4,2023-10-20,2183.0
Rajahmundry APMC,Swarna Masuri (New),2023-10-13,0.5,2203.0,2203.0,2203.0,2203.0,2203.0,2203.0,2149.928571428572,0.0,69.94334441940654,0.0,0.0,1.0,1.0246852054885545,10,4,2023-10-20,2203.0
Tanuku APMC,MTU-1010,2023-10-13,1.0,2020.0,2200.0,2183.0,2183.0,2183.0,2183.0,2121.714285714286,0.0,73.43802051487366,0.0,0.0,1.0,1.02888499865338,10,4,2023-10-20,2183.0
Tiruvuru APMC,Sona,2023-10-13,32.0,2190.0,2400.0,2290.0,2200.0,2200.0,2200.0,2180.714285714286,1.1959015087112873e-05,27.022579081575444,90.0,90.0,1.040909090909091,1.0501146413363904,10,4,2023-10-20,2300.0
Rajahmundry APMC,Paddy,2023-10-14,0.5,2183.0,2183.0,2183.0,2183.0,2183.0,2183.0,2139.785714285714,0.0,66.06544374438815,0.0,0.0,1.0,1.0201956137129886,10,5,2023-10-21,2183.0
Rajahmundry APMC,Swarna Masuri (New),2023-10-14,0.5,2203.0,2203.0,2203.0,2203.0,2203.0,2203.0,2160.1428571428573,0.0,66.1383830637401,0.0,0.0,1.0,1.0198399576747568,10,5,2023-10-21,2203.0
Pithapuram APMC,1001,2023-10-14,1.0,2183.0,2200.0,2193.0,2193.0,2193.0,2193.0,2172.5714285714284,0.0,51.92852230298323,0.0,0.0,1.0,1.0094029458179905,10,5,2023-10-21,2193.0
Tanuku APMC,MTU-1010,2023-10-14,1.0,2020.0,2200.0,2183.0,2183.0,2183.0,2183.0,2131.928571428572,0.0,71.10605760813614,0.0,0.0,1.0,1.0239555064160553,10,5,2023-10-21,2183.0
Banaganapalli APMC,Sona Mahsuri,2023-10-14,0.01,2000.0,2200.0,2100.0,2100.0,2100.0,2100.0,2100.0,0.0,0.0,0.0,0.0,1.0,1.0,10,5,2023-10-21,2200.0
Atmakur (Nandyal District) APMC,Sona Mahsuri,2023-10-14,0.01,2183.0,2183.0,2183.0,2183.0,2183.0,2183.0,2111.5,0.0,74.19905659777622,0.0,0.0,1.0,1.033862183282027,10,5,2023-10-21,2183.0
Karapa APMC,1001,2023-10-14,1.0,2040.0,2060.0,2050.0,2050.0,2050.0,2050.0,2050.714285714286,1.9289570911757195e-06,2.6726124191242344,0.0,0.0,1.0,0.9996516893068615,10,5,2023-10-21,2050.0
Atmakur (Nandyal District) APMC,Sona Mahsuri,2023-10-15,0.01,2183.0,2183.0,2183.0,2183.0,2183.0,2183.0,2121.714285714286,0.0,73.43802051487265,0.0,0.0,1.0,1.02888499865338,10,6,2023-10-24,2183.0
Banaganapalli APMC,Sona Mahsuri,2023-10-15,0.01,2000.0,2200.0,2100.0,2100.0,2100.0,2100.0,2100.0,0.0,0.0,0.0,0.0,1.0,1.0,10,6,2023-10-22,2200.0
Karapa APMC,1001,2023-10-15,1.0,2040.0,2060.0,2050.0,2050.0,2050.0,2050.0,2050.0,1.9289570911757195e-06,0.0,0.0,0.0,1.0,1.0,10,6,2023-10-27,2050.0
Pithapuram APMC,1001,2023-10-15,1.0,2183.0,2200.0,2193.0,2193.0,2193.0,2193.0,2182.785714285714,0.0,38.21835759347668,0.0,0.0,1.0,1.0046794724958277,10,6,2023-10-25,2193.0
Rajahmundry APMC,Paddy,2023-10-15,0.5,2183.0,2183.0,2183.0,2183.0,2183.0,2183.0,2150.0,0.0,60.24948132556882,0.0,0.0,1.0,1.0153488372093022,10,6,2023-10-24,2183.0
Rajahmundry APMC,Swarna Masuri (New),2023-10-15,0.5,2203.0,2203.0,2203.0,2203.0,2203.0,2203.0,2170.3571428571427,0.0,60.26429883675766,0.0,0.0,1.0,1.0150403159453678,10,6,2023-10-24,2203.0
Tanuku APMC,MTU-1010,2023-10-15,1.0,2020.0,2200.0,2183.0,2183.0,2183.0,2183.0,2142.1428571428573,0.0,67.03943402420593,0.0,0.0,1.0,1.019073024341447,10,6,2023-10-24,2183.0
Tiruvuru APMC,Sona,2023-10-16,24.0,2200.0,2400.0,2300.0,2290.0,2200.0,2212.8571428571427,2191.428571428572,34.016802570833235,37.38719296500375,10.0,100.0,1.039380245319561,1.0495436766623207,10,0,2023-10-24,2300.0
Tanuku APMC,MTU-1010,2023-10-16,1.0,2020.0,2200.0,2183.0,2183.0,2183.0,2183.0,2152.3571428571427,0.0,60.89158984856495,0.0,0.0,1.0,1.0142368831513624,10,0,2023-10-24,2183.0
Sampara (Kakinada Rural) APMC,Swarna Masuri (New),2023-10-16,1.0,2000.0,2080.0,2040.0,2040.0,2040.0,2040.0,2040.0,0.0,0.0,0.0,0.0,1.0,1.0,10,0,2023-10-25,2040.0
Rajahmundry APMC,Swarna Masuri (New),2023-10-16,0.5,2203.0,2203.0,2203.0,2203.0,2203.0,2203.0,2180.5714285714284,0.0,51.61948690728877,0.0,0.0,1.0,1.010285639412998,10,0,2023-10-24,2203.0
Rajahmundry APMC,Paddy,2023-10-16,0.5,2183.0,2183.0,2183.0,2183.0,2183.0,2183.0,2160.214285714286,0.0,51.67826290756039,0.0,0.0,1.0,1.0105478953807492,10,0,2023-10-24,2183.0
Banaganapalli APMC,Sona Mahsuri,2023-10-16,0.01,2000.0,2300.0,2100.0,2100.0,2100.0,2100.0,2100.0,0.0,0.0,0.0,0.0,1.0,1.0,10,0,2023-10-23,2200.0
Peddapuram APMC,1001,2023-10-16,52.0,2183.0,2203.0,2193.0,2203.0,2045.0,2136.5714285714284,2090.785714285714,86.88662563528229,75.77515177400598,-10.0,148.0,1.0264108050280825,1.0488879778620477,10,0,2023-10-26,2193.0
Karapa APMC,1001,2023-10-16,1.0,2040.0,2060.0,2050.0,2050.0,2050.0,2050.0,2050.0,1.9289570911757195e-06,0.0,0.0,0.0,1.0,1.0,10,0,2023-10-27,2050.0
Atmakur (Nandyal District) APMC,Sona Mahsuri,2023-10-16,0.01,2183.0,2183.0,2183.0,2183.0,2183.0,2183.0,2131.928571428572,0.0,71.10605760813509,0.0,0.0,1.0,1.0239555064160553,10,0,2023-10-24,2183.0
Pithapuram APMC,1001,2023-10-16,1.0,2183.0,2200.0,2193.0,2193.0,2193.0,2193.0,2193.0,0.0,0.0,0.0,0.0,1.0,1.0,10,0,2023-10-25,2193.0
Rajahmundry APMC,Swarna Masuri (New),2023-10-17,0.5,2203.0,2203.0,2203.0,2203.0,2203.0,2203.0,2190.785714285714,0.0,38.37502908328796,0.0,0.0,1.0,1.0055752991425124,10,1,2023-10-24,2203.0
Tiruvuru APMC,Sona,2023-10-17,21.0,2200.0,2400.0,2300.0,2300.0,2200.0,2227.1428571428573,2202.8571428571427,46.44505202002792,44.27685129319601,0.0,100.0,1.0327132777421424,1.0440985732814527,10,1,2023-10-24,2300.0
Sampara (Kakinada Rural) APMC,Swarna Masuri (New),2023-10-17,1.0,2000.0,2080.0,2040.0,2040.0,2040.0,2040.0,2040.0,0.0,0.0,0.0,0.0,1.0,1.0,10,1,2023-10-25,2040.0
Rajahmundry APMC,Paddy,2023-10-17,0.5,2183.0,2183.0,2183.0,2183.0,2183.0,2183.0,2170.428571428572,0.0,38.55608160292629,0.0,0.0,1.0,1.0057921411176198,10,1,2023-10-24,2183.0
Tanuku APMC,MTU-1010,2023-10-17,1.0,2020.0,2200.0,2183.0,2183.0,2183.0,2183.0,2162.5714285714284,0.0,51.928522302984646,0.0,0.0,1.0,1.0094464262121814,10,1,2023-10-24,2183.0
Peddapuram APMC,1001,2023-10-17,48.0,2183.0,2203.0,2193.0,2193.0,2045.0,2157.714285714286,2101.3571428571427,78.49143113681104,79.14505392277893,0.0,148.0,1.0163532838983051,1.0436112716271797,10,1,2023-10-26,2193.0
Atmakur (Nandyal District) APMC,Sona Mahsuri,2023-10-17,0.01,2183.0,2183.0,2183.0,2183.0,2183.0,2183.0,2142.1428571428573,0.0,67.03943402420482,0.0,0.0,1.0,1.019073024341447,10,1,2023-10-24,2183.0
Pithapuram APMC,1001,2023-10-17,1.0,2183.0,2200.0,2193.0,2193.0,2193.0,2193.0,2193.0,0.0,0.0,0.0,0.0,1.0,1.0,10,1,2023-10-25,2193.0
Karapa APMC,1001,2023-10-17,1.0,2040.0,2060.0,2050.0,2050.0,2050.0,2050.0,2050.0,1.9289570911757195e-06,0.0,0.0,0.0,1.0,1.0,10,1,2023-10-27,2050.0
Banaganapalli APMC,Sona Mahsuri,2023-10-17,0.01,2000.0,2300.0,2200.0,2100.0,2100.0,2100.0,2100.0,0.0,0.0,100.0,100.0,1.0476190476190477,1.0476190476190477,10,1,2023-10-24,2200.0
Atmakur (Nandyal District) APMC,Sona Mahsuri,2023-10-18,0.01,2183.0,2183.0,2183.0,2183.0,2183.0,2183.0,2152.3571428571427,0.0,60.89158984856373,0.0,0.0,1.0,1.0142368831513624,10,2,2023-10-25,2183.0
Banaganapalli APMC,Sona Mahsuri,2023-10-18,0.01,2000.0,2300.0,2200.0,2200.0,2100.0,2114.285714285714,2107.1428571428573,37.796447300922736,26.72612419124241,0.0,100.0,1.0405405405405406,1.0440677966101697,10,2,2023-10-25,2200.0
Peddapuram APMC,1001,2023-10-18,43.0,2183.0,2222.0,2202.0,2193.0,2045.0,2178.8571428571427,2111.928571428572,61.06943745013702,80.9030419564198,9.0,157.0,1.0106215578284816,1.0426488991104947,10,2,2023-10-26,2193.0
Rajahmundry APMC,Paddy,2023-10-18,0.5,2183.0,2183.0,2183.0,2183.0,2183.0,2183.0,2180.6428571428573,0.0,8.819620983115072,0.0,0.0,1.0,1.0010809394346358,10,2,2023-10-25,2183.0
Rajahmundry APMC,Swarna Masuri (New),2023-10-18,0.5,2203.0,2203.0,2203.0,2203.0,2203.0,2203.0,2201.0,0.0,7.483314773571307,0.0,0.0,1.0,1.0009086778736938,10,2,2023-10-25,2203.0
Sampara (Kakinada Rural) APMC,Swarna Masuri (New),2023-10-18,1.0,2000.0,2080.0,2040.0,2040.0,2040.0,2040.0,2040.0,0.0,0.0,0.0,0.0,1.0,1.0,10,2,2023-10-25,2040.0
Tanuku APMC,MTU-1010,2023-10-18,1.0,2020.0,2200.0,2183.0,2183.0,2183.0,2183.0,2172.785714285714,0.0,38.21835759347861,0.0,0.0,1.0,1.0047010092376476,10,2,2023-10-25,2183.0
Tiruvuru APMC,Sona,2023-10-18,24.0,2200.0,2400.0,2300.0,2300.0,2200.0,2241.428571428572,2210.0,51.77791402666468,51.2910248559089,0.0,100.0,1.0261312938177185,1.0407239819004526,10,2,2023-10-25,2300.0
Pithapuram APMC,1001,2023-10-18,1.0,2183.0,2200.0,2193.0,2193.0,2193.0,2193.0,2193.0,0.0,0.0,0.0,0.0,1.0,1.0,10,2,2023-10-25,2193.0
Tiruvuru APMC,Sona,2023-10-19,28.0,2200.0,2400.0,2300.0,2300.0,2200.0,2255.714285714286,2220.714285714286,52.23572942509548,53.41625879165383,0.0,100.0,1.0196326789107029,1.0357027983274365,10,3,2023-10-26,2300.0
Peddapuram APMC,1001,2023-10-19,20.0,2183.0,2203.0,2193.0,2202.0,2235.0,2201.285714285714,2123.1428571428573,15.670718827528136,81.78852387323454,-9.0,-42.0,0.9962359659938996,1.0329027048849413,10,3,2023-10-26,2193.0
Pithapuram APMC,1001,2023-10-19,1.0,2183.0,2200.0,2193.0,2193.0,2193.0,2193.0,2193.0,0.0,0.0,0.0,0.0,1.0,1.0,10,3,2023-10-26,2193.0
Karapa APMC,1001,2023-10-19,1.0,2040.0,2060.0,2050.0,2050.0,2050.0,2050.0,2050.0,1.9289570911757195e-06,0.0,0.0,0.0,1.0,1.0,10,3,2023-10-27,2050.0
Atmakur (Nandyal District) APMC,Sona Mahsuri,2023-10-19,0.01,2183.0,2183.0,2183.0,2183.0,2183.0,2183.0,2162.5714285714284,0.0,51.92852230298323,0.0,0.0,1.0,1.0094464262121814,10,3,2023-10-26,2183.0
Banaganapalli APMC,Sona Mahsuri,2023-10-19,0.01,2000.0,2300.0,2200.0,2200.0,2100.0,2128.5714285714284,2114.285714285714,48.79500364742671,36.31365196012805,0.0,100.0,1.0335570469798658,1.0405405405405406,10,3,2023-10-26,2200.0
Atmakur (Nandyal District) APMC,Sona Mahsuri,2023-10-20,0.01,2183.0,2183.0,2183.0,2183.0,2183.0,2183.0,2172.785714285714,0.0,38.21835759347668,0.0,0.0,1.0,1.0047010092376476,10,4,2023-10-27,2183.0
Banaganapalli APMC,Sona Mahsuri,2023-10-20,0.01,2000.0,2300.0,2200.0,2200.0,2100.0,2142.8571428571427,2121.428571428572,53.452248382485,42.581531362631885,0.0,100.0,1.0266666666666668,1.037037037037037,10,4,2023-10-28,2200.0
Karapa APMC,1001,2023-10-20,1.0,2040.0,2060.0,2050.0,2050.0,2050.0,2050.0,2050.0,1.9289570911757195e-06,0.0,0.0,0.0,1.0,1.0,10,4,2023-10-27,2050.0
Pithapuram APMC,1001,2023-10-20,1.0,2193.0,2200.0,2193.0,2193.0,2193.0,2193.0,2193.0,0.0,0.0,0.0,0.0,1.0,1.0,10,4,2023-10-30,2193.0
Rajahmundry APMC,Paddy,2023-10-20,0.5,2183.0,2183.0,2183.0,2183.0,2183.0,2183.0,2183.0,0.0,9.54682477514295e-06,0.0,0.0,1.0,1.0,10,4,2023-10-27,2183.0
Rajahmundry APMC,Swarna Masuri (New),2023-10-20,0.5,2203.0,2203.0,2203.0,2203.0,2203.0,2203.0,2203.0,0.0,1.877426223966805e-05,0.0,0.0,1.0,1.0,10,4,2023-10-27,2203.0
Sampara (Kakinada Rural) APMC,Swarna Masuri (New),2023-10-20,1.0,2000.0,2080.0,2040.0,2040.0,2040.0,2040.0,2040.0,0.0,0.0,0.0,0.0,1.0,1.0,10,4,2023-10-27,2040.0
Tanuku APMC,MTU-1010,2023-10-20,1.0,2020.0,2200.0,2183.0,2183.0,2183.0,2183.0,2183.0,0.0,0.0,0.0,0.0,1.0,1.0,10,4,2023-10-27,2183.0
Tiruvuru APMC,Sona,2023-10-20,21.0,2200.0,2400.0,2300.0,2300.0,2200.0,2270.0,2231.428571428572,47.95831523313147,53.184315625677264,0.0,100.0,1.013215859030837,1.030729833546735,10,4,2023-10-27,2300.0
Rajahmundry APMC,Paddy,2023-10-21,0.5,2183.0,2183.0,2183.0,2183.0,2183.0,2183.0,2183.0,0.0,9.54682477514295e-06,0.0,0.0,1.0,1.0,10,5,2023-10-28,2183.0
Tiruvuru APMC,Sona,2023-10-21,19.0,2200.0,2400.0,2300.0,2300.0,2200.0,2284.285714285714,2242.1428571428573,37.35288603626967,50.56276699898491,0.0,100.0,1.0068792995622264,1.0258043963045556,10,5,2023-10-28,2300.0
Tanuku APMC,MTU-1010,2023-10-21,1.0,2020.0,2200.0,2183.0,2183.0,2183.0,2183.0,2183.0,0.0,0.0,0.0,0.0,1.0,1.0,10,5,2023-10-28,2183.0
Pithapuram APMC,1001,2023-10-21,1.0,2183.0,2200.0,2193.0,2193.0,2193.0,2193.0,2193.0,0.0,0.0,0.0,0.0,1.0,1.0,10,5,2023-10-30,2193.0
Rajahmundry APMC,Swarna Masuri (New),2023-10-21,0.5,2203.0,2203.0,2203.0,2203.0,2203.0,2203.0,2203.0,0.0,1.877426223966805e-05,0.0,0.0,1.0,1.0,10,5,2023-10-28,2203.0
Karapa APMC,1001,2023-10-21,1.0,2040.0,2060.0,2050.0,2050.0,2050.0,2050.0,2050.0,1.9289570911757195e-06,0.0,0.0,0.0,1.0,1.0,10,5,2023-10-28,2050.0
Atmakur (Nandyal District) APMC,Sona Mahsuri,2023-10-21,0.01,2183.0,2183.0,2183.0,2183.0,2183.0,2183.0,2183.0,0.0,0.0,0.0,0.0,1.0,1.0,10,5,2023-10-28,2183.0
Peddapuram APMC,1001,2023-10-21,34.0,2183.0,2203.0,2193.0,2193.0,2190.0,2195.285714285714,2133.714285714286,5.056820005837997,80.4654044834259,0.0,3.0,0.998958807834971,1.027785216925549,10,5,2023-10-28,2193.0
Banaganapalli APMC,Sona Mahsuri,2023-10-21,0.01,2000.0,2300.0,2200.0,2200.0,2100.0,2157.1428571428573,2128.5714285714284,53.452248382485,46.88072309384939,0.0,100.0,1.019867549668874,1.0335570469798658,10,5,2023-10-28,2200.0
Banaganapalli APMC,Sona Mahsuri,2023-10-22,0.01,2000.0,2300.0,2200.0,2200.0,2100.0,2171.428571428572,2135.714285714286,48.79500364742671,49.72451580988452,0.0,100.0,1.013157894736842,1.0301003344481603,10,6,2023-10-29,2200.0
Banaganapalli APMC,Sona Mahsuri,2023-10-23,0.01,2000.0,2300.0,2200.0,2200.0,2100.0,2185.714285714286,2142.8571428571427,37.796447300922736,51.355259101309365,0.0,100.0,1.0065359477124185,1.0266666666666668,10,0,2023-10-30,2200.0
Atmakur (Nandyal District) APMC,Sona Mahsuri,2023-10-24,0.01,2183.0,2183.0,2183.0,2183.0,2183.0,2183.0,2183.0,0.0,0.0,0.0,0.0,1.0,1.0,10,1,2023-10-31,2183.0
Banaganapalli APMC,Sona Mahsuri,2023-10-24,0.01,2000.0,2300.0,2200.0,2200.0,2200.0,2200.0,2150.0,0.0,51.88745216627683,0.0,0.0,1.0,1.0232558139534884,10,1,2023-10-31,2200.0
Rajahmundry APMC,Paddy,2023-10-24,0.5,2183.0,2183.0,2183.0,2183.0,2183.0,2183.0,2183.0,0.0,9.54682477514295e-06,0.0,0.0,1.0,1.0,10,1,2023-10-31,2183.0
Rajahmundry APMC,Swarna Masuri (New),2023-10-24,0.5,2203.0,2203.0,2203.0,2203.0,2203.0,2203.0,2203.0,0.0,1.877426223966805e-05,0.0,0.0,1.0,1.0,10,1,2023-10-31,2203.0
Tanuku APMC,MTU-1010,2023-10-24,1.0,2020.0,2200.0,2183.0,2183.0,2183.0,2183.0,2183.0,0.0,0.0,0.0,0.0,1.0,1.0,10,1,2023-10-31,2183.0
Tiruvuru APMC,Sona,2023-10-24,16.0,2200.0,2400.0,2300.0,2300.0,2290.0,2298.5714285714284,2249.285714285714,3.779644730158727,51.21061874775295,0.0,10.0,1.0006215040397763,1.0225468402667517,10,1,2023-11-03,2300.0
Rajahmundry APMC,Swarna Masuri (New),2023-10-25,0.5,2203.0,2203.0,2203.0,2203.0,2203.0,2203.0,2203.0,0.0,1.877426223966805e-05,0.0,0.0,1.0,1.0,10,2,2023-11-01,2203.0
Tiruvuru APMC,Sona,2023-10-25,49.0,2200.0,2400.0,2300.0,2300.0,2300.0,2300.0,2256.428571428572,2.252635041942795e-05,50.77963596336296,0.0,0.0,1.0,1.019309908198797,10,2,2023-11-03,2300.0
Tanuku APMC,MTU-1010,2023-10-25,1.0,2020.0,2200.0,2183.0,2183.0,2183.0,2183.0,2183.0,0.0,0.0,0.0,0.0,1.0,1.0,10,2,2023-11-01,2183.0
Sampara (Kakinada Rural) APMC,Swarna Masuri (New),2023-10-25,1.0,2000.0,2080.0,2040.0,2040.0,2040.0,2040.0,2040.0,0.0,0.0,0.0,0.0,1.0,1.0,10,2,2023-11-01,2040.0
Pithapuram APMC,1001,2023-10-25,1.0,2183.0,2200.0,2193.0,2193.0,2193.0,2193.0,2193.0,0.0,0.0,0.0,0.0,1.0,1.0,10,2,2023-11-01,2193.0
Banaganapalli APMC,Sona Mahsuri,2023-10-25,0.01,2000.0,2300.0,2200.0,2200.0,2200.0,2200.0,2157.1428571428573,0.0,51.35525910130925,0.0,0.0,1.0,1.019867549668874,10,2,2023-11-01,2200.0
Atmakur (Nandyal District) APMC,Sona Mahsuri,2023-10-25,0.01,2183.0,2183.0,2183.0,2183.0,2183.0,2183.0,2183.0,0.0,0.0,0.0,0.0,1.0,1.0,10,2,2023-11-01,2183.0
Rajahmundry APMC,Paddy,2023-10-25,0.5,2183.0,2183.0,2183.0,2183.0,2183.0,2183.0,2183.0,0.0,9.54682477514295e-06,0.0,0.0,1.0,1.0,10,2,2023-11-01,2183.0
Rajahmundry APMC,Swarna Masuri (New),2023-10-26,0.5,2203.0,2203.0,2203.0,2203.0,2203.0,2203.0,2203.0,0.0,1.877426223966805e-05,0.0,0.0,1.0,1.0,10,3,2023-11-02,2203.0
Atmakur (Nandyal District) APMC,Sona Mahsuri,2023-10-26,0.01,2183.0,2183.0,2183.0,2183.0,2183.0,2183.0,2183.0,0.0,0.0,0.0,0.0,1.0,1.0,10,3,2023-11-02,2183.0
Banaganapalli APMC,Sona Mahsuri,2023-10-26,0.01,2000.0,2300.0,2200.0,2200.0,2200.0,2200.0,2164.285714285714,0.0,49.72451580988432,0.0,0.0,1.0,1.0165016501650166,10,3,2023-11-02,2200.0
Peddapuram APMC,1001,2023-10-26,68.0,2183.0,2203.0,2193.0,2193.0,2193.0,2195.714285714286,2144.285714285714,4.6445052020041455,77.58412661941051,0.0,0.0,0.9987638256343526,1.0227181878747502,10,3,2023-11-03,2193.0
Pithapuram APMC,1001,2023-10-26,1.0,2183.0,2200.0,2193.0,2193.0,2193.0,2193.0,2193.0,0.0,0.0,0.0,0.0,1.0,1.0,10,3,2023-11-02,2193.0
Rajahmundry APMC,Paddy,2023-10-26,0.5,2183.0,2183.0,2183.0,2183.0,2183.0,2183.0,2183.0,0.0,9.54682477514295e-06,0.0,0.0,1.0,1.0,10,3,2023-11-02,2183.0
Tiruvuru APMC,Sona,2023-10-26,24.0,2200.0,2400.0,2300.0,2300.0,2300.0,2300.0,2263.5714285714284,2.252635041942795e-05,49.24149951743463,0.0,0.0,1.0,1.016093404859577,10,3,2023-11-03,2300.0
Tanuku APMC,MTU-1010,2023-10-27,1.0,2020.0,2200.0,2183.0,2183.0,2183.0,2183.0,2183.0,0.0,0.0,0.0,0.0,1.0,1.0,10,4,2023-11-03,2183.0
Tiruvuru APMC,Sona,2023-10-27,12.0,2200.0,2400.0,2300.0,2300.0,2300.0,2300.0,2270.714285714286,2.252635041942795e-05,46.48643900095226,0.0,0.0,1.0,1.0128971374646114,10,4,2023-11-03,2300.0
Sampara (Kakinada Rural) APMC,Swarna Masuri (New),2023-10-27,1.0,2000.0,2080.0,2040.0,2040.0,2040.0,2040.0,2040.0,0.0,0.0,0.0,0.0,1.0,1.0,10,4,2023-11-04,2040.0
Karapa APMC,1001,2023-10-27,1.0,2040.0,2060.0,2050.0,2050.0,2050.0,2050.0,2050.0,1.9289570911757195e-06,0.0,0.0,0.0,1.0,1.0,10,4,2023-11-05,2050.0
Rajahmundry APMC,Paddy,2023-10-27,0.5,2183.0,2183.0,2183.0,2183.0,2183.0,2183.0,2183.0,0.0,9.54682477514295e-06,0.0,0.0,1.0,1.0,10,4,2023-11-03,2183.0
Rajahmundry APMC,Swarna Masuri (New),2023-10-27,0.5,2203.0,2203.0,2203.0,2203.0,2203.0,2203.0,2203.0,0.0,1.877426223966805e-05,0.0,0.0,1.0,1.0,10,4,2023-11-03,2203.0
Atmakur (Nandyal District) APMC,Sona Mahsuri,2023-10-27,0.01,2183.0,2183.0,2183.0,2183.0,2183.0,2183.0,2183.0,0.0,0.0,0.0,0.0,1.0,1.0,10,4,2023-11-03,2183.0
Tanuku APMC,MTU-1010,2023-10-28,1.0,2020.0,2200.0,2183.0,2183.0,2183.0,2183.0,2183.0,0.0,0.0,0.0,0.0,1.0,1.0,10,5,2023-11-04,2183.0
Sampara (Kakinada Rural) APMC,Swarna Masuri (New),2023-10-28,1.0,2020.0,2080.0,2040.0,2040.0,2040.0,2040.0,2040.0,0.0,0.0,0.0,0.0,1.0,1.0,10,5,2023-11-04,2040.0
Rajahmundry APMC,Swarna Masuri (New),2023-10-28,0.5,2203.0,2203.0,2203.0,2203.0,2203.0,2203.0,2203.0,0.0,1.877426223966805e-05,0.0,0.0,1.0,1.0,10,5,2023-11-04,2203.0
Rajahmundry APMC,Paddy,2023-10-28,0.5,2183.0,2183.0,2183.0,2183.0,2183.0,2183.0,2183.0,0.0,9.54682477514295e-06,0.0,0.0,1.0,1.0,10,5,2023-11-04,2183.0
Tiruvuru APMC,Sona,2023-10-28,21.0,2200.0,2400.0,2300.0,2300.0,2300.0,2300.0,2277.8571428571427,2.252635041942795e-05,42.27721179740792,0.0,0.0,1.0,1.0097209156475384,10,5,2023-11-04,2300.0
Karapa APMC,1001,2023-10-28,1.0,2040.0,2060.0,2050.0,2050.0,2050.0,2050.0,2050.0,1.9289570911757195e-06,0.0,0.0,0.0,1.0,1.0,10,5,2023-11-05,2050.0
Banaganapalli APMC,Sona Mahsuri,2023-10-28,0.01,2000.0,2300.0,2200.0,2200.0,2200.0,2200.0,2171.428571428572,0.0,46.88072309384911,0.0,0.0,1.0,1.013157894736842,10,5,2023-11-04,2200.0
Atmakur (Nandyal District) APMC,Sona Mahsuri,2023-10-28,0.01,2183.0,2183.0,2183.0,2183.0,2183.0,2183.0,2183.0,0.0,0.0,0.0,0.0,1.0,1.0,10,5,2023-11-04,2183.0
Peddapuram APMC,1001,2023-10-28,1.0,2183.0,2203.0,2193.0,2193.0,2203.0,2195.714285714286,2154.8571428571427,4.6445052020041455,72.9603234039489,0.0,-10.0,0.9987638256343526,1.0177008750994432,10,5,2023-11-04,2193.0
Atmakur (Nandyal District) APMC,Sona Mahsuri,2023-10-29,0.01,2183.0,2183.0,2183.0,2183.0,2183.0,2183.0,2183.0,0.0,0.0,0.0,0.0,1.0,1.0,10,6,2023-11-05,2183.0
Banaganapalli APMC,Sona Mahsuri,2023-10-29,0.01,2000.0,2300.0,2200.0,2200.0,2200.0,2200.0,2178.5714285714284,0.0,42.5815313626315,0.0,0.0,1.0,1.0098360655737706,10,6,2023-11-05,2200.0
Karapa APMC,1001,2023-10-29,1.0,2040.0,2060.0,2050.0,2050.0,2050.0,2050.0,2050.0,1.9289570911757195e-06,0.0,0.0,0.0,1.0,1.0,10,6,2023-11-05,2050.0
Rajahmundry APMC,Paddy,2023-10-29,0.5,2183.0,2183.0,2183.0,2183.0,2183.0,2183.0,2183.0,0.0,9.54682477514295e-06,0.0,0.0,1.0,1.0,10,6,2023-11-05,2183.0
Rajahmundry APMC,Swarna Masuri (New),2023-10-29,0.5,2203.0,2203.0,2203.0,2203.0,2203.0,2203.0,2203.0,0.0,1.877426223966805e-05,0.0,0.0,1.0,1.0,10,6,2023-11-05,2203.0
Tanuku APMC,MTU-1010,2023-10-29,1.0,2020.0,2200.0,2183.0,2183.0,2183.0,2183.0,2183.0,0.0,0.0,0.0,0.0,1.0,1.0,10,6,2023-11-05,2183.0
Tiruvuru APMC,Sona,2023-10-29,24.0,2200.0,2400.0,2300.0,2300.0,2300.0,2300.0,2285.0,2.252635041942795e-05,36.10880992010683,0.0,0.0,1.0,1.0065645514223194,10,6,2023-11-06,2300.0
Rajahmundry APMC,Paddy,2023-10-30,0.5,2183.0,2183.0,2183.0,2183.0,2183.0,2183.0,2183.0,0.0,9.54682477514295e-06,0.0,0.0,1.0,1.0,10,0,2023-11-06,2183.0
Tiruvuru APMC,Sona,2023-10-30,72.0,2200.0,2400.0,2300.0,2300.0,2300.0,2300.0,2292.1428571428573,2.252635041942795e-05,26.654072117404745,0.0,0.0,1.0,1.0034278591461514,10,0,2023-11-06,2300.0
Rajahmundry APMC,Swarna Masuri (New),2023-10-30,0.5,2203.0,2203.0,2203.0,2203.0,2203.0,2203.0,2203.0,0.0,1.877426223966805e-05,0.0,0.0,1.0,1.0,10,0,2023-11-06,2203.0
Pithapuram APMC,1001,2023-10-30,1.0,2183.0,2200.0,2193.0,2193.0,2193.0,2193.0,2193.0,0.0,0.0,0.0,0.0,1.0,1.0,10,0,2023-11-06,2193.0
Tanuku APMC,MTU-1010,2023-10-30,1.0,2020.0,2200.0,2183.0,2183.0,2183.0,2183.0,2183.0,0.0,0.0,0.0,0.0,1.0,1.0,10,0,2023-11-06,2183.0
Karapa APMC,1001,2023-10-30,1.0,2040.0,2060.0,2050.0,2050.0,2050.0,2050.0,2050.0,1.9289570911757195e-06,0.0,0.0,0.0,1.0,1.0,10,0,2023-11-06,2050.0
Banaganapalli APMC,Sona Mahsuri,2023-10-30,0.01,2000.0,2300.0,2200.0,2200.0,2200.0,2200.0,2185.714285714286,0.0,36.3136519601275,0.0,0.0,1.0,1.0065359477124185,10,0,2023-11-06,2200.0
Atmakur (Nandyal District) APMC,Sona Mahsuri,2023-10-30,0.01,2183.0,2183.0,2183.0,2183.0,2183.0,2183.0,2183.0,0.0,0.0,0.0,0.0,1.0,1.0,10,0,2023-11-06,2183.0
Peddapuram APMC,1001,2023-10-30,77.0,2183.0,2203.0,2193.0,2193.0,2193.0,2194.285714285714,2165.428571428572,3.40168025708526,66.23003534966301,0.0,0.0,0.9994140625,1.0127325504683995,10,0,2023-11-06,2193.0
Tanuku APMC,MTU-1010,2023-10-31,1.0,2020.0,2200.0,2183.0,2183.0,2183.0,2183.0,2183.0,0.0,0.0,0.0,0.0,1.0,1.0,10,1,2023-11-09,2183.0
Rajahmundry APMC,Swarna Masuri (New),2023-10-31,0.5,2203.0,2203.0,2203.0,2203.0,2203.0,2203.0,2203.0,0.0,1.877426223966805e-05,0.0,0.0,1.0,1.0,10,1,2023-11-07,2203.0
Rajahmundry APMC,Paddy,2023-10-31,0.5,2183.0,2183.0,2183.0,2183.0,2183.0,2183.0,2183.0,0.0,9.54682477514295e-06,0.0,0.0,1.0,1.0,10,1,2023-11-07,2183.0
Atmakur (Nandyal District) APMC,Sona Mahsuri,2023-10-31,0.01,2183.0,2183.0,2183.0,2183.0,2183.0,2183.0,2183.0,0.0,0.0,0.0,0.0,1.0,1.0,10,1,2023-11-07,2183.0
Karapa APMC,1001,2023-10-31,1.0,2040.0,2060.0,2050.0,2050.0,2050.0,2050.0,2050.0,1.9289570911757195e-06,0.0,0.0,0.0,1.0,1.0,10,1,2023-11-07,2050.0
Banaganapalli APMC,Sona Mahsuri,2023-10-31,0.01,2000.0,2300.0,2200.0,2200.0,2200.0,2200.0,2192.8571428571427,0.0,26.726124191241546,0.0,0.0,1.0,1.003257328990228,10,1,2023-11-07,2200.0
Pithapuram APMC,1001,2023-10-31,1.0,2183.0,2200.0,2193.0,2193.0,2193.0,2193.0,2193.0,0.0,0.0,0.0,0.0,1.0,1.0,10,1,2023-11-07,2193.0
Atmakur (Nandyal District) APMC,Sona Mahsuri,2023-11-01,0.01,2183.0,2183.0,2183.0,2183.0,2183.0,2183.0,2183.0,0.0,0.0,0.0,0.0,1.0,1.0,11,2,2023-11-08,2183.0
Banaganapalli APMC,Sona Mahsuri,2023-11-01,0.01,2000.0,2300.0,2200.0,2200.0,2200.0,2200.0,2200.0,0.0,0.0,0.0,0.0,1.0,1.0,11,2,2023-11-08,2300.0
Karapa APMC,1001,2023-11-01,1.0,2040.0,2060.0,2050.0,2050.0,2050.0,2050.0,2050.0,1.9289570911757195e-06,0.0,0.0,0.0,1.0,1.0,11,2,2023-11-08,2050.0
Pithapuram APMC,1001,2023-11-01,1.0,2183.0,2200.0,2193.0,2193.0,2193.0,2193.0,2193.0,0.0,0.0,0.0,0.0,1.0,1.0,11,2,2023-11-08,2193.0
Rajahmundry APMC,Paddy,2023-11-01,0.5,2183.0,2183.0,2183.0,2183.0,2183.0,2183.0,2183.0,0.0,9.54682477514295e-06,0.0,0.0,1.0,1.0,11,2,2023-11-09,2183.0
Rajahmundry APMC,Swarna Masuri (New),2023-11-01,0.5,2203.0,2203.0,2203.0,2203.0,2203.0,2203.0,2203.0,0.0,1.877426223966805e-05,0.0,0.0,1.0,1.0,11,2,2023-11-09,2203.0
Sampara (Kakinada Rural) APMC,Swarna Masuri (New),2023-11-01,1.0,2000.0,2080.0,2040.0,2040.0,2040.0,2040.0,2040.0,0.0,0.0,0.0,0.0,1.0,1.0,11,2,2023-11-09,2183.0
Tanuku APMC,MTU-1010,2023-11-01,1.0,2020.0,2200.0,2183.0,2183.0,2183.0,2183.0,2183.0,0.0,0.0,0.0,0.0,1.0,1.0,11,2,2023-11-09,2183.0
Tanuku APMC,MTU-1010,2023-11-02,1.0,2020.0,2200.0,2183.0,2183.0,2183.0,2183.0,2183.0,0.0,0.0,0.0,0.0,1.0,1.0,11,3,2023-11-09,2183.0
Rajahmundry APMC,Swarna Masuri (New),2023-11-02,0.5,2203.0,2203.0,2203.0,2203.0,2203.0,2203.0,2203.0,0.0,1.877426223966805e-05,0.0,0.0,1.0,1.0,11,3,2023-11-09,2203.0
Rajahmundry APMC,Paddy,2023-11-02,0.5,2183.0,2183.0,2183.0,2183.0,2183.0,2183.0,2183.0,0.0,9.54682477514295e-06,0.0,0.0,1.0,1.0,11,3,2023-11-09,2183.0
Pithapuram APMC,1001,2023-11-02,1.0,2183.0,2200.0,2193.0,2193.0,2193.0,2193.0,2193.0,0.0,0.0,0.0,0.0,1.0,1.0,11,3,2023-11-09,2193.0
Karapa APMC,1001,2023-11-02,1.0,2040.0,2060.0,2050.0,2050.0,2050.0,2050.0,2050.0,1.9289570911757195e-06,0.0,0.0,0.0,1.0,1.0,11,3,2023-11-09,2050.0
Banaganapalli APMC,Sona Mahsuri,2023-11-02,0.01,2000.0,2300.0,2200.0,2200.0,2200.0,2200.0,2200.0,0.0,0.0,0.0,0.0,1.0,1.0,11,3,2023-11-09,2300.0
Atmakur (Nandyal District) APMC,Sona Mahsuri,2023-11-02,0.01,2183.0,2183.0,2183.0,2183.0,2183.0,2183.0,2183.0,0.0,0.0,0.0,0.0,1.0,1.0,11,3,2023-11-09,2183.0
Atmakur (Nandyal District) APMC,Sona Mahsuri,2023-11-03,0.01,2183.0,2183.0,2183.0,2183.0,2183.0,2183.0,2183.0,0.0,0.0,0.0,0.0,1.0,1.0,11,4,2023-11-10,2183.0
Banaganapalli APMC,Sona Mahsuri,2023-11-03,0.01,2100.0,2300.0,2200.0,2200.0,2200.0,2200.0,2200.0,0.0,0.0,0.0,0.0,1.0,1.0,11,4,2023-11-10,2300.0
Peddapuram APMC,1001,2023-11-03,3.0,2183.0,2203.0,2193.0,2193.0,2193.0,2194.285714285714,2176.0,3.40168025708526,56.647357192750974,0.0,0.0,0.9994140625,1.0078125,11,4,2023-11-10,2193.0
Pithapuram APMC,1001,2023-11-03,1.0,2183.0,2200.0,2193.0,2193.0,2193.0,2193.0,2193.0,0.0,0.0,0.0,0.0,1.0,1.0,11,4,2023-11-10,2193.0
Rajahmundry APMC,Paddy,2023-11-03,0.5,2183.0,2183.0,2183.0,2183.0,2183.0,2183.0,2183.0,0.0,9.54682477514295e-06,0.0,0.0,1.0,1.0,11,4,2023-11-10,2183.0
Rajahmundry APMC,Swarna Masuri (New),2023-11-03,0.5,2203.0,2203.0,2203.0,2203.0,2203.0,2203.0,2203.0,0.0,1.877426223966805e-05,0.0,0.0,1.0,1.0,11,4,2023-11-10,2203.0
Tanuku APMC,MTU-1010,2023-11-03,1.0,2020.0,2200.0,2183.0,2183.0,2183.0,2183.0,2183.0,0.0,0.0,0.0,0.0,1.0,1.0,11,4,2023-11-10,2183.0
Tiruvuru APMC,Sona,2023-11-03,21.0,2200.0,2400.0,2300.0,2300.0,2300.0,2300.0,2299.285714285714,2.252635041942795e-05,2.672612419172112,0.0,0.0,1.0,1.0003106554830694,11,4,2023-11-13,2250.0
Tiruvuru APMC,Sona,2023-11-04,22.0,2200.0,2400.0,2300.0,2300.0,2300.0,2300.0,2300.0,2.252635041942795e-05,1.599739740426706e-05,0.0,0.0,1.0,1.0,11,5,2023-11-13,2250.0
Tanuku APMC,MTU-1010,2023-11-04,1.0,2020.0,2200.0,2183.0,2183.0,2183.0,2183.0,2183.0,0.0,0.0,0.0,0.0,1.0,1.0,11,5,2023-11-15,2183.0
Sampara (Kakinada Rural) APMC,Swarna Masuri (New),2023-11-04,1.0,2000.0,2080.0,2040.0,2040.0,2040.0,2040.0,2040.0,0.0,0.0,0.0,0.0,1.0,1.0,11,5,2023-11-14,2183.0
Rajahmundry APMC,Swarna Masuri (New),2023-11-04,0.5,2203.0,2203.0,2203.0,2203.0,2203.0,2203.0,2203.0,0.0,1.877426223966805e-05,0.0,0.0,1.0,1.0,11,5,2023-11-13,2203.0
Atmakur (Nandyal District) APMC,Sona Mahsuri,2023-11-04,0.01,2183.0,2183.0,2183.0,2183.0,2183.0,2183.0,2183.0,0.0,0.0,0.0,0.0,1.0,1.0,11,5,2023-11-13,2183.0
Peddapuram APMC,1001,2023-11-04,6.8,2183.0,2203.0,2193.0,2193.0,2202.0,2194.285714285714,2186.5714285714284,3.40168025708526,42.31696202145572,0.0,-9.0,0.9994140625,1.0029400235201882,11,5,2023-11-15,2193.0
Banaganapalli APMC,Sona Mahsuri,2023-11-04,0.01,2100.0,2300.0,2200.0,2200.0,2200.0,2200.0,2200.0,0.0,0.0,0.0,0.0,1.0,1.0,11,5,2023-11-11,2300.0
Rajahmundry APMC,Paddy,2023-11-04,0.5,2183.0,2183.0,2183.0,2183.0,2183.0,2183.0,2183.0,0.0,9.54682477514295e-06,0.0,0.0,1.0,1.0,11,5,2023-11-13,2183.0
Atmakur (Nandyal District) APMC,Sona Mahsuri,2023-11-05,0.01,2183.0,2183.0,2183.0,2183.0,2183.0,2183.0,2183.0,0.0,0.0,0.0,0.0,1.0,1.0,11,6,2023-11-13,2183.0
Banaganapalli APMC,Sona Mahsuri,2023-11-05,0.01,2100.0,2300.0,2200.0,2200.0,2200.0,2200.0,2200.0,0.0,0.0,0.0,0.0,1.0,1.0,11,6,2023-11-13,2200.0
Karapa APMC,1001,2023-11-05,1.0,2040.0,2060.0,2050.0,2050.0,2050.0,2050.0,2050.0,1.9289570911757195e-06,0.0,0.0,0.0,1.0,1.0,11,6,2023-11-14,2050.0
Rajahmundry APMC,Paddy,2023-11-05,0.5,2183.0,2183.0,2183.0,2183.0,2183.0,2183.0,2183.0,0.0,9.54682477514295e-06,0.0,0.0,1.0,1.0,11,6,2023-11-13,2183.0
Rajahmundry APMC,Swarna Masuri (New),2023-11-05,0.5,2203.0,2203.0,2203.0,2203.0,2203.0,2203.0,2203.0,0.0,1.877426223966805e-05,0.0,0.0,1.0,1.0,11,6,2023-11-13,2203.0
Tanuku APMC,MTU-1010,2023-11-05,1.0,2020.0,2200.0,2183.0,2183.0,2183.0,2183.0,2183.0,0.0,0.0,0.0,0.0,1.0,1.0,11,6,2023-11-15,2183.0
Tiruvuru APMC,Sona,2023-11-06,40.0,2200.0,2400.0,2300.0,2300.0,2300.0,2300.0,2300.0,2.252635041942795e-05,1.599739740426706e-05,0.0,0.0,1.0,1.0,11,0,2023-11-13,2250.0
Tanuku APMC,MTU-1010,2023-11-06,1.0,2020.0,2200.0,2183.0,2183.0,2183.0,2183.0,2183.0,0.0,0.0,0.0,0.0,1.0,1.0,11,0,2023-11-15,2183.0
Sampara (Kakinada Rural) APMC,Swarna Masuri (New),2023-11-06,1.0,2150.0,2215.0,2183.0,2040.0,2040.0,2040.0,2040.0,0.0,0.0,143.0,143.0,1.0700980392156862,1.0700980392156862,11,0,2023-11-14,2183.0
Rajahmundry APMC,Swarna Masuri (New),2023-11-06,0.5,2203.0,2203.0,2203.0,2203.0,2203.0,2203.0,2203.0,0.0,1.877426223966805e-05,0.0,0.0,1.0,1.0,11,0,2023-11-13,2203.0
Rajahmundry APMC,Paddy,2023-11-06,0.5,2183.0,2183.0,2183.0,2183.0,2183.0,2183.0,2183.0,0.0,9.54682477514295e-06,0.0,0.0,1.0,1.0,11,0,2023-11-13,2183.0
Banaganapalli APMC,Sona Mahsuri,2023-11-06,0.01,2100.0,2300.0,2200.0,2200.0,2200.0,2200.0,2200.0,0.0,0.0,0.0,0.0,1.0,1.0,11,0,2023-11-13,2200.0
Peddapuram APMC,1001,2023-11-06,78.5,2183.0,2203.0,2193.0,2193.0,2193.0,2193.0,2197.1428571428573,3.869561204872095e-06,11.481470978243234,0.0,0.0,1.0,0.998114434330299,11,0,2023-11-15,2193.0
Karapa APMC,1001,2023-11-06,1.0,2040.0,2060.0,2050.0,2050.0,2050.0,2050.0,2050.0,1.9289570911757195e-06,0.0,0.0,0.0,1.0,1.0,11,0,2023-11-14,2050.0
Atmakur (Nandyal District) APMC,Sona Mahsuri,2023-11-06,0.01,2183.0,2183.0,2183.0,2183.0,2183.0,2183.0,2183.0,0.0,0.0,0.0,0.0,1.0,1.0,11,0,2023-11-13,2183.0
Pithapuram APMC,1001,2023-11-06,1.0,2183.0,2200.0,2193.0,2193.0,2193.0,2193.0,2193.0,0.0,0.0,0.0,0.0,1.0,1.0,11,0,2023-11-13,2193.0
Rajahmundry APMC,Paddy,2023-11-07,0.5,2183.0,2183.0,2183.0,2183.0,2183.0,2183.0,2183.0,0.0,9.54682477514295e-06,0.0,0.0,1.0,1.0,11,1,2023-11-14,2183.0
Rajahmundry APMC,Swarna Masuri (New),2023-11-07,0.5,2203.0,2203.0,2203.0,2203.0,2203.0,2203.0,2203.0,0.0,1.877426223966805e-05,0.0,0.0,1.0,1.0,11,1,2023-11-14,2203.0
Tiruvuru APMC,Sona,2023-11-07,40.0,2200.0,2400.0,2300.0,2300.0,2300.0,2300.0,2300.0,2.252635041942795e-05,1.599739740426706e-05,0.0,0.0,1.0,1.0,11,1,2023-11-14,2280.0
Pithapuram APMC,1001,2023-11-07,1.0,2183.0,2200.0,2193.0,2193.0,2193.0,2193.0,2193.0,0.0,0.0,0.0,0.0,1.0,1.0,11,1,2023-11-14,2193.0
Banaganapalli APMC,Sona Mahsuri,2023-11-07,0.01,2100.0,2400.0,2200.0,2200.0,2200.0,2200.0,2200.0,0.0,0.0,0.0,0.0,1.0,1.0,11,1,2023-11-14,2200.0
Atmakur (Nandyal District) APMC,Sona Mahsuri,2023-11-07,0.01,2183.0,2183.0,2183.0,2183.0,2183.0,2183.0,2183.0,0.0,0.0,0.0,0.0,1.0,1.0,11,1,2023-11-14,2183.0
Karapa APMC,1001,2023-11-07,1.0,2040.0,2060.0,2050.0,2050.0,2050.0,2050.0,2050.0,1.9289570911757195e-06,0.0,0.0,0.0,1.0,1.0,11,1,2023-11-14,2050.0
Atmakur (Nandyal District) APMC,Sona Mahsuri,2023-11-08,0.01,2183.0,2183.0,2183.0,2183.0,2183.0,2183.0,2183.0,0.0,0.0,0.0,0.0,1.0,1.0,11,2,2023-11-15,2183.0
Banaganapalli APMC,Sona Mahsuri,2023-11-08,0.01,2100.0,2400.0,2300.0,2200.0,2200.0,2200.0,2200.0,0.0,0.0,100.0,100.0,1.0454545454545454,1.0454545454545454,11,2,2023-11-15,2300.0
Karapa APMC,1001,2023-11-08,1.0,2040.0,2060.0,2050.0,2050.0,2050.0,2050.0,2050.0,1.9289570911757195e-06,0.0,0.0,0.0,1.0,1.0,11,2,2023-11-15,2050.0
Peddapuram APMC,1001,2023-11-08,99.0,2183.0,2203.0,2193.0,2193.0,2193.0,2193.0,2194.1428571428573,3.869561204872095e-06,3.6343900738435946,0.0,0.0,1.0,0.9994791327560388,11,2,2023-11-15,2193.0
Pithapuram APMC,1001,2023-11-08,1.0,2183.0,2200.0,2193.0,2193.0,2193.0,2193.0,2193.0,0.0,0.0,0.0,0.0,1.0,1.0,11,2,2023-11-15,2193.0
Tiruvuru APMC,Sona,2023-11-08,40.0,2200.0,2400.0,2300.0,2300.0,2300.0,2300.0,2300.0,2.252635041942795e-05,1.599739740426706e-05,0.0,0.0,1.0,1.0,11,2,2023-11-16,2300.0
Tiruvuru APMC,Sona,2023-11-09,30.0,2200.0,2350.0,2300.0,2300.0,2300.0,2300.0,2300.0,2.252635041942795e-05,1.599739740426706e-05,0.0,0.0,1.0,1.0,11,3,2023-11-16,2300.0
Tanuku APMC,MTU-1010,2023-11-09,1.0,2020.0,2200.0,2183.0,2183.0,2183.0,2183.0,2183.0,0.0,0.0,0.0,0.0,1.0,1.0,11,3,2023-11-16,2183.0
Sampara (Kakinada Rural) APMC,Swarna Masuri (New),2023-11-09,1.0,2150.0,2215.0,2183.0,2183.0,2040.0,2060.428571428572,2050.214285714286,54.04891964031947,38.21835759347668,0.0,143.0,1.0594883172710254,1.064766749120301,11,3,2023-11-20,2183.0
Rajahmundry APMC,Swarna Masuri (New),2023-11-09,0.5,2203.0,2203.0,2203.0,2203.0,2203.0,2203.0,2203.0,0.0,1.877426223966805e-05,0.0,0.0,1.0,1.0,11,3,2023-11-16,2203.0
Rajahmundry APMC,Paddy,2023-11-09,0.5,2183.0,2183.0,2183.0,2183.0,2183.0,2183.0,2183.0,0.0,9.54682477514295e-06,0.0,0.0,1.0,1.0,11,3,2023-11-16,2183.0
Pithapuram APMC,1001,2023-11-09,1.0,2183.0,2200.0,2193.0,2193.0,2193.0,2193.0,2193.0,0.0,0.0,0.0,0.0,1.0,1.0,11,3,2023-11-16,2193.0
Peddapuram APMC,1001,2023-11-09,3.3,2183.0,2203.0,2193.0,2193.0,2193.0,2193.0,2194.3571428571427,3.869561204872095e-06,3.4553669037632497,0.0,0.0,1.0,0.9993815305491358,11,3,2023-11-16,2193.0
Karapa APMC,1001,2023-11-09,1.0,2040.0,2060.0,2050.0,2050.0,2050.0,2050.0,2050.0,1.9289570911757195e-06,0.0,0.0,0.0,1.0,1.0,11,3,2023-11-16,2050.0
Banaganapalli APMC,Sona Mahsuri,2023-11-09,0.01,2100.0,2400.0,2300.0,2300.0,2200.0,2214.285714285714,2207.1428571428573,37.796447300922736,26.72612419124241,0.0,100.0,1.038709677419355,1.042071197411003,11,3,2023-11-16,2300.0
Atmakur (Nandyal District) APMC,Sona Mahsuri,2023-11-09,0.01,2183.0,2183.0,2183.0,2183.0,2183.0,2183.0,2183.0,0.0,0.0,0.0,0.0,1.0,1.0,11,3,2023-11-16,2183.0
Atmakur (Nandyal District) APMC,Sona Mahsuri,2023-11-10,0.01,2183.0,2183.0,2183.0,2183.0,2183.0,2183.0,2183.0,0.0,0.0,0.0,0.0,1.0,1.0,11,4,2023-11-17,2183.0
Banaganapalli APMC,Sona Mahsuri,2023-11-10,0.01,2200.0,2400.0,2300.0,2300.0,2200.0,2228.5714285714284,2214.285714285714,48.79500364742671,36.31365196012805,0.0,100.0,1.0320512820512822,1.038709677419355,11,4,2023-11-17,2300.0
Karapa APMC,1001,2023-11-10,1.0,2040.0,2060.0,2050.0,2050.0,2050.0,2050.0,2050.0,1.9289570911757195e-06,0.0,0.0,0.0,1.0,1.0,11,4,2023-11-19,2050.0
Peddapuram APMC,1001,2023-11-10,14.8,2183.0,2203.0,2193.0,2193.0,2193.0,2193.0,2194.3571428571427,3.869561204872095e-06,3.4553669037632497,0.0,0.0,1.0,0.9993815305491358,11,4,2023-11-17,2193.0
Pithapuram APMC,1001,2023-11-10,1.0,2183.0,2200.0,2193.0,2193.0,2193.0,2193.0,2193.0,0.0,0.0,0.0,0.0,1.0,1.0,11,4,2023-11-17,2193.0
Rajahmundry APMC,Paddy,2023-11-10,0.5,2183.0,2183.0,2183.0,2183.0,2183.0,2183.0,2183.0,0.0,9.54682477514295e-06,0.0,0.0,1.0,1.0,11,4,2023-11-17,2183.0
Rajahmundry APMC,Swarna Masuri (New),2023-11-10,0.5,2203.0,2203.0,2203.0,2203.0,2203.0,2203.0,2203.0,0.0,1.877426223966805e-05,0.0,0.0,1.0,1.0,11,4,2023-11-17,2203.0
Tanuku APMC,MTU-1010,2023-11-10,1.0,2020.0,2200.0,2183.0,2183.0,2183.0,2183.0,2183.0,0.0,0.0,0.0,0.0,1.0,1.0,11,4,2023-11-17,2183.0
Banaganapalli APMC,Sona Mahsuri,2023-11-11,0.01,2200.0,2400.0,2300.0,2300.0,2200.0,2242.8571428571427,2221.428571428572,53.452248382485,42.581531362631885,0.0,100.0,1.0254777070063694,1.035369774919614,11,5,2023-11-18,2300.0
Atmakur (Nandyal District) APMC,Sona Mahsuri,2023-11-13,0.01,2183.0,2183.0,2183.0,2183.0,2183.0,2183.0,2183.0,0.0,0.0,0.0,0.0,1.0,1.0,11,0,2023-11-20,2183.0
Banaganapalli APMC,Sona Mahsuri,2023-11-13,0.01,2100.0,2400.0,2200.0,2300.0,2200.0,2257.1428571428573,2228.5714285714284,53.452248382485,46.88072309384939,-100.0,0.0,0.9746835443037972,0.9871794871794872,11,0,2023-11-20,2300.0
Pithapuram APMC,1001,2023-11-13,1.0,2183.0,2200.0,2193.0,2193.0,2193.0,2193.0,2193.0,0.0,0.0,0.0,0.0,1.0,1.0,11,0,2023-11-20,2193.0
Rajahmundry APMC,Paddy,2023-11-13,0.5,2183.0,2183.0,2183.0,2183.0,2183.0,2183.0,2183.0,0.0,9.54682477514295e-06,0.0,0.0,1.0,1.0,11,0,2023-11-20,2183.0
Rajahmundry APMC,Swarna Masuri (New),2023-11-13,0.5,2203.0,2203.0,2203.0,2203.0,2203.0,2203.0,2203.0,0.0,1.877426223966805e-05,0.0,0.0,1.0,1.0,11,0,2023-11-20,2203.0
Tiruvuru APMC,Sona,2023-11-13,69.0,2200.0,2300.0,2250.0,2300.0,2300.0,2300.0,2300.0,2.252635041942795e-05,1.599739740426706e-05,-50.0,-50.0,0.9782608695652174,0.9782608695652174,11,0,2023-11-20,2300.0
Sampara (Kakinada Rural) APMC,Swarna Masuri (New),2023-11-14,1.0,2020.0,2215.0,2183.0,2183.0,2040.0,2080.8571428571427,2060.428571428572,69.77685521582004,51.92852230298323,0.0,143.0,1.0490869147329398,1.0594883172710254,11,1,2023-11-22,2183.0
Rajahmundry APMC,Swarna Masuri (New),2023-11-14,0.5,2203.0,2203.0,2203.0,2203.0,2203.0,2203.0,2203.0,0.0,1.877426223966805e-05,0.0,0.0,1.0,1.0,11,1,2023-11-21,2203.0
Rajahmundry APMC,Paddy,2023-11-14,0.5,2183.0,2183.0,2183.0,2183.0,2183.0,2183.0,2183.0,0.0,9.54682477514295e-06,0.0,0.0,1.0,1.0,11,1,2023-11-21,2183.0
Tiruvuru APMC,Sona,2023-11-14,63.0,2200.0,2400.0,2280.0,2250.0,2300.0,2292.8571428571427,2296.428571428572,18.8982236504741,13.363062095630813,30.0,-20.0,0.994392523364486,0.9928460342146188,11,1,2023-11-21,2300.0
Karapa APMC,1001,2023-11-14,1.0,2040.0,2060.0,2050.0,2050.0,2050.0,2050.0,2050.0,1.9289570911757195e-06,0.0,0.0,0.0,1.0,1.0,11,1,2023-11-21,2050.0
Banaganapalli APMC,Sona Mahsuri,2023-11-14,0.01,2100.0,2400.0,2200.0,2200.0,2200.0,2257.1428571428573,2228.5714285714284,53.452248382485,46.88072309384939,0.0,0.0,0.9746835443037972,0.9871794871794872,11,1,2023-11-21,2300.0
Atmakur (Nandyal District) APMC,Sona Mahsuri,2023-11-14,0.01,2183.0,2183.0,2183.0,2183.0,2183.0,2183.0,2183.0,0.0,0.0,0.0,0.0,1.0,1.0,11,1,2023-11-21,2183.0
Pithapuram APMC,1001,2023-11-14,1.0,2183.0,2200.0,2193.0,2193.0,2193.0,2193.0,2193.0,0.0,0.0,0.0,0.0,1.0,1.0,11,1,2023-11-21,2193.0
Tanuku APMC,MTU-1010,2023-11-15,1.0,2020.0,2220.0,2183.0,2183.0,2183.0,2183.0,2183.0,0.0,0.0,0.0,0.0,1.0,1.0,11,2,2023-11-22,2183.0
Sampara (Kakinada Rural) APMC,Swarna Masuri (New),2023-11-15,1.0,2150.0,2215.0,2183.0,2183.0,2040.0,2101.285714285714,2070.6428571428573,76.4367151869532,60.89158984856373,0.0,143.0,1.0388877557957714,1.0542619614336473,11,2,2023-11-22,2183.0
Rajahmundry APMC,Swarna Masuri (New),2023-11-15,0.5,2203.0,2203.0,2203.0,2203.0,2203.0,2203.0,2203.0,0.0,1.877426223966805e-05,0.0,0.0,1.0,1.0,11,2,2023-11-22,2203.0
Rajahmundry APMC,Paddy,2023-11-15,0.5,2183.0,2183.0,2183.0,2183.0,2183.0,2183.0,2183.0,0.0,9.54682477514295e-06,0.0,0.0,1.0,1.0,11,2,2023-11-22,2183.0
Pithapuram APMC,1001,2023-11-15,1.0,2183.0,2200.0,2193.0,2193.0,2193.0,2193.0,2193.0,0.0,0.0,0.0,0.0,1.0,1.0,11,2,2023-11-22,2193.0
Karapa APMC,1001,2023-11-15,1.0,2040.0,2060.0,2050.0,2050.0,2050.0,2050.0,2050.0,1.9289570911757195e-06,0.0,0.0,0.0,1.0,1.0,11,2,2023-11-22,2050.0
Banaganapalli APMC,Sona Mahsuri,2023-11-15,0.01,2200.0,2400.0,2300.0,2200.0,2200.0,2257.1428571428573,2228.5714285714284,53.452248382485,46.88072309384939,100.0,100.0,1.0189873417721518,1.0320512820512822,11,2,2023-11-22,2300.0
Atmakur (Nandyal District) APMC,Sona Mahsuri,2023-11-15,0.01,2183.0,2183.0,2183.0,2183.0,2183.0,2183.0,2183.0,0.0,0.0,0.0,0.0,1.0,1.0,11,2,2023-11-22,2183.0
Peddapuram APMC,1001,2023-11-15,46.5,2183.0,2203.0,2193.0,2193.0,2193.0,2193.0,2193.6428571428573,3.869561204872095e-06,2.405351177224527,0.0,0.0,1.0,0.9997069453941584,11,2,2023-11-22,2193.0
Rajahmundry APMC,Paddy,2023-11-16,0.5,2183.0,2183.0,2183.0,2183.0,2183.0,2183.0,2183.0,0.0,9.54682477514295e-06,0.0,0.0,1.0,1.0,11,3,2023-11-23,2183.0
Tanuku APMC,MTU-1010,2023-11-16,1.0,2020.0,2200.0,2183.0,2183.0,2183.0,2183.0,2183.0,0.0,0.0,0.0,0.0,1.0,1.0,11,3,2023-11-23,2183.0
Tiruvuru APMC,Sona,2023-11-16,71.0,2200.0,2400.0,2300.0,2280.0,2300.0,2290.0,2295.0,19.14854215513904,14.005493427726943,20.0,0.0,1.004366812227074,1.002178649237473,11,3,2023-11-23,2300.0
Pithapuram APMC,1001,2023-11-16,1.0,2183.0,2200.0,2193.0,2193.0,2193.0,2193.0,2193.0,0.0,0.0,0.0,0.0,1.0,1.0,11,3,2023-11-23,2193.0
Rajahmundry APMC,Swarna Masuri (New),2023-11-16,0.5,2203.0,2203.0,2203.0,2203.0,2203.0,2203.0,2203.0,0.0,1.877426223966805e-05,0.0,0.0,1.0,1.0,11,3,2023-11-23,2203.0
Karapa APMC,1001,2023-11-16,1.0,2040.0,2060.0,2050.0,2050.0,2050.0,2050.0,2050.0,1.9289570911757195e-06,0.0,0.0,0.0,1.0,1.0,11,3,2023-11-23,2050.0
Banaganapalli APMC,Sona Mahsuri,2023-11-16,0.01,2200.0,2400.0,2300.0,2300.0,2300.0,2271.428571428572,2235.714285714286,48.79500364742671,49.72451580988452,0.0,0.0,1.0125786163522013,1.0287539936102237,11,3,2023-11-23,2300.0
Atmakur (Nandyal District) APMC,Sona Mahsuri,2023-11-16,0.01,2183.0,2183.0,2183.0,2183.0,2183.0,2183.0,2183.0,0.0,0.0,0.0,0.0,1.0,1.0,11,3,2023-11-23,2183.0
Peddapuram APMC,1001,2023-11-16,76.0,2183.0,2203.0,2193.0,2193.0,2193.0,2193.0,2193.6428571428573,3.869561204872095e-06,2.405351177224527,0.0,0.0,1.0,0.9997069453941584,11,3,2023-11-23,2193.0
Atmakur (Nandyal District) APMC,Sona Mahsuri,2023-11-17,0.01,2183.0,2183.0,2183.0,2183.0,2183.0,2183.0,2183.0,0.0,0.0,0.0,0.0,1.0,1.0,11,4,2023-11-24,2183.0
Banaganapalli APMC,Sona Mahsuri,2023-11-17,0.01,2200.0,2400.0,2300.0,2300.0,2300.0,2271.428571428572,2242.8571428571427,48.79500364742671,51.355259101309365,0.0,0.0,1.0125786163522013,1.0254777070063694,11,4,2023-11-24,2300.0
Peddapuram APMC,1001,2023-11-17,61.0,2183.0,2203.0,2193.0,2193.0,2193.0,2193.0,2193.6428571428573,3.869561204872095e-06,2.405351177224527,0.0,0.0,1.0,0.9997069453941584,11,4,2023-11-24,2193.0
Pithapuram APMC,1001,2023-11-17,1.0,2183.0,2200.0,2193.0,2193.0,2193.0,2193.0,2193.0,0.0,0.0,0.0,0.0,1.0,1.0,11,4,2023-11-24,2193.0
Rajahmundry APMC,Paddy,2023-11-17,0.5,2183.0,2183.0,2183.0,2183.0,2183.0,2183.0,2183.0,0.0,9.54682477514295e-06,0.0,0.0,1.0,1.0,11,4,2023-11-24,2183.0
Rajahmundry APMC,Swarna Masuri (New),2023-11-17,0.5,2203.0,2203.0,2203.0,2203.0,2203.0,2203.0,2203.0,0.0,1.877426223966805e-05,0.0,0.0,1.0,1.0,11,4,2023-11-24,2203.0
Tanuku APMC,MTU-1010,2023-11-17,1.0,2020.0,2200.0,2183.0,2183.0,2183.0,2183.0,2183.0,0.0,0.0,0.0,0.0,1.0,1.0,11,4,2023-11-24,2183.0
Tiruvuru APMC,Sona,2023-11-17,112.0,2200.0,2400.0,2300.0,2300.0,2300.0,2290.0,2295.0,19.14854215513904,14.005493427726943,0.0,0.0,1.004366812227074,1.002178649237473,11,4,2023-11-25,2300.0
Tiruvuru APMC,Sona,2023-11-18,55.0,2200.0,2350.0,2300.0,2300.0,2300.0,2290.0,2295.0,19.14854215513904,14.005493427726943,0.0,0.0,1.004366812227074,1.002178649237473,11,5,2023-11-25,2300.0
Tanuku APMC,MTU-1010,2023-11-18,1.0,2020.0,2200.0,2183.0,2183.0,2183.0,2183.0,2183.0,0.0,0.0,0.0,0.0,1.0,1.0,11,5,2023-11-25,2183.0
Rajahmundry APMC,Swarna Masuri (New),2023-11-18,0.5,2203.0,2203.0,2203.0,2203.0,2203.0,2203.0,2203.0,0.0,1.877426223966805e-05,0.0,0.0,1.0,1.0,11,5,2023-11-25,2203.0
Rajahmundry APMC,Paddy,2023-11-18,0.5,2183.0,2183.0,2183.0,2183.0,2183.0,2183.0,2183.0,0.0,9.54682477514295e-06,0.0,0.0,1.0,1.0,11,5,2023-11-25,2183.0
Peddapuram APMC,1001,2023-11-18,31.0,2183.0,2203.0,2193.0,2193.0,2193.0,2193.0,2193.0,3.869561204872095e-06,7.788496200541243e-06,0.0,0.0,1.0,1.0,11,5,2023-11-28,2193.0
Banaganapalli APMC,Sona Mahsuri,2023-11-18,0.01,2200.0,2400.0,2300.0,2300.0,2300.0,2271.428571428572,2250.0,48.79500364742671,51.88745216627683,0.0,0.0,1.0125786163522013,1.022222222222222,11,5,2023-11-25,2300.0
Atmakur (Nandyal District) APMC,Sona Mahsuri,2023-11-18,0.01,2183.0,2183.0,2183.0,2183.0,2183.0,2183.0,2183.0,0.0,0.0,0.0,0.0,1.0,1.0,11,5,2023-11-25,2183.0
Pithapuram APMC,1001,2023-11-18,1.0,2183.0,2200.0,2193.0,2193.0,2193.0,2193.0,2193.0,0.0,0.0,0.0,0.0,1.0,1.0,11,5,2023-11-25,2193.0
Rajahmundry APMC,Paddy,2023-11-19,0.5,2183.0,2183.0,2183.0,2183.0,2183.0,2183.0,2183.0,0.0,9.54682477514295e-06,0.0,0.0,1.0,1.0,11,6,2023-11-26,2183.0
Atmakur (Nandyal District) APMC,Sona Mahsuri,2023-11-19,0.01,2183.0,2183.0,2183.0,2183.0,2183.0,2183.0,2183.0,0.0,0.0,0.0,0.0,1.0,1.0,11,6,2023-11-26,2183.0
Banaganapalli APMC,Sona Mahsuri,2023-11-19,0.01,2200.0,2400.0,2300.0,2300.0,2300.0,2271.428571428572,2257.1428571428573,48.79500364742671,51.35525910130925,0.0,0.0,1.0125786163522013,1.0189873417721518,11,6,2023-11-26,2300.0
Karapa APMC,1001,2023-11-19,1.0,2040.0,2060.0,2050.0,2050.0,2050.0,2050.0,2050.0,1.9289570911757195e-06,0.0,0.0,0.0,1.0,1.0,11,6,2023-11-28,2050.0
Pithapuram APMC,1001,2023-11-19,1.0,2183.0,2200.0,2193.0,2193.0,2193.0,2193.0,2193.0,0.0,0.0,0.0,0.0,1.0,1.0,11,6,2023-11-26,2193.0
Rajahmundry APMC,Swarna Masuri (New),2023-11-19,0.5,2203.0,2203.0,2203.0,2203.0,2203.0,2203.0,2203.0,0.0,1.877426223966805e-05,0.0,0.0,1.0,1.0,11,6,2023-11-26,2203.0
Tanuku APMC,MTU-1010,2023-11-19,1.0,2020.0,2200.0,2183.0,2183.0,2183.0,2183.0,2183.0,0.0,0.0,0.0,0.0,1.0,1.0,11,6,2023-11-26,2183.0
Tiruvuru APMC,Sona,2023-11-19,112.0,2200.0,2400.0,2300.0,2300.0,2300.0,2290.0,2295.0,19.14854215513904,14.005493427726943,0.0,0.0,1.004366812227074,1.002178649237473,11,6,2023-11-27,2300.0
Sampara (Kakinada Rural) APMC,Swarna Masuri (New),2023-11-20,1.0,2150.0,2215.0,2183.0,2183.0,2040.0,2121.714285714286,2080.8571428571427,76.43671518695307,67.03943402420482,0.0,143.0,1.02888499865338,1.0490869147329398,11,0,2023-11-27,2183.0
Rajahmundry APMC,Swarna Masuri (New),2023-11-20,0.5,2203.0,2203.0,2203.0,2203.0,2203.0,2203.0,2203.0,0.0,1.877426223966805e-05,0.0,0.0,1.0,1.0,11,0,2023-11-27,2203.0
Tanuku APMC,MTU-1010,2023-11-20,1.0,2020.0,2200.0,2183.0,2183.0,2183.0,2183.0,2183.0,0.0,0.0,0.0,0.0,1.0,1.0,11,0,2023-11-27,2183.0
Tiruvuru APMC,Sona,2023-11-20,150.55,2200.0,2400.0,2300.0,2300.0,2300.0,2290.0,2295.0,19.14854215513904,14.005493427726943,0.0,0.0,1.004366812227074,1.002178649237473,11,0,2023-11-27,2300.0
Rajahmundry APMC,Paddy,2023-11-20,0.5,2183.0,2183.0,2183.0,2183.0,2183.0,2183.0,2183.0,0.0,9.54682477514295e-06,0.0,0.0,1.0,1.0,11,0,2023-11-27,2183.0
Banaganapalli APMC,Sona Mahsuri,2023-11-20,0.01,2200.0,2400.0,2300.0,2300.0,2200.0,2271.428571428572,2264.285714285714,48.79500364742671,49.72451580988432,0.0,100.0,1.0125786163522013,1.0157728706624607,11,0,2023-11-27,2300.0
Peddapuram APMC,1001,2023-11-20,42.8,2183.0,2203.0,2193.0,2193.0,2193.0,2193.0,2193.0,3.869561204872095e-06,7.788496200541243e-06,0.0,0.0,1.0,1.0,11,0,2023-11-28,2193.0
Karapa APMC,1001,2023-11-20,1.0,2040.0,2060.0,2050.0,2050.0,2050.0,2050.0,2050.0,1.9289570911757195e-06,0.0,0.0,0.0,1.0,1.0,11,0,2023-11-28,2050.0
Atmakur (Nandyal District) APMC,Sona Mahsuri,2023-11-20,0.01,2183.0,2183.0,2183.0,2183.0,2183.0,2183.0,2183.0,0.0,0.0,0.0,0.0,1.0,1.0,11,0,2023-11-27,2183.0
Pithapuram APMC,1001,2023-11-20,1.0,2183.0,2200.0,2193.0,2193.0,2193.0,2193.0,2193.0,0.0,0.0,0.0,0.0,1.0,1.0,11,0,2023-11-27,2193.0
Tanuku APMC,MTU-1010,2023-11-21,1.0,2020.0,2200.0,2183.0,2183.0,2183.0,2183.0,2183.0,0.0,0.0,0.0,0.0,1.0,1.0,11,1,2023-11-28,2183.0
Rajahmundry APMC,Swarna Masuri (New),2023-11-21,0.5,2203.0,2203.0,2203.0,2203.0,2203.0,2203.0,2203.0,0.0,1.877426223966805e-05,0.0,0.0,1.0,1.0,11,1,2023-11-28,2203.0
Rajahmundry APMC,Paddy,2023-11-21,0.5,2183.0,2183.0,2183.0,2183.0,2183.0,2183.0,2183.0,0.0,9.54682477514295e-06,0.0,0.0,1.0,1.0,11,1,2023-11-28,2183.0
Pithapuram APMC,1001,2023-11-21,1.0,2183.0,2200.0,2193.0,2193.0,2193.0,2193.0,2193.0,0.0,0.0,0.0,0.0,1.0,1.0,11,1,2023-11-28,2193.0
Tiruvuru APMC,Sona,2023-11-21,111.0,2200.0,2350.0,2300.0,2300.0,2250.0,2290.0,2295.0,19.14854215513904,14.005493427726943,0.0,50.0,1.004366812227074,1.002178649237473,11,1,2023-11-28,2300.0
Karapa APMC,1001,2023-11-21,1.0,2040.0,2060.0,2050.0,2050.0,2050.0,2050.0,2050.0,1.9289570911757195e-06,0.0,0.0,0.0,1.0,1.0,11,1,2023-11-28,2050.0
Banaganapalli APMC,Sona Mahsuri,2023-11-21,0.01,2200.0,2400.0,2300.0,2300.0,2200.0,2285.714285714286,2271.428571428572,37.796447300922736,46.88072309384911,0.0,100.0,1.00625,1.0125786163522013,11,1,2023-11-28,2300.0
Atmakur (Nandyal District) APMC,Sona Mahsuri,2023-11-21,0.01,2183.0,2183.0,2183.0,2183.0,2183.0,2183.0,2183.0,0.0,0.0,0.0,0.0,1.0,1.0,11,1,2023-11-28,2183.0
Peddapuram APMC,1001,2023-11-21,30.0,2183.0,2203.0,2193.0,2193.0,2193.0,2193.0,2193.0,3.869561204872095e-06,7.788496200541243e-06,0.0,0.0,1.0,1.0,11,1,2023-11-28,2193.0
Tanuku APMC,MTU-1010,2023-11-22,1.0,2020.0,2200.0,2183.0,2183.0,2183.0,2183.0,2183.0,0.0,0.0,0.0,0.0,1.0,1.0,11,2,2023-11-29,2183.0
Sampara (Kakinada Rural) APMC,Swarna Masuri (New),2023-11-22,1.0,2150.0,2215.0,2183.0,2183.0,2040.0,2142.1428571428573,2091.0714285714284,69.7768552158196,71.10605760813509,0.0,143.0,1.019073024341447,1.0439624252775406,11,2,2023-11-30,2183.0
Rajahmundry APMC,Swarna Masuri (New),2023-11-22,0.5,2203.0,2203.0,2203.0,2203.0,2203.0,2203.0,2203.0,0.0,1.877426223966805e-05,0.0,0.0,1.0,1.0,11,2,2023-11-29,2203.0
Rajahmundry APMC,Paddy,2023-11-22,0.5,2183.0,2183.0,2183.0,2183.0,2183.0,2183.0,2183.0,0.0,9.54682477514295e-06,0.0,0.0,1.0,1.0,11,2,2023-11-29,2183.0
Pithapuram APMC,1001,2023-11-22,1.0,2183.0,2200.0,2193.0,2193.0,2193.0,2193.0,2193.0,0.0,0.0,0.0,0.0,1.0,1.0,11,2,2023-11-29,2193.0
Karapa APMC,1001,2023-11-22,1.0,2040.0,2060.0,2050.0,2050.0,2050.0,2050.0,2050.0,1.9289570911757195e-06,0.0,0.0,0.0,1.0,1.0,11,2,2023-11-29,2050.0
Banaganapalli APMC,Sona Mahsuri,2023-11-22,0.01,2200.0,2400.0,2300.0,2300.0,2300.0,2300.0,2278.5714285714284,0.0,42.5815313626315,0.0,0.0,1.0,1.0094043887147337,11,2,2023-11-29,2300.0
Atmakur (Nandyal District) APMC,Sona Mahsuri,2023-11-22,0.01,2183.0,2183.0,2183.0,2183.0,2183.0,2183.0,2183.0,0.0,0.0,0.0,0.0,1.0,1.0,11,2,2023-11-29,2183.0
Peddapuram APMC,1001,2023-11-22,30.0,2183.0,2203.0,2193.0,2193.0,2193.0,2193.0,2193.0,3.869561204872095e-06,7.788496200541243e-06,0.0,0.0,1.0,1.0,11,2,2023-11-29,2193.0
Rajahmundry APMC,Swarna Masuri (New),2023-11-23,0.5,2203.0,2203.0,2203.0,2203.0,2203.0,2203.0,2203.0,0.0,1.877426223966805e-05,0.0,0.0,1.0,1.0,11,3,2023-11-30,2203.0
Tiruvuru APMC,Sona,2023-11-23,167.0,2200.0,2400.0,2300.0,2300.0,2280.0,2297.1428571428573,2295.0,7.559289460217567,14.005493427726943,0.0,20.0,1.0012437810945274,1.002178649237473,11,3,2023-11-30,2300.0
Tanuku APMC,MTU-1010,2023-11-23,1.0,2020.0,2200.0,2183.0,2183.0,2183.0,2183.0,2183.0,0.0,0.0,0.0,0.0,1.0,1.0,11,3,2023-11-30,2183.0
Rajahmundry APMC,Paddy,2023-11-23,0.5,2183.0,2183.0,2183.0,2183.0,2183.0,2183.0,2183.0,0.0,9.54682477514295e-06,0.0,0.0,1.0,1.0,11,3,2023-11-30,2183.0
Atmakur (Nandyal District) APMC,Sona Mahsuri,2023-11-23,0.01,2183.0,2183.0,2183.0,2183.0,2183.0,2183.0,2183.0,0.0,0.0,0.0,0.0,1.0,1.0,11,3,2023-11-30,2183.0
Peddapuram APMC,1001,2023-11-23,27.0,2183.0,2203.0,2193.0,2193.0,2193.0,2193.0,2193.0,3.869561204872095e-06,7.788496200541243e-06,0.0,0.0,1.0,1.0,11,3,2023-11-30,2193.0
Banaganapalli APMC,Sona Mahsuri,2023-11-23,0.01,2200.0,2400.0,2300.0,2300.0,2300.0,2300.0,2285.714285714286,0.0,36.3136519601275,0.0,0.0,1.0,1.00625,11,3,2023-11-30,2300.0
Pithapuram APMC,1001,2023-11-23,1.0,2183.0,2200.0,2193.0,2193.0,2193.0,2193.0,2193.0,0.0,0.0,0.0,0.0,1.0,1.0,11,3,2023-11-30,2193.0
Karapa APMC,1001,2023-11-23,1.0,2040.0,2060.0,2050.0,2050.0,2050.0,2050.0,2050.0,1.9289570911757195e-06,0.0,0.0,0.0,1.0,1.0,11,3,2023-11-30,2050.0
Atmakur (Nandyal District) APMC,Sona Mahsuri,2023-11-24,0.01,2183.0,2183.0,2183.0,2183.0,2183.0,2183.0,2183.0,0.0,0.0,0.0,0.0,1.0,1.0,11,4,2023-12-01,2183.0
Banaganapalli APMC,Sona Mahsuri,2023-11-24,0.01,2200.0,2400.0,2300.0,2300.0,2300.0,2300.0,2285.714285714286,0.0,36.3136519601275,0.0,0.0,1.0,1.00625,11,4,2023-12-01,2300.0
Karapa APMC,1001,2023-11-24,1.0,2040.0,2060.0,2050.0,2050.0,2050.0,2050.0,2050.0,1.9289570911757195e-06,0.0,0.0,0.0,1.0,1.0,11,4,2023-12-03,2083.0
Peddapuram APMC,1001,2023-11-24,35.5,2183.0,2203.0,2193.0,2193.0,2193.0,2193.0,2193.0,3.869561204872095e-06,7.788496200541243e-06,0.0,0.0,1.0,1.0,11,4,2023-12-01,2193.0
Pithapuram APMC,1001,2023-11-24,1.0,2183.0,2200.0,2193.0,2193.0,2193.0,2193.0,2193.0,0.0,0.0,0.0,0.0,1.0,1.0,11,4,2023-12-01,2193.0
Rajahmundry APMC,Paddy,2023-11-24,0.5,2183.0,2183.0,2183.0,2183.0,2183.0,2183.0,2183.0,0.0,9.54682477514295e-06,0.0,0.0,1.0,1.0,11,4,2023-12-01,2183.0
Rajahmundry APMC,Swarna Masuri (New),2023-11-24,0.5,2203.0,2203.0,2203.0,2203.0,2203.0,2203.0,2203.0,0.0,1.877426223966805e-05,0.0,0.0,1.0,1.0,11,4,2023-12-01,2203.0
Sampara (Kakinada Rural) APMC,Swarna Masuri (New),2023-11-24,1.0,2150.0,2215.0,2183.0,2183.0,2040.0,2162.5714285714284,2101.285714285714,54.04891964031852,73.43802051487265,0.0,143.0,1.0094464262121814,1.0388877557957714,11,4,2023-12-04,2183.0
Tanuku APMC,MTU-1010,2023-11-24,1.0,2020.0,2200.0,2183.0,2183.0,2183.0,2183.0,2183.0,0.0,0.0,0.0,0.0,1.0,1.0,11,4,2023-12-01,2183.0
Karapa APMC,1001,2023-11-25,1.0,2040.0,2060.0,2050.0,2050.0,2050.0,2050.0,2050.0,1.9289570911757195e-06,0.0,0.0,0.0,1.0,1.0,11,5,2023-12-03,2083.0
Tanuku APMC,MTU-1010,2023-11-25,1.0,2020.0,2200.0,2183.0,2183.0,2183.0,2183.0,2183.0,0.0,0.0,0.0,0.0,1.0,1.0,11,5,2023-12-04,2183.0
Rajahmundry APMC,Swarna Masuri (New),2023-11-25,0.5,2203.0,2203.0,2203.0,2203.0,2203.0,2203.0,2203.0,0.0,1.877426223966805e-05,0.0,0.0,1.0,1.0,11,5,2023-12-02,2203.0
Rajahmundry APMC,Paddy,2023-11-25,0.5,2183.0,2183.0,2183.0,2183.0,2183.0,2183.0,2183.0,0.0,9.54682477514295e-06,0.0,0.0,1.0,1.0,11,5,2023-12-02,2183.0
Banaganapalli APMC,Sona Mahsuri,2023-11-25,0.01,2200.0,2400.0,2300.0,2300.0,2300.0,2300.0,2285.714285714286,0.0,36.3136519601275,0.0,0.0,1.0,1.00625,11,5,2023-12-02,2300.0
Atmakur (Nandyal District) APMC,Sona Mahsuri,2023-11-25,0.01,2183.0,2183.0,2183.0,2183.0,2183.0,2183.0,2183.0,0.0,0.0,0.0,0.0,1.0,1.0,11,5,2023-12-03,2183.0
Pithapuram APMC,1001,2023-11-25,1.0,2183.0,2200.0,2193.0,2193.0,2193.0,2193.0,2193.0,0.0,0.0,0.0,0.0,1.0,1.0,11,5,2023-12-02,2193.0
Rajahmundry APMC,Swarna Masuri (New),2023-11-26,0.5,2203.0,2203.0,2203.0,2203.0,2203.0,2203.0,2203.0,0.0,1.877426223966805e-05,0.0,0.0,1.0,1.0,11,6,2023-12-03,2203.0
Atmakur (Nandyal District) APMC,Sona Mahsuri,2023-11-26,0.01,2183.0,2183.0,2183.0,2183.0,2183.0,2183.0,2183.0,0.0,0.0,0.0,0.0,1.0,1.0,11,6,2023-12-03,2183.0
Banaganapalli APMC,Sona Mahsuri,2023-11-26,0.01,2200.0,2400.0,2300.0,2300.0,2300.0,2300.0,2285.714285714286,0.0,36.3136519601275,0.0,0.0,1.0,1.00625,11,6,2023-12-03,2300.0
Pithapuram APMC,1001,2023-11-26,1.0,2183.0,2200.0,2193.0,2193.0,2193.0,2193.0,2193.0,0.0,0.0,0.0,0.0,1.0,1.0,11,6,2023-12-03,2193.0
Rajahmundry APMC,Paddy,2023-11-26,0.5,2183.0,2183.0,2183.0,2183.0,2183.0,2183.0,2183.0,0.0,9.54682477514295e-06,0.0,0.0,1.0,1.0,11,6,2023-12-03,2183.0
Tanuku APMC,MTU-1010,2023-11-26,1.0,2020.0,2200.0,2183.0,2183.0,2183.0,2183.0,2183.0,0.0,0.0,0.0,0.0,1.0,1.0,11,6,2023-12-04,2183.0
Sampara (Kakinada Rural) APMC,Swarna Masuri (New),2023-11-27,1.0,2150.0,2215.0,2183.0,2183.0,2183.0,2183.0,2111.5,0.0,74.19905659777622,0.0,0.0,1.0,1.033862183282027,11,0,2023-12-04,2183.0
Tanuku APMC,MTU-1010,2023-11-27,1.0,2020.0,2200.0,2183.0,2183.0,2183.0,2183.0,2183.0,0.0,0.0,0.0,0.0,1.0,1.0,11,0,2023-12-04,2183.0
Rajahmundry APMC,Swarna Masuri (New),2023-11-27,0.5,2203.0,2203.0,2203.0,2203.0,2203.0,2203.0,2203.0,0.0,1.877426223966805e-05,0.0,0.0,1.0,1.0,11,0,2023-12-04,2203.0
Banaganapalli APMC,Sona Mahsuri,2023-11-27,0.01,2200.0,2400.0,2300.0,2300.0,2300.0,2300.0,2285.714285714286,0.0,36.3136519601275,0.0,0.0,1.0,1.00625,11,0,2023-12-04,2300.0
Pithapuram APMC,1001,2023-11-27,1.0,2183.0,2200.0,2193.0,2193.0,2193.0,2193.0,2193.0,0.0,0.0,0.0,0.0,1.0,1.0,11,0,2023-12-04,2193.0
Rajahmundry APMC,Paddy,2023-11-27,0.5,2183.0,2183.0,2183.0,2183.0,2183.0,2183.0,2183.0,0.0,9.54682477514295e-06,0.0,0.0,1.0,1.0,11,0,2023-12-04,2183.0
Atmakur (Nandyal District) APMC,Sona Mahsuri,2023-11-27,0.01,2183.0,2183.0,2183.0,2183.0,2183.0,2183.0,2183.0,0.0,0.0,0.0,0.0,1.0,1.0,11,0,2023-12-04,2183.0
Sampara (Kakinada Rural) APMC,Swarna Masuri (New),2023-11-28,1.0,2150.0,2215.0,2183.0,2183.0,2183.0,2183.0,2121.714285714286,0.0,73.43802051487265,0.0,0.0,1.0,1.02888499865338,11,1,2023-12-07,2183.0
Rajahmundry APMC,Swarna Masuri (New),2023-11-28,0.5,2203.0,2203.0,2203.0,2203.0,2203.0,2203.0,2203.0,0.0,1.877426223966805e-05,0.0,0.0,1.0,1.0,11,1,2023-12-06,2203.0
Rajahmundry APMC,Paddy,2023-11-28,0.5,2183.0,2183.0,2183.0,2183.0,2183.0,2183.0,2183.0,0.0,9.54682477514295e-06,0.0,0.0,1.0,1.0,11,1,2023-12-06,2183.0
Pithapuram APMC,1001,2023-11-28,1.0,2183.0,2200.0,2193.0,2193.0,2193.0,2193.0,2193.0,0.0,0.0,0.0,0.0,1.0,1.0,11,1,2023-12-05,2193.0
Tanuku APMC,MTU-1010,2023-11-28,1.0,2020.0,2200.0,2183.0,2183.0,2183.0,2183.0,2183.0,0.0,0.0,0.0,0.0,1.0,1.0,11,1,2023-12-05,2183.0
Karapa APMC,1001,2023-11-28,1.0,2040.0,2060.0,2050.0,2050.0,2050.0,2050.0,2050.0,1.9289570911757195e-06,0.0,0.0,0.0,1.0,1.0,11,1,2023-12-05,2100.0
Banaganapalli APMC,Sona Mahsuri,2023-11-28,0.01,2200.0,2400.0,2300.0,2300.0,2300.0,2300.0,2292.8571428571427,0.0,26.726124191241546,0.0,0.0,1.0,1.003115264797508,11,1,2023-12-05,2300.0
Atmakur (Nandyal District) APMC,Sona Mahsuri,2023-11-28,0.01,2183.0,2183.0,2183.0,2183.0,2183.0,2183.0,2183.0,0.0,0.0,0.0,0.0,1.0,1.0,11,1,2023-12-05,2183.0
Peddapuram APMC,1001,2023-11-28,132.8,2183.0,2203.0,2193.0,2193.0,2193.0,2193.0,2193.0,3.869561204872095e-06,7.788496200541243e-06,0.0,0.0,1.0,1.0,11,1,2023-12-05,2193.0
Atmakur (Nandyal District) APMC,Sona Mahsuri,2023-11-29,0.01,2183.0,2183.0,2183.0,2183.0,2183.0,2183.0,2183.0,0.0,0.0,0.0,0.0,1.0,1.0,11,2,2023-12-06,2183.0
Banaganapalli APMC,Sona Mahsuri,2023-11-29,0.01,2200.0,2400.0,2300.0,2300.0,2300.0,2300.0,2300.0,0.0,0.0,0.0,0.0,1.0,1.0,11,2,2023-12-06,2300.0
Karapa APMC,1001,2023-11-29,1.0,2040.0,2060.0,2050.0,2050.0,2050.0,2050.0,2050.0,1.9289570911757195e-06,0.0,0.0,0.0,1.0,1.0,11,2,2023-12-06,2100.0
Peddapuram APMC,1001,2023-11-29,59.7,2183.0,2203.0,2193.0,2193.0,2193.0,2193.0,2193.0,3.869561204872095e-06,7.788496200541243e-06,0.0,0.0,1.0,1.0,11,2,2023-12-06,2193.0
Pithapuram APMC,1001,2023-11-29,1.0,2183.0,2200.0,2193.0,2193.0,2193.0,2193.0,2193.0,0.0,0.0,0.0,0.0,1.0,1.0,11,2,2023-12-06,2193.0
Rajahmundry APMC,Paddy,2023-11-29,0.5,2183.0,2183.0,2183.0,2183.0,2183.0,2183.0,2183.0,0.0,9.54682477514295e-06,0.0,0.0,1.0,1.0,11,2,2023-12-06,2183.0
Rajahmundry APMC,Swarna Masuri (New),2023-11-29,0.5,2203.0,2203.0,2203.0,2203.0,2203.0,2203.0,2203.0,0.0,1.877426223966805e-05,0.0,0.0,1.0,1.0,11,2,2023-12-06,2203.0
Tanuku APMC,MTU-1010,2023-11-29,1.0,2020.0,2200.0,2183.0,2183.0,2183.0,2183.0,2183.0,0.0,0.0,0.0,0.0,1.0,1.0,11,2,2023-12-06,2183.0
Rajahmundry APMC,Swarna Masuri (New),2023-11-30,0.5,2203.0,2203.0,2203.0,2203.0,2203.0,2203.0,2203.0,0.0,1.877426223966805e-05,0.0,0.0,1.0,1.0,11,3,2023-12-07,2203.0
Sampara (Kakinada Rural) APMC,Swarna Masuri (New),2023-11-30,1.0,2150.0,2215.0,2183.0,2183.0,2183.0,2183.0,2131.928571428572,0.0,71.10605760813509,0.0,0.0,1.0,1.0239555064160553,11,3,2023-12-07,2183.0
Rajahmundry APMC,Paddy,2023-11-30,0.5,2183.0,2183.0,2183.0,2183.0,2183.0,2183.0,2183.0,0.0,9.54682477514295e-06,0.0,0.0,1.0,1.0,11,3,2023-12-07,2183.0
Tanuku APMC,MTU-1010,2023-11-30,1.0,2020.0,2200.0,2183.0,2183.0,2183.0,2183.0,2183.0,0.0,0.0,0.0,0.0,1.0,1.0,11,3,2023-12-07,2183.0
Peddapuram APMC,1001,2023-11-30,37.7,2183.0,2203.0,2193.0,2193.0,2193.0,2193.0,2193.0,3.869561204872095e-06,7.788496200541243e-06,0.0,0.0,1.0,1.0,11,3,2023-12-08,2193.0
Banaganapalli APMC,Sona Mahsuri,2023-11-30,0.01,2200.0,2400.0,2300.0,2300.0,2300.0,2300.0,2300.0,0.0,0.0,0.0,0.0,1.0,1.0,11,3,2023-12-07,2300.0
Atmakur (Nandyal District) APMC,Sona Mahsuri,2023-11-30,0.01,2183.0,2183.0,2183.0,2183.0,2183.0,2183.0,2183.0,0.0,0.0,0.0,0.0,1.0,1.0,11,3,2023-12-07,2183.0
Pithapuram APMC,1001,2023-11-30,1.0,2183.0,2200.0,2193.0,2193.0,2193.0,2193.0,2193.0,0.0,0.0,0.0,0.0,1.0,1.0,11,3,2023-12-07,2193.0
Tanuku APMC,MTU-1010,2023-12-01,1.0,2020.0,2200.0,2183.0,2183.0,2183.0,2183.0,2183.0,0.0,0.0,0.0,0.0,1.0,1.0,12,4,2023-12-08,2183.0
Rajahmundry APMC,Swarna Masuri (New),2023-12-01,0.5,2203.0,2203.0,2203.0,2203.0,2203.0,2203.0,2203.0,0.0,1.877426223966805e-05,0.0,0.0,1.0,1.0,12,4,2023-12-08,2203.0
Rajahmundry APMC,Paddy,2023-12-01,0.5,2183.0,2183.0,2183.0,2183.0,2183.0,2183.0,2183.0,0.0,9.54682477514295e-06,0.0,0.0,1.0,1.0,12,4,2023-12-08,2183.0
Banaganapalli APMC,Sona Mahsuri,2023-12-01,0.01,2200.0,2400.0,2300.0,2300.0,2300.0,2300.0,2300.0,0.0,0.0,0.0,0.0,1.0,1.0,12,4,2023-12-08,2300.0
Peddapuram APMC,1001,2023-12-01,93.9,2183.0,2203.0,2193.0,2193.0,2193.0,2193.0,2193.0,3.869561204872095e-06,7.788496200541243e-06,0.0,0.0,1.0,1.0,12,4,2023-12-08,2193.0
Pithapuram APMC,1001,2023-12-01,1.0,2183.0,2200.0,2193.0,2193.0,2193.0,2193.0,2193.0,0.0,0.0,0.0,0.0,1.0,1.0,12,4,2023-12-08,2193.0
Atmakur (Nandyal District) APMC,Sona Mahsuri,2023-12-01,0.01,2183.0,2183.0,2183.0,2183.0,2183.0,2183.0,2183.0,0.0,0.0,0.0,0.0,1.0,1.0,12,4,2023-12-08,2183.0
Banaganapalli APMC,Sona Mahsuri,2023-12-02,0.01,2200.0,2400.0,2300.0,2300.0,2300.0,2300.0,2300.0,0.0,0.0,0.0,0.0,1.0,1.0,12,5,2023-12-09,2300.0
Peddapuram APMC,1001,2023-12-02,153.9,2183.0,2203.0,2193.0,2193.0,2193.0,2193.0,2193.0,3.869561204872095e-06,7.788496200541243e-06,0.0,0.0,1.0,1.0,12,5,2023-12-12,2193.0
Pithapuram APMC,1001,2023-12-02,1.0,2183.0,2200.0,2193.0,2193.0,2193.0,2193.0,2193.0,0.0,0.0,0.0,0.0,1.0,1.0,12,5,2023-12-09,2193.0
Rajahmundry APMC,Paddy,2023-12-02,0.5,2183.0,2183.0,2183.0,2183.0,2183.0,2183.0,2183.0,0.0,9.54682477514295e-06,0.0,0.0,1.0,1.0,12,5,2023-12-09,2183.0
Rajahmundry APMC,Swarna Masuri (New),2023-12-02,0.5,2203.0,2203.0,2203.0,2203.0,2203.0,2203.0,2203.0,0.0,1.877426223966805e-05,0.0,0.0,1.0,1.0,12,5,2023-12-09,2203.0
Rajahmundry APMC,Paddy,2023-12-03,0.5,2183.0,2183.0,2183.0,2183.0,2183.0,2183.0,2183.0,0.0,9.54682477514295e-06,0.0,0.0,1.0,1.0,12,6,2023-12-11,2183.0
Rajahmundry APMC,Swarna Masuri (New),2023-12-03,0.5,2203.0,2203.0,2203.0,2203.0,2203.0,2203.0,2203.0,0.0,1.877426223966805e-05,0.0,0.0,1.0,1.0,12,6,2023-12-11,2203.0
Pithapuram APMC,1001,2023-12-03,1.0,2183.0,2200.0,2193.0,2193.0,2193.0,2193.0,2193.0,0.0,0.0,0.0,0.0,1.0,1.0,12,6,2023-12-10,2193.0
Banaganapalli APMC,Sona Mahsuri,2023-12-03,0.01,2200.0,2400.0,2300.0,2300.0,2300.0,2300.0,2300.0,0.0,0.0,0.0,0.0,1.0,1.0,12,6,2023-12-10,2300.0
Atmakur (Nandyal District) APMC,Sona Mahsuri,2023-12-03,0.01,2183.0,2183.0,2183.0,2183.0,2183.0,2183.0,2183.0,0.0,0.0,0.0,0.0,1.0,1.0,12,6,2023-12-10,2183.0
Karapa APMC,1001,2023-12-03,1.0,2080.0,2183.0,2083.0,2050.0,2050.0,2050.0,2050.0,1.9289570911757195e-06,0.0,33.0,33.0,1.0160975609756098,1.0160975609756098,12,6,2023-12-15,2100.0
Atmakur (Nandyal District) APMC,Sona Mahsuri,2023-12-04,0.01,2183.0,2183.0,2183.0,2183.0,2183.0,2183.0,2183.0,0.0,0.0,0.0,0.0,1.0,1.0,12,0,2023-12-11,2183.0
Banaganapalli APMC,Sona Mahsuri,2023-12-04,0.01,2200.0,2400.0,2300.0,2300.0,2300.0,2300.0,2300.0,0.0,0.0,0.0,0.0,1.0,1.0,12,0,2023-12-11,2300.0
Karapa APMC,1001,2023-12-04,1.0,2080.0,2183.0,2100.0,2083.0,2050.0,2054.714285714286,2052.3571428571427,12.47282760930482,8.819620983110033,17.0,50.0,1.0220399082249878,1.0232137263773362,12,0,2023-12-15,2100.0
Peddapuram APMC,1001,2023-12-04,109.0,2183.0,2203.0,2193.0,2193.0,2193.0,2193.0,2193.0,3.869561204872095e-06,7.788496200541243e-06,0.0,0.0,1.0,1.0,12,0,2023-12-12,2193.0
Pithapuram APMC,1001,2023-12-04,1.0,2183.0,2200.0,2193.0,2193.0,2193.0,2193.0,2193.0,0.0,0.0,0.0,0.0,1.0,1.0,12,0,2023-12-11,2193.0
Rajahmundry APMC,Paddy,2023-12-04,0.5,2183.0,2183.0,2183.0,2183.0,2183.0,2183.0,2183.0,0.0,9.54682477514295e-06,0.0,0.0,1.0,1.0,12,0,2023-12-11,2183.0
Rajahmundry APMC,Swarna Masuri (New),2023-12-04,0.5,2203.0,2203.0,2203.0,2203.0,2203.0,2203.0,2203.0,0.0,1.877426223966805e-05,0.0,0.0,1.0,1.0,12,0,2023-12-11,2203.0
Tanuku APMC,MTU-1010,2023-12-04,1.0,2020.0,2200.0,2183.0,2183.0,2183.0,2183.0,2183.0,0.0,0.0,0.0,0.0,1.0,1.0,12,0,2023-12-11,2183.0
Pithapuram APMC,1001,2023-12-05,1.0,2183.0,2200.0,2193.0,2193.0,2193.0,2193.0,2193.0,0.0,0.0,0.0,0.0,1.0,1.0,12,1,2023-12-12,2193.0
Tanuku APMC,MTU-1010,2023-12-05,1.0,2020.0,2200.0,2183.0,2183.0,2183.0,2183.0,2183.0,0.0,0.0,0.0,0.0,1.0,1.0,12,1,2023-12-12,2183.0
Peddapuram APMC,1001,2023-12-05,21.0,2183.0,2203.0,2193.0,2193.0,2193.0,2193.0,2193.0,3.869561204872095e-06,7.788496200541243e-06,0.0,0.0,1.0,1.0,12,1,2023-12-12,2193.0
Banaganapalli APMC,Sona Mahsuri,2023-12-05,0.01,2200.0,2400.0,2300.0,2300.0,2300.0,2300.0,2300.0,0.0,0.0,0.0,0.0,1.0,1.0,12,1,2023-12-12,2300.0
Atmakur (Nandyal District) APMC,Sona Mahsuri,2023-12-05,0.01,2183.0,2183.0,2183.0,2183.0,2183.0,2183.0,2183.0,0.0,0.0,0.0,0.0,1.0,1.0,12,1,2023-12-14,2183.0
Karapa APMC,1001,2023-12-05,1.0,2040.0,2183.0,2100.0,2100.0,2050.0,2061.8571428571427,2055.928571428572,20.83609505504499,15.43454808944127,0.0,50.0,1.0184992725005195,1.0214362644616612,12,1,2023-12-15,2100.0
Atmakur (Nandyal District) APMC,Sona Mahsuri,2023-12-06,0.01,2183.0,2183.0,2183.0,2183.0,2183.0,2183.0,2183.0,0.0,0.0,0.0,0.0,1.0,1.0,12,2,2023-12-14,2183.0
Banaganapalli APMC,Sona Mahsuri,2023-12-06,0.01,2200.0,2400.0,2300.0,2300.0,2300.0,2300.0,2300.0,0.0,0.0,0.0,0.0,1.0,1.0,12,2,2023-12-14,2400.0
Karapa APMC,1001,2023-12-06,1.0,2100.0,2183.0,2100.0,2100.0,2050.0,2069.0,2059.5,24.3652758380997,19.266351696476047,0.0,50.0,1.0149830836152731,1.0196649672250546,12,2,2023-12-15,2100.0
Peddapuram APMC,1001,2023-12-06,30.0,2183.0,2203.0,2193.0,2193.0,2193.0,2193.0,2193.0,3.869561204872095e-06,7.788496200541243e-06,0.0,0.0,1.0,1.0,12,2,2023-12-13,2193.0
Pithapuram APMC,1001,2023-12-06,1.0,2183.0,2200.0,2193.0,2193.0,2193.0,2193.0,2193.0,0.0,0.0,0.0,0.0,1.0,1.0,12,2,2023-12-13,2193.0
Rajahmundry APMC,Paddy,2023-12-06,0.5,2183.0,2183.0,2183.0,2183.0,2183.0,2183.0,2183.0,0.0,9.54682477514295e-06,0.0,0.0,1.0,1.0,12,2,2023-12-13,2183.0
Rajahmundry APMC,Swarna Masuri (New),2023-12-06,0.5,2203.0,2203.0,2203.0,2203.0,2203.0,2203.0,2203.0,0.0,1.877426223966805e-05,0.0,0.0,1.0,1.0,12,2,2023-12-13,2203.0
Tanuku APMC,MTU-1010,2023-12-06,1.0,2020.0,2200.0,2183.0,2183.0,2183.0,2183.0,2183.0,0.0,0.0,0.0,0.0,1.0,1.0,12,2,2023-12-13,2183.0
Tanuku APMC,MTU-1010,2023-12-07,1.0,2020.0,2200.0,2183.0,2183.0,2183.0,2183.0,2183.0,0.0,0.0,0.0,0.0,1.0,1.0,12,3,2023-12-15,2183.0
Sampara (Kakinada Rural) APMC,Swarna Masuri (New),2023-12-07,1.0,2183.0,2193.0,2183.0,2183.0,2183.0,2183.0,2152.3571428571427,0.0,60.89158984856373,0.0,0.0,1.0,1.0142368831513624,12,3,2023-12-19,2183.0
Rajahmundry APMC,Swarna Masuri (New),2023-12-07,0.5,2203.0,2203.0,2203.0,2203.0,2203.0,2203.0,2203.0,0.0,1.877426223966805e-05,0.0,0.0,1.0,1.0,12,3,2023-12-14,2203.0
Banaganapalli APMC,Sona Mahsuri,2023-12-07,0.01,2200.0,2400.0,2300.0,2300.0,2300.0,2300.0,2300.0,0.0,0.0,0.0,0.0,1.0,1.0,12,3,2023-12-14,2400.0
Pithapuram APMC,1001,2023-12-07,1.0,2183.0,2200.0,2193.0,2193.0,2193.0,2193.0,2193.0,0.0,0.0,0.0,0.0,1.0,1.0,12,3,2023-12-14,2193.0
Atmakur (Nandyal District) APMC,Sona Mahsuri,2023-12-07,0.01,2183.0,2183.0,2183.0,2183.0,2183.0,2183.0,2183.0,0.0,0.0,0.0,0.0,1.0,1.0,12,3,2023-12-14,2183.0
Rajahmundry APMC,Paddy,2023-12-07,0.5,2183.0,2183.0,2183.0,2183.0,2183.0,2183.0,2183.0,0.0,9.54682477514295e-06,0.0,0.0,1.0,1.0,12,3,2023-12-14,2183.0
Sampara (Kakinada Rural) APMC,Swarna Masuri (New),2023-12-08,1.0,2183.0,2193.0,2183.0,2183.0,2183.0,2183.0,2162.5714285714284,0.0,51.92852230298323,0.0,0.0,1.0,1.0094464262121814,12,4,2023-12-19,2183.0
Atmakur (Nandyal District) APMC,Sona Mahsuri,2023-12-08,0.01,2183.0,2183.0,2183.0,2183.0,2183.0,2183.0,2183.0,0.0,0.0,0.0,0.0,1.0,1.0,12,4,2023-12-15,2183.0
Banaganapalli APMC,Sona Mahsuri,2023-12-08,0.01,2200.0,2400.0,2300.0,2300.0,2300.0,2300.0,2300.0,0.0,0.0,0.0,0.0,1.0,1.0,12,4,2023-12-15,2400.0
Peddapuram APMC,1001,2023-12-08,80.0,2183.0,2203.0,2193.0,2193.0,2193.0,2193.0,2193.0,3.869561204872095e-06,7.788496200541243e-06,0.0,0.0,1.0,1.0,12,4,2023-12-15,2193.0
Pithapuram APMC,1001,2023-12-08,1.0,2183.0,2200.0,2193.0,2193.0,2193.0,2193.0,2193.0,0.0,0.0,0.0,0.0,1.0,1.0,12,4,2023-12-15,2193.0
Rajahmundry APMC,Paddy,2023-12-08,0.5,2183.0,2183.0,2183.0,2183.0,2183.0,2183.0,2183.0,0.0,9.54682477514295e-06,0.0,0.0,1.0,1.0,12,4,2023-12-15,2183.0
Rajahmundry APMC,Swarna Masuri (New),2023-12-08,0.5,2203.0,2203.0,2203.0,2203.0,2203.0,2203.0,2203.0,0.0,1.877426223966805e-05,0.0,0.0,1.0,1.0,12,4,2023-12-15,2203.0
Tanuku APMC,MTU-1010,2023-12-08,1.0,2020.0,2200.0,2183.0,2183.0,2183.0,2183.0,2183.0,0.0,0.0,0.0,0.0,1.0,1.0,12,4,2023-12-15,2183.0
Banaganapalli APMC,Sona Mahsuri,2023-12-09,0.01,2200.0,2400.0,2300.0,2300.0,2300.0,2300.0,2300.0,0.0,0.0,0.0,0.0,1.0,1.0,12,5,2023-12-16,2400.0
Tanuku APMC,MTU-1010,2023-12-09,1.0,2020.0,2200.0,2185.0,2183.0,2183.0,2183.0,2183.0,0.0,0.0,2.0,2.0,1.000916170407696,1.000916170407696,12,5,2023-12-16,2183.0
Rajahmundry APMC,Swarna Masuri (New),2023-12-09,0.5,2203.0,2203.0,2203.0,2203.0,2203.0,2203.0,2203.0,0.0,1.877426223966805e-05,0.0,0.0,1.0,1.0,12,5,2023-12-16,2203.0
Atmakur (Nandyal District) APMC,Sona Mahsuri,2023-12-09,0.01,2183.0,2183.0,2183.0,2183.0,2183.0,2183.0,2183.0,0.0,0.0,0.0,0.0,1.0,1.0,12,5,2023-12-16,2183.0
Pithapuram APMC,1001,2023-12-09,1.0,2183.0,2200.0,2193.0,2193.0,2193.0,2193.0,2193.0,0.0,0.0,0.0,0.0,1.0,1.0,12,5,2023-12-16,2193.0
Rajahmundry APMC,Paddy,2023-12-09,0.5,2183.0,2183.0,2183.0,2183.0,2183.0,2183.0,2183.0,0.0,9.54682477514295e-06,0.0,0.0,1.0,1.0,12,5,2023-12-16,2183.0
Atmakur (Nandyal District) APMC,Sona Mahsuri,2023-12-10,0.01,2183.0,2183.0,2183.0,2183.0,2183.0,2183.0,2183.0,0.0,0.0,0.0,0.0,1.0,1.0,12,6,2023-12-17,2183.0
Banaganapalli APMC,Sona Mahsuri,2023-12-10,0.01,2200.0,2400.0,2300.0,2300.0,2300.0,2300.0,2300.0,0.0,0.0,0.0,0.0,1.0,1.0,12,6,2023-12-17,2400.0
Pithapuram APMC,1001,2023-12-10,1.0,2183.0,2200.0,2193.0,2193.0,2193.0,2193.0,2193.0,0.0,0.0,0.0,0.0,1.0,1.0,12,6,2023-12-17,2193.0
Tanuku APMC,MTU-1010,2023-12-10,1.0,2020.0,2210.0,2190.0,2185.0,2183.0,2183.285714285714,2183.1428571428573,0.7559289460184687,0.5345224838248207,5.0,7.0,1.003075312438657,1.0031409501374164,12,6,2023-12-17,2183.0
Atmakur (Nandyal District) APMC,Sona Mahsuri,2023-12-11,0.01,2183.0,2183.0,2183.0,2183.0,2183.0,2183.0,2183.0,0.0,0.0,0.0,0.0,1.0,1.0,12,0,2023-12-18,2183.0
Banaganapalli APMC,Sona Mahsuri,2023-12-11,0.01,2200.0,2400.0,2300.0,2300.0,2300.0,2300.0,2300.0,0.0,0.0,0.0,0.0,1.0,1.0,12,0,2023-12-18,2400.0
Pithapuram APMC,1001,2023-12-11,1.0,2183.0,2200.0,2193.0,2193.0,2193.0,2193.0,2193.0,0.0,0.0,0.0,0.0,1.0,1.0,12,0,2023-12-18,2193.0
Rajahmundry APMC,Paddy,2023-12-11,0.5,2183.0,2183.0,2183.0,2183.0,2183.0,2183.0,2183.0,0.0,9.54682477514295e-06,0.0,0.0,1.0,1.0,12,0,2023-12-18,2183.0
Rajahmundry APMC,Swarna Masuri (New),2023-12-11,0.5,2203.0,2203.0,2203.0,2203.0,2203.0,2203.0,2203.0,0.0,1.877426223966805e-05,0.0,0.0,1.0,1.0,12,0,2023-12-18,2203.0
Tanuku APMC,MTU-1010,2023-12-11,1.0,2020.0,2200.0,2183.0,2190.0,2183.0,2184.285714285714,2183.6428571428573,2.6276913640612944,1.9057460827371464,-7.0,0.0,0.9994113799869196,0.9997056033495796,12,0,2023-12-18,2183.0
Tanuku APMC,MTU-1010,2023-12-12,1.0,2020.0,2200.0,2183.0,2183.0,2183.0,2184.285714285714,2183.6428571428573,2.6276913640612944,1.9057460827371464,0.0,0.0,0.9994113799869196,0.9997056033495796,12,1,2023-12-26,2183.0
Rajahmundry APMC,Swarna Masuri (New),2023-12-12,0.5,2203.0,2203.0,2203.0,2203.0,2203.0,2203.0,2203.0,0.0,1.877426223966805e-05,0.0,0.0,1.0,1.0,12,1,2023-12-19,2203.0
Rajahmundry APMC,Paddy,2023-12-12,0.5,2183.0,2183.0,2183.0,2183.0,2183.0,2183.0,2183.0,0.0,9.54682477514295e-06,0.0,0.0,1.0,1.0,12,1,2023-12-19,2183.0
Banaganapalli APMC,Sona Mahsuri,2023-12-12,0.01,2200.0,2400.0,2300.0,2300.0,2300.0,2300.0,2300.0,0.0,0.0,0.0,0.0,1.0,1.0,12,1,2023-12-19,2400.0
Peddapuram APMC,1001,2023-12-12,0.8,2183.0,2203.0,2193.0,2193.0,2193.0,2193.0,2193.0,3.869561204872095e-06,7.788496200541243e-06,0.0,0.0,1.0,1.0,12,1,2023-12-19,2193.0
Pithapuram APMC,1001,2023-12-12,1.0,2183.0,2200.0,2193.0,2193.0,2193.0,2193.0,2193.0,0.0,0.0,0.0,0.0,1.0,1.0,12,1,2023-12-19,2193.0
Peddapuram APMC,1001,2023-12-13,8.0,2183.0,2203.0,2193.0,2193.0,2193.0,2193.0,2193.0,3.869561204872095e-06,7.788496200541243e-06,0.0,0.0,1.0,1.0,12,2,2023-12-22,2193.0
Pithapuram APMC,1001,2023-12-13,1.0,2183.0,2200.0,2193.0,2193.0,2193.0,2193.0,2193.0,0.0,0.0,0.0,0.0,1.0,1.0,12,2,2023-12-20,2193.0
Rajahmundry APMC,Paddy,2023-12-13,0.5,2183.0,2183.0,2183.0,2183.0,2183.0,2183.0,2183.0,0.0,9.54682477514295e-06,0.0,0.0,1.0,1.0,12,2,2023-12-22,2183.0
Rajahmundry APMC,Swarna Masuri (New),2023-12-13,0.5,2203.0,2203.0,2203.0,2203.0,2203.0,2203.0,2203.0,0.0,1.877426223966805e-05,0.0,0.0,1.0,1.0,12,2,2023-12-22,2203.0
Tanuku APMC,MTU-1010,2023-12-13,1.0,2020.0,2200.0,2183.0,2183.0,2183.0,2184.285714285714,2183.6428571428573,2.6276913640612944,1.9057460827371464,0.0,0.0,0.9994113799869196,0.9997056033495796,12,2,2023-12-26,2183.0
Rajahmundry APMC,Swarna Masuri (New),2023-12-14,0.5,2203.0,2203.0,2203.0,2203.0,2203.0,2203.0,2203.0,0.0,1.877426223966805e-05,0.0,0.0,1.0,1.0,12,3,2023-12-22,2203.0
Pithapuram APMC,1001,2023-12-14,1.0,2183.0,2200.0,2193.0,2193.0,2193.0,2193.0,2193.0,0.0,0.0,0.0,0.0,1.0,1.0,12,3,2023-12-21,2193.0
Rajahmundry APMC,Paddy,2023-12-14,0.5,2183.0,2183.0,2183.0,2183.0,2183.0,2183.0,2183.0,0.0,9.54682477514295e-06,0.0,0.0,1.0,1.0,12,3,2023-12-22,2183.0
Banaganapalli APMC,Sona Mahsuri,2023-12-14,0.01,2200.0,2500.0,2400.0,2300.0,2300.0,2300.0,2300.0,0.0,0.0,100.0,100.0,1.0434782608695652,1.0434782608695652,12,3,2023-12-21,2400.0
Atmakur (Nandyal District) APMC,Sona Mahsuri,2023-12-14,0.01,2183.0,2183.0,2183.0,2183.0,2183.0,2183.0,2183.0,0.0,0.0,0.0,0.0,1.0,1.0,12,3,2023-12-21,2183.0
Peddapuram APMC,1001,2023-12-14,16.0,2183.0,2203.0,2193.0,2193.0,2193.0,2193.0,2193.0,3.869561204872095e-06,7.788496200541243e-06,0.0,0.0,1.0,1.0,12,3,2023-12-22,2193.0
Atmakur (Nandyal District) APMC,Sona Mahsuri,2023-12-15,0.01,2183.0,2183.0,2183.0,2183.0,2183.0,2183.0,2183.0,0.0,0.0,0.0,0.0,1.0,1.0,12,4,2023-12-22,2183.0
Banaganapalli APMC,Sona Mahsuri,2023-12-15,0.01,2200.0,2500.0,2400.0,2400.0,2300.0,2314.285714285714,2307.1428571428573,37.796447300922736,26.72612419124241,0.0,100.0,1.037037037037037,1.040247678018576,12,4,2023-12-22,2400.0
Karapa APMC,1001,2023-12-15,1.0,2090.0,2183.0,2100.0,2100.0,2050.0,2076.1428571428573,2063.0714285714284,25.182193255212795,21.833158571008653,0.0,50.0,1.011491089245166,1.0178998026520791,12,4,2023-12-22,2100.0
Peddapuram APMC,1001,2023-12-15,6.8,2183.0,2203.0,2193.0,2193.0,2193.0,2193.0,2193.0,3.869561204872095e-06,7.788496200541243e-06,0.0,0.0,1.0,1.0,12,4,2023-12-22,2193.0
Pithapuram APMC,1001,2023-12-15,1.0,2183.0,2200.0,2193.0,2193.0,2193.0,2193.0,2193.0,0.0,0.0,0.0,0.0,1.0,1.0,12,4,2023-12-22,2193.0
Rajahmundry APMC,Paddy,2023-12-15,0.5,2183.0,2183.0,2183.0,2183.0,2183.0,2183.0,2183.0,0.0,9.54682477514295e-06,0.0,0.0,1.0,1.0,12,4,2023-12-22,2183.0
Rajahmundry APMC,Swarna Masuri (New),2023-12-15,0.5,2203.0,2203.0,2203.0,2203.0,2203.0,2203.0,2203.0,0.0,1.877426223966805e-05,0.0,0.0,1.0,1.0,12,4,2023-12-22,2203.0
Tanuku APMC,MTU-1010,2023-12-15,1.0,2020.0,2200.0,2183.0,2183.0,2183.0,2184.285714285714,2183.6428571428573,2.6276913640612944,1.9057460827371464,0.0,0.0,0.9994113799869196,0.9997056033495796,12,4,2023-12-26,2183.0
Tanuku APMC,MTU-1010,2023-12-16,1.0,2020.0,2200.0,2183.0,2183.0,2183.0,2184.285714285714,2183.6428571428573,2.6276913640612944,1.9057460827371464,0.0,0.0,0.9994113799869196,0.9997056033495796,12,5,2023-12-26,2183.0
Rajahmundry APMC,Swarna Masuri (New),2023-12-16,0.5,2203.0,2203.0,2203.0,2203.0,2203.0,2203.0,2203.0,0.0,1.877426223966805e-05,0.0,0.0,1.0,1.0,12,5,2023-12-23,2203.0
Rajahmundry APMC,Paddy,2023-12-16,0.5,2183.0,2183.0,2183.0,2183.0,2183.0,2183.0,2183.0,0.0,9.54682477514295e-06,0.0,0.0,1.0,1.0,12,5,2023-12-23,2183.0
Pithapuram APMC,1001,2023-12-16,1.0,2183.0,2200.0,2193.0,2193.0,2193.0,2193.0,2193.0,0.0,0.0,0.0,0.0,1.0,1.0,12,5,2023-12-27,2193.0
Peddapuram APMC,1001,2023-12-16,53.8,2183.0,2203.0,2193.0,2193.0,2193.0,2193.0,2193.0,3.869561204872095e-06,7.788496200541243e-06,0.0,0.0,1.0,1.0,12,5,2023-12-26,2193.0
Banaganapalli APMC,Sona Mahsuri,2023-12-16,0.01,2200.0,2500.0,2400.0,2400.0,2300.0,2328.5714285714284,2314.285714285714,48.79500364742671,36.31365196012805,0.0,100.0,1.030674846625767,1.037037037037037,12,5,2023-12-23,2400.0
Atmakur (Nandyal District) APMC,Sona Mahsuri,2023-12-16,0.01,2183.0,2183.0,2183.0,2183.0,2183.0,2183.0,2183.0,0.0,0.0,0.0,0.0,1.0,1.0,12,5,2023-12-23,2183.0
Karapa APMC,1001,2023-12-16,1.0,2050.0,2183.0,2100.0,2100.0,2050.0,2083.285714285714,2066.6428571428573,23.570562754662216,23.55225660544621,0.0,50.0,1.0080230405266406,1.0161407389486052,12,5,2023-12-23,2100.0
Atmakur (Nandyal District) APMC,Sona Mahsuri,2023-12-17,0.01,2183.0,2183.0,2183.0,2183.0,2183.0,2183.0,2183.0,0.0,0.0,0.0,0.0,1.0,1.0,12,6,2023-12-26,2183.0
Banaganapalli APMC,Sona Mahsuri,2023-12-17,0.01,2200.0,2500.0,2400.0,2400.0,2300.0,2342.8571428571427,2321.428571428572,53.452248382485,42.581531362631885,0.0,100.0,1.024390243902439,1.033846153846154,12,6,2023-12-24,2400.0
Karapa APMC,1001,2023-12-17,1.0,2100.0,2183.0,2120.0,2100.0,2050.0,2090.428571428572,2070.214285714286,18.91962951414322,24.60199670267099,20.0,70.0,1.014146108111802,1.0240485802021877,12,6,2023-12-26,2100.0
Pithapuram APMC,1001,2023-12-17,1.0,2183.0,2200.0,2193.0,2193.0,2193.0,2193.0,2193.0,0.0,0.0,0.0,0.0,1.0,1.0,12,6,2023-12-27,2193.0
Rajahmundry APMC,Paddy,2023-12-17,0.5,2183.0,2183.0,2183.0,2183.0,2183.0,2183.0,2183.0,0.0,9.54682477514295e-06,0.0,0.0,1.0,1.0,12,6,2023-12-26,2183.0
Rajahmundry APMC,Swarna Masuri (New),2023-12-17,0.5,2203.0,2203.0,2203.0,2203.0,2203.0,2203.0,2203.0,0.0,1.877426223966805e-05,0.0,0.0,1.0,1.0,12,6,2023-12-26,2203.0
Tanuku APMC,MTU-1010,2023-12-17,1.0,2020.0,2200.0,2183.0,2183.0,2185.0,2184.285714285714,2183.6428571428573,2.6276913640612944,1.9057460827371464,0.0,-2.0,0.9994113799869196,0.9997056033495796,12,6,2023-12-26,2183.0
Tanuku APMC,MTU-1010,2023-12-18,1.0,2020.0,2200.0,2183.0,2183.0,2190.0,2184.0,2183.6428571428573,2.6457513110646564,1.9057460827371464,0.0,-7.0,0.9995421245421244,0.9997056033495796,12,0,2023-12-26,2183.0
Rajahmundry APMC,Swarna Masuri (New),2023-12-18,0.5,2203.0,2203.0,2203.0,2203.0,2203.0,2203.0,2203.0,0.0,1.877426223966805e-05,0.0,0.0,1.0,1.0,12,0,2023-12-26,2203.0
Rajahmundry APMC,Paddy,2023-12-18,0.5,2183.0,2183.0,2183.0,2183.0,2183.0,2183.0,2183.0,0.0,9.54682477514295e-06,0.0,0.0,1.0,1.0,12,0,2023-12-26,2183.0
Pithapuram APMC,1001,2023-12-18,1.0,2183.0,2200.0,2193.0,2193.0,2193.0,2193.0,2193.0,0.0,0.0,0.0,0.0,1.0,1.0,12,0,2023-12-27,2193.0
Karapa APMC,1001,2023-12-18,1.0,2100.0,2183.0,2120.0,2120.0,2083.0,2100.428571428572,2075.214285714286,10.706028564277954,27.15816514542036,0.0,37.0,1.0093178262939535,1.0215812480638833,12,0,2023-12-26,2100.0
Banaganapalli APMC,Sona Mahsuri,2023-12-18,0.01,2200.0,2500.0,2400.0,2400.0,2300.0,2357.1428571428573,2328.5714285714284,53.452248382485,46.88072309384939,0.0,100.0,1.018181818181818,1.030674846625767,12,0,2023-12-25,2400.0
Atmakur (Nandyal District) APMC,Sona Mahsuri,2023-12-18,0.01,2183.0,2183.0,2183.0,2183.0,2183.0,2183.0,2183.0,0.0,0.0,0.0,0.0,1.0,1.0,12,0,2023-12-26,2183.0
Peddapuram APMC,1001,2023-12-18,6.8,2183.0,2203.0,2193.0,2193.0,2193.0,2193.0,2193.0,3.869561204872095e-06,7.788496200541243e-06,0.0,0.0,1.0,1.0,12,0,2023-12-26,2193.0
Atmakur (Nandyal District) APMC,Sona Mahsuri,2023-12-19,0.01,2183.0,2183.0,2183.0,2183.0,2183.0,2183.0,2183.0,0.0,0.0,0.0,0.0,1.0,1.0,12,1,2023-12-26,2183.0
Banaganapalli APMC,Sona Mahsuri,2023-12-19,0.01,2200.0,2500.0,2400.0,2400.0,2300.0,2371.428571428572,2335.714285714286,48.79500364742671,49.72451580988452,0.0,100.0,1.0120481927710845,1.0275229357798166,12,1,2023-12-26,2400.0
Karapa APMC,1001,2023-12-19,1.0,2100.0,2183.0,2100.0,2120.0,2100.0,2105.714285714286,2080.214285714286,9.759000729490497,28.566194575537413,-20.0,0.0,0.9972862957937584,1.0095113827558977,12,1,2023-12-26,2100.0
Peddapuram APMC,1001,2023-12-19,5.9,2183.0,2203.0,2193.0,2193.0,2193.0,2193.0,2193.0,3.869561204872095e-06,7.788496200541243e-06,0.0,0.0,1.0,1.0,12,1,2023-12-26,2193.0
Pithapuram APMC,1001,2023-12-19,1.0,2183.0,2200.0,2193.0,2193.0,2193.0,2193.0,2193.0,0.0,0.0,0.0,0.0,1.0,1.0,12,1,2023-12-27,2193.0
Rajahmundry APMC,Paddy,2023-12-19,0.5,2183.0,2183.0,2183.0,2183.0,2183.0,2183.0,2183.0,0.0,9.54682477514295e-06,0.0,0.0,1.0,1.0,12,1,2023-12-26,2183.0
Rajahmundry APMC,Swarna Masuri (New),2023-12-19,0.5,2203.0,2203.0,2203.0,2203.0,2203.0,2203.0,2203.0,0.0,1.877426223966805e-05,0.0,0.0,1.0,1.0,12,1,2023-12-26,2203.0
Sampara (Kakinada Rural) APMC,Swarna Masuri (New),2023-12-19,1.0,2183.0,2193.0,2183.0,2183.0,2183.0,2183.0,2172.785714285714,0.0,38.21835759347668,0.0,0.0,1.0,1.0047010092376476,12,1,2023-12-28,2183.0
Sampara (Kakinada Rural) APMC,Swarna Masuri (New),2023-12-20,1.0,2183.0,2193.0,2183.0,2183.0,2183.0,2183.0,2183.0,0.0,0.0,0.0,0.0,1.0,1.0,12,2,2023-12-28,2183.0
Pithapuram APMC,1001,2023-12-20,1.0,2183.0,2200.0,2193.0,2193.0,2193.0,2193.0,2193.0,0.0,0.0,0.0,0.0,1.0,1.0,12,2,2023-12-27,2193.0
Atmakur (Nandyal District) APMC,Sona Mahsuri,2023-12-20,0.01,2183.0,2183.0,2183.0,2183.0,2183.0,2183.0,2183.0,0.0,0.0,0.0,0.0,1.0,1.0,12,2,2023-12-27,2183.0
Banaganapalli APMC,Sona Mahsuri,2023-12-20,0.01,2200.0,2500.0,2400.0,2400.0,2300.0,2385.714285714286,2342.8571428571427,37.796447300922736,51.355259101309365,0.0,100.0,1.0059880239520955,1.024390243902439,12,2,2023-12-27,2400.0
Karapa APMC,1001,2023-12-20,1.0,2080.0,2183.0,2100.0,2100.0,2100.0,2105.714285714286,2083.785714285714,9.759000729490497,27.607631529729417,0.0,0.0,0.9972862957937584,1.0077811675179105,12,2,2023-12-29,2100.0
Atmakur (Nandyal District) APMC,Sona Mahsuri,2023-12-21,0.01,2183.0,2183.0,2183.0,2183.0,2183.0,2183.0,2183.0,0.0,0.0,0.0,0.0,1.0,1.0,12,3,2023-12-28,2183.0
Banaganapalli APMC,Sona Mahsuri,2023-12-21,0.01,2200.0,2500.0,2400.0,2400.0,2400.0,2400.0,2350.0,0.0,51.88745216627683,0.0,0.0,1.0,1.0212765957446808,12,3,2023-12-28,2400.0
Pithapuram APMC,1001,2023-12-21,1.0,2183.0,2200.0,2193.0,2193.0,2193.0,2193.0,2193.0,0.0,0.0,0.0,0.0,1.0,1.0,12,3,2023-12-28,2193.0
Sampara (Kakinada Rural) APMC,Swarna Masuri (New),2023-12-21,1.0,2183.0,2183.0,2183.0,2183.0,2183.0,2183.0,2183.0,0.0,0.0,0.0,0.0,1.0,1.0,12,3,2023-12-28,2183.0
Pithapuram APMC,1001,2023-12-22,1.0,2183.0,2200.0,2193.0,2193.0,2193.0,2193.0,2193.0,0.0,0.0,0.0,0.0,1.0,1.0,12,4,2023-12-29,2193.0
Rajahmundry APMC,Paddy,2023-12-22,0.5,2183.0,2183.0,2183.0,2183.0,2183.0,2183.0,2183.0,0.0,9.54682477514295e-06,0.0,0.0,1.0,1.0,12,4,2023-12-29,2183.0
Peddapuram APMC,1001,2023-12-22,29.7,2183.0,2203.0,2193.0,2193.0,2193.0,2193.0,2193.0,3.869561204872095e-06,7.788496200541243e-06,0.0,0.0,1.0,1.0,12,4,2023-12-29,2193.0
Rajahmundry APMC,Swarna Masuri (New),2023-12-22,0.5,2203.0,2203.0,2203.0,2203.0,2203.0,2203.0,2203.0,0.0,1.877426223966805e-05,0.0,0.0,1.0,1.0,12,4,2023-12-29,2203.0
Banaganapalli APMC,Sona Mahsuri,2023-12-22,0.01,2200.0,2500.0,2400.0,2400.0,2400.0,2400.0,2357.1428571428573,0.0,51.35525910130925,0.0,0.0,1.0,1.018181818181818,12,4,2023-12-29,2400.0
Atmakur (Nandyal District) APMC,Sona Mahsuri,2023-12-22,0.01,2183.0,2183.0,2183.0,2183.0,2183.0,2183.0,2183.0,0.0,0.0,0.0,0.0,1.0,1.0,12,4,2023-12-29,2183.0
Karapa APMC,1001,2023-12-22,1.0,2100.0,2183.0,2100.0,2100.0,2100.0,2105.714285714286,2087.3571428571427,9.759000729490497,26.09334469481882,0.0,0.0,0.9972862957937584,1.006056873010985,12,4,2023-12-29,2100.0
Atmakur (Nandyal District) APMC,Sona Mahsuri,2023-12-23,0.01,2183.0,2183.0,2183.0,2183.0,2183.0,2183.0,2183.0,0.0,0.0,0.0,0.0,1.0,1.0,12,5,2023-12-30,2183.0
Banaganapalli APMC,Sona Mahsuri,2023-12-23,0.01,2300.0,2500.0,2400.0,2400.0,2400.0,2400.0,2364.285714285714,0.0,49.72451580988432,0.0,0.0,1.0,1.0151057401812689,12,5,2023-12-30,2400.0
Rajahmundry APMC,Paddy,2023-12-23,0.5,2183.0,2183.0,2183.0,2183.0,2183.0,2183.0,2183.0,0.0,9.54682477514295e-06,0.0,0.0,1.0,1.0,12,5,2023-12-30,2183.0
Rajahmundry APMC,Swarna Masuri (New),2023-12-23,0.5,2203.0,2203.0,2203.0,2203.0,2203.0,2203.0,2203.0,0.0,1.877426223966805e-05,0.0,0.0,1.0,1.0,12,5,2023-12-30,2203.0
Sampara (Kakinada Rural) APMC,Swarna Masuri (New),2023-12-23,1.0,2183.0,2193.0,2183.0,2183.0,2183.0,2183.0,2183.0,0.0,0.0,0.0,0.0,1.0,1.0,12,5,2023-12-30,2183.0
Banaganapalli APMC,Sona Mahsuri,2023-12-24,0.01,2300.0,2500.0,2400.0,2400.0,2400.0,2400.0,2371.428571428572,0.0,46.88072309384911,0.0,0.0,1.0,1.0120481927710845,12,6,2023-12-31,2400.0
Banaganapalli APMC,Sona Mahsuri,2023-12-25,0.01,2300.0,2500.0,2400.0,2400.0,2400.0,2400.0,2378.5714285714284,0.0,42.5815313626315,0.0,0.0,1.0,1.0090090090090091,12,0,2024-01-01,2400.0
Atmakur (Nandyal District) APMC,Sona Mahsuri,2023-12-26,0.01,2183.0,2183.0,2183.0,2183.0,2183.0,2183.0,2183.0,0.0,0.0,0.0,0.0,1.0,1.0,12,1,2024-01-02,2183.0
Banaganapalli APMC,Sona Mahsuri,2023-12-26,0.01,2300.0,2500.0,2400.0,2400.0,2400.0,2400.0,2385.714285714286,0.0,36.3136519601275,0.0,0.0,1.0,1.0059880239520955,12,1,2024-01-02,2400.0
Rajahmundry APMC,Paddy,2023-12-26,0.5,2183.0,2183.0,2183.0,2183.0,2183.0,2183.0,2183.0,0.0,9.54682477514295e-06,0.0,0.0,1.0,1.0,12,1,2024-01-02,2183.0
Rajahmundry APMC,Swarna Masuri (New),2023-12-26,0.5,2203.0,2203.0,2203.0,2203.0,2203.0,2203.0,2203.0,0.0,1.877426223966805e-05,0.0,0.0,1.0,1.0,12,1,2024-01-02,2203.0
Rajahmundry APMC,Swarna Masuri (New),2023-12-27,0.5,2203.0,2203.0,2203.0,2203.0,2203.0,2203.0,2203.0,0.0,1.877426223966805e-05,0.0,0.0,1.0,1.0,12,2,2024-01-03,2203.0
Rajahmundry APMC,Paddy,2023-12-27,0.5,2183.0,2183.0,2183.0,2183.0,2183.0,2183.0,2183.0,0.0,9.54682477514295e-06,0.0,0.0,1.0,1.0,12,2,2024-01-03,2183.0
Atmakur (Nandyal District) APMC,Sona Mahsuri,2023-12-27,0.01,2183.0,2183.0,2183.0,2183.0,2183.0,2183.0,2183.0,0.0,0.0,0.0,0.0,1.0,1.0,12,2,2024-01-03,2183.0
Banaganapalli APMC,Sona Mahsuri,2023-12-27,0.01,2300.0,2500.0,2400.0,2400.0,2400.0,2400.0,2392.8571428571427,0.0,26.726124191241546,0.0,0.0,1.0,1.0029850746268658,12,2,2024-01-03,2400.0
Atmakur (Nandyal District) APMC,Sona Mahsuri,2023-12-28,0.01,2183.0,2183.0,2183.0,2183.0,2183.0,2183.0,2183.0,0.0,0.0,0.0,0.0,1.0,1.0,12,3,2024-01-04,2183.0
Banaganapalli APMC,Sona Mahsuri,2023-12-28,0.01,2300.0,2500.0,2400.0,2400.0,2400.0,2400.0,2400.0,0.0,0.0,0.0,0.0,1.0,1.0,12,3,2024-01-04,2400.0
Rajahmundry APMC,Paddy,2023-12-28,0.5,2183.0,2183.0,2183.0,2183.0,2183.0,2183.0,2183.0,0.0,9.54682477514295e-06,0.0,0.0,1.0,1.0,12,3,2024-01-04,2183.0
Rajahmundry APMC,Swarna Masuri (New),2023-12-28,0.5,2203.0,2203.0,2203.0,2203.0,2203.0,2203.0,2203.0,0.0,1.877426223966805e-05,0.0,0.0,1.0,1.0,12,3,2024-01-04,2203.0
Sampara (Kakinada Rural) APMC,Swarna Masuri (New),2023-12-28,1.0,2183.0,2193.0,2183.0,2183.0,2183.0,2183.0,2183.0,0.0,0.0,0.0,0.0,1.0,1.0,12,3,2024-01-06,2183.0
Atmakur (Nandyal District) APMC,Sona Mahsuri,2023-12-29,0.01,2183.0,2183.0,2183.0,2183.0,2183.0,2183.0,2183.0,0.0,0.0,0.0,0.0,1.0,1.0,12,4,2024-01-05,2183.0
Banaganapalli APMC,Sona Mahsuri,2023-12-29,0.01,2300.0,2500.0,2400.0,2400.0,2400.0,2400.0,2400.0,0.0,0.0,0.0,0.0,1.0,1.0,12,4,2024-01-05,2400.0
Rajahmundry APMC,Paddy,2023-12-29,0.5,2183.0,2183.0,2183.0,2183.0,2183.0,2183.0,2183.0,0.0,9.54682477514295e-06,0.0,0.0,1.0,1.0,12,4,2024-01-06,2183.0
Rajahmundry APMC,Swarna Masuri (New),2023-12-29,0.5,2203.0,2203.0,2203.0,2203.0,2203.0,2203.0,2203.0,0.0,1.877426223966805e-05,0.0,0.0,1.0,1.0,12,4,2024-01-06,2203.0
Rajahmundry APMC,Swarna Masuri (New),2023-12-30,0.5,2203.0,2203.0,2203.0,2203.0,2203.0,2203.0,2203.0,0.0,1.877426223966805e-05,0.0,0.0,1.0,1.0,12,5,2024-01-06,2203.0
Sampara (Kakinada Rural) APMC,Swarna Masuri (New),2023-12-30,1.0,2183.0,2183.0,2183.0,2183.0,2183.0,2183.0,2183.0,0.0,0.0,0.0,0.0,1.0,1.0,12,5,2024-01-06,2183.0
Banaganapalli APMC,Sona Mahsuri,2023-12-30,0.01,2300.0,2500.0,2400.0,2400.0,2400.0,2400.0,2400.0,0.0,0.0,0.0,0.0,1.0,1.0,12,5,2024-01-06,2400.0
Atmakur (Nandyal District) APMC,Sona Mahsuri,2023-12-30,0.01,2183.0,2183.0,2183.0,2183.0,2183.0,2183.0,2183.0,0.0,0.0,0.0,0.0,1.0,1.0,12,5,2024-01-06,2183.0
Rajahmundry APMC,Paddy,2023-12-30,0.5,2183.0,2183.0,2183.0,2183.0,2183.0,2183.0,2183.0,0.0,9.54682477514295e-06,0.0,0.0,1.0,1.0,12,5,2024-01-06,2183.0
Atmakur (Nandyal District) APMC,Sona Mahsuri,2023-12-31,0.01,2183.0,2183.0,2183.0,2183.0,2183.0,2183.0,2183.0,0.0,0.0,0.0,0.0,1.0,1.0,12,6,2024-01-07,2183.0
Banaganapalli APMC,Sona Mahsuri,2023-12-31,0.01,2300.0,2500.0,2400.0,2400.0,2400.0,2400.0,2400.0,0.0,0.0,0.0,0.0,1.0,1.0,12,6,2024-01-07,2400.0
Atmakur (Nandyal District) APMC,Sona Mahsuri,2024-01-01,0.01,2183.0,2183.0,2183.0,2183.0,2183.0,2183.0,2183.0,0.0,0.0,0.0,0.0,1.0,1.0,1,0,2024-01-08,2183.0
Banaganapalli APMC,Sona Mahsuri,2024-01-01,0.01,2300.0,2500.0,2400.0,2400.0,2400.0,2400.0,2400.0,0.0,0.0,0.0,0.0,1.0,1.0,1,0,2024-01-08,2400.0
Rajahmundry APMC,Paddy,2024-01-01,0.5,2183.0,2183.0,2183.0,2183.0,2183.0,2183.0,2183.0,0.0,9.54682477514295e-06,0.0,0.0,1.0,1.0,1,0,2024-01-08,2183.0
Rajahmundry APMC,Swarna Masuri (New),2024-01-01,0.5,2203.0,2203.0,2203.0,2203.0,2203.0,2203.0,2203.0,0.0,1.877426223966805e-05,0.0,0.0,1.0,1.0,1,0,2024-01-08,2203.0
Rajahmundry APMC,Paddy,2024-01-02,0.5,2183.0,2183.0,2183.0,2183.0,2183.0,2183.0,2183.0,0.0,9.54682477514295e-06,0.0,0.0,1.0,1.0,1,1,2024-01-09,2183.0
Rajahmundry APMC,Swarna Masuri (New),2024-01-02,0.5,2203.0,2203.0,2203.0,2203.0,2203.0,2203.0,2203.0,0.0,1.877426223966805e-05,0.0,0.0,1.0,1.0,1,1,2024-01-09,2203.0
Atmakur (Nandyal District) APMC,Sona Mahsuri,2024-01-02,0.01,2183.0,2183.0,2183.0,2183.0,2183.0,2183.0,2183.0,0.0,0.0,0.0,0.0,1.0,1.0,1,1,2024-01-09,2183.0
Banaganapalli APMC,Sona Mahsuri,2024-01-02,0.01,2300.0,2500.0,2400.0,2400.0,2400.0,2400.0,2400.0,0.0,0.0,0.0,0.0,1.0,1.0,1,1,2024-01-09,2400.0
Atmakur (Nandyal District) APMC,Sona Mahsuri,2024-01-03,0.01,2183.0,2183.0,2183.0,2183.0,2183.0,2183.0,2183.0,0.0,0.0,0.0,0.0,1.0,1.0,1,2,2024-01-10,2183.0
Banaganapalli APMC,Sona Mahsuri,2024-01-03,0.01,2300.0,2500.0,2400.0,2400.0,2400.0,2400.0,2400.0,0.0,0.0,0.0,0.0,1.0,1.0,1,2,2024-01-10,2400.0
Rajahmundry APMC,Paddy,2024-01-03,0.5,2183.0,2183.0,2183.0,2183.0,2183.0,2183.0,2183.0,0.0,9.54682477514295e-06,0.0,0.0,1.0,1.0,1,2,2024-01-10,2183.0
Rajahmundry APMC,Swarna Masuri (New),2024-01-03,0.5,2203.0,2203.0,2203.0,2203.0,2203.0,2203.0,2203.0,0.0,1.877426223966805e-05,0.0,0.0,1.0,1.0,1,2,2024-01-10,2203.0
Atmakur (Nandyal District) APMC,Sona Mahsuri,2024-01-04,0.01,2183.0,2183.0,2183.0,2183.0,2183.0,2183.0,2183.0,0.0,0.0,0.0,0.0,1.0,1.0,1,3,2024-01-11,2183.0
Banaganapalli APMC,Sona Mahsuri,2024-01-04,0.01,2300.0,2500.0,2400.0,2400.0,2400.0,2400.0,2400.0,0.0,0.0,0.0,0.0,1.0,1.0,1,3,2024-01-11,2400.0
Rajahmundry APMC,Paddy,2024-01-04,0.5,2183.0,2183.0,2183.0,2183.0,2183.0,2183.0,2183.0,0.0,9.54682477514295e-06,0.0,0.0,1.0,1.0,1,3,2024-01-11,2183.0
Rajahmundry APMC,Swarna Masuri (New),2024-01-04,0.5,2203.0,2203.0,2203.0,2203.0,2203.0,2203.0,2203.0,0.0,1.877426223966805e-05,0.0,0.0,1.0,1.0,1,3,2024-01-11,2203.0
Atmakur (Nandyal District) APMC,Sona Mahsuri,2024-01-05,0.01,2183.0,2183.0,2183.0,2183.0,2183.0,2183.0,2183.0,0.0,0.0,0.0,0.0,1.0,1.0,1,4,2024-01-12,2183.0
Banaganapalli APMC,Sona Mahsuri,2024-01-05,0.01,2300.0,2500.0,2400.0,2400.0,2400.0,2400.0,2400.0,0.0,0.0,0.0,0.0,1.0,1.0,1,4,2024-01-12,2400.0
Rajahmundry APMC,Swarna Masuri (New),2024-01-06,0.5,2203.0,2203.0,2203.0,2203.0,2203.0,2203.0,2203.0,0.0,1.877426223966805e-05,0.0,0.0,1.0,1.0,1,5,2024-01-17,2203.0
Rajahmundry APMC,Paddy,2024-01-06,0.5,2183.0,2183.0,2183.0,2183.0,2183.0,2183.0,2183.0,0.0,9.54682477514295e-06,0.0,0.0,1.0,1.0,1,5,2024-01-17,2183.0
Sampara (Kakinada Rural) APMC,Swarna Masuri (New),2024-01-06,1.0,2183.0,2193.0,2183.0,2183.0,2183.0,2183.0,2183.0,0.0,0.0,0.0,0.0,1.0,1.0,1,5,2024-01-17,2183.0
Atmakur (Nandyal District) APMC,Sona Mahsuri,2024-01-06,0.01,2183.0,2183.0,2183.0,2183.0,2183.0,2183.0,2183.0,0.0,0.0,0.0,0.0,1.0,1.0,1,5,2024-01-16,2183.0
Banaganapalli APMC,Sona Mahsuri,2024-01-06,0.01,2300.0,2500.0,2400.0,2400.0,2400.0,2400.0,2400.0,0.0,0.0,0.0,0.0,1.0,1.0,1,5,2024-01-13,2400.0
Atmakur (Nandyal District) APMC,Sona Mahsuri,2024-01-07,0.01,2183.0,2183.0,2183.0,2183.0,2183.0,2183.0,2183.0,0.0,0.0,0.0,0.0,1.0,1.0,1,6,2024-01-16,2183.0
Banaganapalli APMC,Sona Mahsuri,2024-01-07,0.01,2300.0,2500.0,2400.0,2400.0,2400.0,2400.0,2400.0,0.0,0.0,0.0,0.0,1.0,1.0,1,6,2024-01-16,2400.0
Rajahmundry APMC,Paddy,2024-01-07,0.5,2183.0,2183.0,2183.0,2183.0,2183.0,2183.0,2183.0,0.0,9.54682477514295e-06,0.0,0.0,1.0,1.0,1,6,2024-01-17,2183.0
Rajahmundry APMC,Swarna Masuri (New),2024-01-07,0.5,2203.0,2203.0,2203.0,2203.0,2203.0,2203.0,2203.0,0.0,1.877426223966805e-05,0.0,0.0,1.0,1.0,1,6,2024-01-17,2203.0
Atmakur (Nandyal District) APMC,Sona Mahsuri,2024-01-08,0.01,2183.0,2183.0,2183.0,2183.0,2183.0,2183.0,2183.0,0.0,0.0,0.0,0.0,1.0,1.0,1,0,2024-01-16,2183.0
Banaganapalli APMC,Sona Mahsuri,2024-01-08,0.01,2300.0,2500.0,2400.0,2400.0,2400.0,2400.0,2400.0,0.0,0.0,0.0,0.0,1.0,1.0,1,0,2024-01-16,2400.0
Rajahmundry APMC,Paddy,2024-01-08,0.5,2183.0,2183.0,2183.0,2183.0,2183.0,2183.0,2183.0,0.0,9.54682477514295e-06,0.0,0.0,1.0,1.0,1,0,2024-01-17,2183.0
Rajahmundry APMC,Swarna Masuri (New),2024-01-08,0.5,2203.0,2203.0,2203.0,2203.0,2203.0,2203.0,2203.0,0.0,1.877426223966805e-05,0.0,0.0,1.0,1.0,1,0,2024-01-17,2203.0
Sampara (Kakinada Rural) APMC,Swarna Masuri (New),2024-01-08,1.0,2183.0,2193.0,2183.0,2183.0,2183.0,2183.0,2183.0,0.0,0.0,0.0,0.0,1.0,1.0,1,0,2024-01-17,2183.0
Sampara (Kakinada Rural) APMC,Swarna Masuri (New),2024-01-09,1.0,2183.0,2193.0,2183.0,2183.0,2183.0,2183.0,2183.0,0.0,0.0,0.0,0.0,1.0,1.0,1,1,2024-01-17,2183.0
Rajahmundry APMC,Paddy,2024-01-09,0.5,2183.0,2183.0,2183.0,2183.0,2183.0,2183.0,2183.0,0.0,9.54682477514295e-06,0.0,0.0,1.0,1.0,1,1,2024-01-17,2183.0
Rajahmundry APMC,Swarna Masuri (New),2024-01-09,0.5,2203.0,2203.0,2203.0,2203.0,2203.0,2203.0,2203.0,0.0,1.877426223966805e-05,0.0,0.0,1.0,1.0,1,1,2024-01-17,2203.0
Atmakur (Nandyal District) APMC,Sona Mahsuri,2024-01-09,0.01,2183.0,2183.0,2183.0,2183.0,2183.0,2183.0,2183.0,0.0,0.0,0.0,0.0,1.0,1.0,1,1,2024-01-16,2183.0
Banaganapalli APMC,Sona Mahsuri,2024-01-09,0.01,2300.0,2500.0,2400.0,2400.0,2400.0,2400.0,2400.0,0.0,0.0,0.0,0.0,1.0,1.0,1,1,2024-01-16,2400.0
Atmakur (Nandyal District) APMC,Sona Mahsuri,2024-01-10,0.01,2183.0,2183.0,2183.0,2183.0,2183.0,2183.0,2183.0,0.0,0.0,0.0,0.0,1.0,1.0,1,2,2024-01-17,2183.0
Banaganapalli APMC,Sona Mahsuri,2024-01-10,0.01,2300.0,2500.0,2400.0,2400.0,2400.0,2400.0,2400.0,0.0,0.0,0.0,0.0,1.0,1.0,1,2,2024-01-17,2400.0
Rajahmundry APMC,Paddy,2024-01-10,0.5,2183.0,2183.0,2183.0,2183.0,2183.0,2183.0,2183.0,0.0,9.54682477514295e-06,0.0,0.0,1.0,1.0,1,2,2024-01-17,2183.0
Rajahmundry APMC,Swarna Masuri (New),2024-01-10,0.5,2203.0,2203.0,2203.0,2203.0,2203.0,2203.0,2203.0,0.0,1.877426223966805e-05,0.0,0.0,1.0,1.0,1,2,2024-01-17,2203.0
Atmakur (Nandyal District) APMC,Sona Mahsuri,2024-01-11,0.01,2183.0,2183.0,2183.0,2183.0,2183.0,2183.0,2183.0,0.0,0.0,0.0,0.0,1.0,1.0,1,3,2024-01-18,2183.0
Banaganapalli APMC,Sona Mahsuri,2024-01-11,0.01,2300.0,2500.0,2400.0,2400.0,2400.0,2400.0,2400.0,0.0,0.0,0.0,0.0,1.0,1.0,1,3,2024-01-19,2400.0
Rajahmundry APMC,Paddy,2024-01-11,0.5,2183.0,2183.0,2183.0,2183.0,2183.0,2183.0,2183.0,0.0,9.54682477514295e-06,0.0,0.0,1.0,1.0,1,3,2024-01-18,2183.0
Rajahmundry APMC,Swarna Masuri (New),2024-01-11,0.5,2203.0,2203.0,2203.0,2203.0,2203.0,2203.0,2203.0,0.0,1.877426223966805e-05,0.0,0.0,1.0,1.0,1,3,2024-01-18,2203.0
Rajahmundry APMC,Swarna Masuri (New),2024-01-12,0.5,2203.0,2203.0,2203.0,2203.0,2203.0,2203.0,2203.0,0.0,1.877426223966805e-05,0.0,0.0,1.0,1.0,1,4,2024-01-20,2203.0
Atmakur (Nandyal District) APMC,Sona Mahsuri,2024-01-12,0.01,2183.0,2183.0,2183.0,2183.0,2183.0,2183.0,2183.0,0.0,0.0,0.0,0.0,1.0,1.0,1,4,2024-01-19,2183.0
Banaganapalli APMC,Sona Mahsuri,2024-01-12,0.01,2300.0,2500.0,2400.0,2400.0,2400.0,2400.0,2400.0,0.0,0.0,0.0,0.0,1.0,1.0,1,4,2024-01-19,2400.0
Rajahmundry APMC,Paddy,2024-01-12,0.5,2183.0,2183.0,2183.0,2183.0,2183.0,2183.0,2183.0,0.0,9.54682477514295e-06,0.0,0.0,1.0,1.0,1,4,2024-01-20,2183.0
Sampara (Kakinada Rural) APMC,Swarna Masuri (New),2024-01-12,1.0,2183.0,2193.0,2183.0,2183.0,2183.0,2183.0,2183.0,0.0,0.0,0.0,0.0,1.0,1.0,1,4,2024-01-19,2183.0
Banaganapalli APMC,Sona Mahsuri,2024-01-13,0.01,2300.0,2500.0,2400.0,2400.0,2400.0,2400.0,2400.0,0.0,0.0,0.0,0.0,1.0,1.0,1,5,2024-01-20,2400.0
Atmakur (Nandyal District) APMC,Sona Mahsuri,2024-01-16,0.01,2183.0,2183.0,2183.0,2183.0,2183.0,2183.0,2183.0,0.0,0.0,0.0,0.0,1.0,1.0,1,1,2024-01-23,2183.0
Banaganapalli APMC,Sona Mahsuri,2024-01-16,0.01,2300.0,2500.0,2400.0,2400.0,2400.0,2400.0,2400.0,0.0,0.0,0.0,0.0,1.0,1.0,1,1,2024-01-23,2500.0
Atmakur (Nandyal District) APMC,Sona Mahsuri,2024-01-17,0.01,2183.0,2183.0,2183.0,2183.0,2183.0,2183.0,2183.0,0.0,0.0,0.0,0.0,1.0,1.0,1,2,2024-01-24,2183.0
Banaganapalli APMC,Sona Mahsuri,2024-01-17,0.01,2300.0,2500.0,2400.0,2400.0,2400.0,2400.0,2400.0,0.0,0.0,0.0,0.0,1.0,1.0,1,2,2024-01-24,2500.0
Rajahmundry APMC,Paddy,2024-01-17,0.5,2183.0,2183.0,2183.0,2183.0,2183.0,2183.0,2183.0,0.0,9.54682477514295e-06,0.0,0.0,1.0,1.0,1,2,2024-01-24,2183.0
Rajahmundry APMC,Swarna Masuri (New),2024-01-17,0.5,2203.0,2203.0,2203.0,2203.0,2203.0,2203.0,2203.0,0.0,1.877426223966805e-05,0.0,0.0,1.0,1.0,1,2,2024-01-24,2203.0
Sampara (Kakinada Rural) APMC,Swarna Masuri (New),2024-01-17,1.0,2183.0,2183.0,2183.0,2183.0,2183.0,2183.0,2183.0,0.0,0.0,0.0,0.0,1.0,1.0,1,2,2024-01-24,2183.0
Atmakur (Nandyal District) APMC,Sona Mahsuri,2024-01-18,0.01,2183.0,2183.0,2183.0,2183.0,2183.0,2183.0,2183.0,0.0,0.0,0.0,0.0,1.0,1.0,1,3,2024-01-25,2183.0
Rajahmundry APMC,Paddy,2024-01-18,0.5,2183.0,2183.0,2183.0,2183.0,2183.0,2183.0,2183.0,0.0,9.54682477514295e-06,0.0,0.0,1.0,1.0,1,3,2024-01-26,2183.0
Rajahmundry APMC,Swarna Masuri (New),2024-01-18,0.5,2203.0,2203.0,2203.0,2203.0,2203.0,2203.0,2203.0,0.0,1.877426223966805e-05,0.0,0.0,1.0,1.0,1,3,2024-01-26,2203.0
Sampara (Kakinada Rural) APMC,Swarna Masuri (New),2024-01-18,1.0,2183.0,2183.0,2183.0,2183.0,2183.0,2183.0,2183.0,0.0,0.0,0.0,0.0,1.0,1.0,1,3,2024-01-25,2183.0
Sampara (Kakinada Rural) APMC,Swarna Masuri (New),2024-01-19,1.0,2183.0,2193.0,2183.0,2183.0,2183.0,2183.0,2183.0,0.0,0.0,0.0,0.0,1.0,1.0,1,4,2024-01-27,2183.0
Banaganapalli APMC,Sona Mahsuri,2024-01-19,0.01,2300.0,2500.0,2400.0,2400.0,2400.0,2400.0,2400.0,0.0,0.0,0.0,0.0,1.0,1.0,1,4,2024-01-26,2500.0
Atmakur (Nandyal District) APMC,Sona Mahsuri,2024-01-19,0.01,2183.0,2183.0,2183.0,2183.0,2183.0,2183.0,2183.0,0.0,0.0,0.0,0.0,1.0,1.0,1,4,2024-01-26,2183.0
Atmakur (Nandyal District) APMC,Sona Mahsuri,2024-01-20,0.01,2183.0,2183.0,2183.0,2183.0,2183.0,2183.0,2183.0,0.0,0.0,0.0,0.0,1.0,1.0,1,5,2024-01-27,2183.0
Banaganapalli APMC,Sona Mahsuri,2024-01-20,0.01,2300.0,2500.0,2400.0,2400.0,2400.0,2400.0,2400.0,0.0,0.0,0.0,0.0,1.0,1.0,1,5,2024-01-27,2500.0
Rajahmundry APMC,Paddy,2024-01-20,0.5,2183.0,2183.0,2183.0,2183.0,2183.0,2183.0,2183.0,0.0,9.54682477514295e-06,0.0,0.0,1.0,1.0,1,5,2024-01-27,2183.0
Rajahmundry APMC,Swarna Masuri (New),2024-01-20,0.5,2203.0,2203.0,2203.0,2203.0,2203.0,2203.0,2203.0,0.0,1.877426223966805e-05,0.0,0.0,1.0,1.0,1,5,2024-01-27,2203.0
Sampara (Kakinada Rural) APMC,Swarna Masuri (New),2024-01-20,1.0,2183.0,2193.0,2183.0,2183.0,2183.0,2183.0,2183.0,0.0,0.0,0.0,0.0,1.0,1.0,1,5,2024-01-27,2183.0
Atmakur (Nandyal District) APMC,Sona Mahsuri,2024-01-21,0.01,2183.0,2183.0,2183.0,2183.0,2183.0,2183.0,2183.0,0.0,0.0,0.0,0.0,1.0,1.0,1,6,2024-01-28,2183.0
Banaganapalli APMC,Sona Mahsuri,2024-01-21,0.01,2400.0,2600.0,2500.0,2400.0,2400.0,2400.0,2400.0,0.0,0.0,100.0,100.0,1.0416666666666667,1.0416666666666667,1,6,2024-01-28,2500.0
Rajahmundry APMC,Paddy,2024-01-21,0.5,2183.0,2183.0,2183.0,2183.0,2183.0,2183.0,2183.0,0.0,9.54682477514295e-06,0.0,0.0,1.0,1.0,1,6,2024-01-28,2183.0
Rajahmundry APMC,Swarna Masuri (New),2024-01-21,0.5,2203.0,2203.0,2203.0,2203.0,2203.0,2203.0,2203.0,0.0,1.877426223966805e-05,0.0,0.0,1.0,1.0,1,6,2024-01-28,2203.0
Rajahmundry APMC,Swarna Masuri (New),2024-01-22,0.5,2203.0,2203.0,2203.0,2203.0,2203.0,2203.0,2203.0,0.0,1.877426223966805e-05,0.0,0.0,1.0,1.0,1,0,2024-01-29,2203.0
Rajahmundry APMC,Paddy,2024-01-22,0.5,2183.0,2183.0,2183.0,2183.0,2183.0,2183.0,2183.0,0.0,9.54682477514295e-06,0.0,0.0,1.0,1.0,1,0,2024-01-29,2183.0
Sampara (Kakinada Rural) APMC,Swarna Masuri (New),2024-01-22,1.0,2183.0,2193.0,2183.0,2183.0,2183.0,2183.0,2183.0,0.0,0.0,0.0,0.0,1.0,1.0,1,0,2024-01-31,2183.0
Atmakur (Nandyal District) APMC,Sona Mahsuri,2024-01-22,0.01,2183.0,2183.0,2183.0,2183.0,2183.0,2183.0,2183.0,0.0,0.0,0.0,0.0,1.0,1.0,1,0,2024-01-29,2183.0
Banaganapalli APMC,Sona Mahsuri,2024-01-22,0.01,2400.0,2600.0,2500.0,2500.0,2400.0,2414.285714285714,2407.1428571428573,37.796447300922736,26.72612419124241,0.0,100.0,1.0355029585798816,1.0385756676557862,1,0,2024-01-29,2500.0
Atmakur (Nandyal District) APMC,Sona Mahsuri,2024-01-23,0.01,2183.0,2183.0,2183.0,2183.0,2183.0,2183.0,2183.0,0.0,0.0,0.0,0.0,1.0,1.0,1,1,2024-01-30,2183.0
Banaganapalli APMC,Sona Mahsuri,2024-01-23,0.01,2400.0,2600.0,2500.0,2500.0,2400.0,2428.5714285714284,2414.285714285714,48.79500364742671,36.31365196012805,0.0,100.0,1.0294117647058825,1.0355029585798816,1,1,2024-01-30,2500.0
Rajahmundry APMC,Paddy,2024-01-23,0.5,2183.0,2183.0,2183.0,2183.0,2183.0,2183.0,2183.0,0.0,9.54682477514295e-06,0.0,0.0,1.0,1.0,1,1,2024-01-30,2183.0
Rajahmundry APMC,Swarna Masuri (New),2024-01-23,0.5,2203.0,2203.0,2203.0,2203.0,2203.0,2203.0,2203.0,0.0,1.877426223966805e-05,0.0,0.0,1.0,1.0,1,1,2024-01-30,2203.0
Sampara (Kakinada Rural) APMC,Swarna Masuri (New),2024-01-23,1.0,2183.0,2193.0,2183.0,2183.0,2183.0,2183.0,2183.0,0.0,0.0,0.0,0.0,1.0,1.0,1,1,2024-01-31,2183.0
Atmakur (Nandyal District) APMC,Sona Mahsuri,2024-01-24,0.01,2183.0,2183.0,2183.0,2183.0,2183.0,2183.0,2183.0,0.0,0.0,0.0,0.0,1.0,1.0,1,2,2024-01-31,2183.0
Banaganapalli APMC,Sona Mahsuri,2024-01-24,0.01,2400.0,2600.0,2500.0,2500.0,2400.0,2442.8571428571427,2421.428571428572,53.452248382485,42.581531362631885,0.0,100.0,1.023391812865497,1.0324483775811208,1,2,2024-01-31,2500.0
Rajahmundry APMC,Paddy,2024-01-24,0.5,2183.0,2183.0,2183.0,2183.0,2183.0,2183.0,2183.0,0.0,9.54682477514295e-06,0.0,0.0,1.0,1.0,1,2,2024-01-31,2183.0
Rajahmundry APMC,Swarna Masuri (New),2024-01-24,0.5,2203.0,2203.0,2203.0,2203.0,2203.0,2203.0,2203.0,0.0,1.877426223966805e-05,0.0,0.0,1.0,1.0,1,2,2024-01-31,2203.0
Sampara (Kakinada Rural) APMC,Swarna Masuri (New),2024-01-24,1.0,2183.0,2193.0,2183.0,2183.0,2183.0,2183.0,2183.0,0.0,0.0,0.0,0.0,1.0,1.0,1,2,2024-01-31,2183.0
Banaganapalli APMC,Sona Mahsuri,2024-01-25,0.01,2400.0,2600.0,2500.0,2500.0,2400.0,2457.1428571428573,2428.5714285714284,53.452248382485,46.88072309384939,0.0,100.0,1.017441860465116,1.0294117647058825,1,3,2024-02-01,2500.0
Sampara (Kakinada Rural) APMC,Swarna Masuri (New),2024-01-25,1.0,2183.0,2193.0,2183.0,2183.0,2183.0,2183.0,2183.0,0.0,0.0,0.0,0.0,1.0,1.0,1,3,2024-02-02,2183.0
Atmakur (Nandyal District) APMC,Sona Mahsuri,2024-01-25,0.01,2183.0,2183.0,2183.0,2183.0,2183.0,2183.0,2183.0,0.0,0.0,0.0,0.0,1.0,1.0,1,3,2024-02-01,2183.0
Atmakur (Nandyal District) APMC,Sona Mahsuri,2024-01-26,0.01,2183.0,2183.0,2183.0,2183.0,2183.0,2183.0,2183.0,0.0,0.0,0.0,0.0,1.0,1.0,1,4,2024-02-02,2183.0
Banaganapalli APMC,Sona Mahsuri,2024-01-26,0.01,2400.0,2600.0,2500.0,2500.0,2400.0,2471.428571428572,2435.714285714286,48.79500364742671,49.72451580988452,0.0,100.0,1.0115606936416184,1.0263929618768328,1,4,2024-02-02,2500.0
Rajahmundry APMC,Paddy,2024-01-26,0.5,2183.0,2183.0,2183.0,2183.0,2183.0,2183.0,2183.0,0.0,9.54682477514295e-06,0.0,0.0,1.0,1.0,1,4,2024-02-02,2183.0
Rajahmundry APMC,Swarna Masuri (New),2024-01-26,0.5,2203.0,2203.0,2203.0,2203.0,2203.0,2203.0,2203.0,0.0,1.877426223966805e-05,0.0,0.0,1.0,1.0,1,4,2024-02-02,2203.0
Atmakur (Nandyal District) APMC,Sona Mahsuri,2024-01-27,0.01,2183.0,2183.0,2183.0,2183.0,2183.0,2183.0,2183.0,0.0,0.0,0.0,0.0,1.0,1.0,1,5,2024-02-03,2183.0
Banaganapalli APMC,Sona Mahsuri,2024-01-27,0.01,2400.0,2600.0,2500.0,2500.0,2400.0,2485.714285714286,2442.8571428571427,37.796447300922736,51.355259101309365,0.0,100.0,1.0057471264367817,1.023391812865497,1,5,2024-02-03,2500.0
Rajahmundry APMC,Paddy,2024-01-27,0.5,2183.0,2183.0,2183.0,2183.0,2183.0,2183.0,2183.0,0.0,9.54682477514295e-06,0.0,0.0,1.0,1.0,1,5,2024-02-03,2183.0
Rajahmundry APMC,Swarna Masuri (New),2024-01-27,0.5,2203.0,2203.0,2203.0,2203.0,2203.0,2203.0,2203.0,0.0,1.877426223966805e-05,0.0,0.0,1.0,1.0,1,5,2024-02-03,2203.0
Sampara (Kakinada Rural) APMC,Swarna Masuri (New),2024-01-27,1.0,2183.0,2193.0,2183.0,2183.0,2183.0,2183.0,2183.0,0.0,0.0,0.0,0.0,1.0,1.0,1,5,2024-02-03,2183.0
Rajahmundry APMC,Swarna Masuri (New),2024-01-28,0.5,2203.0,2203.0,2203.0,2203.0,2203.0,2203.0,2203.0,0.0,1.877426223966805e-05,0.0,0.0,1.0,1.0,1,6,2024-02-04,2203.0
Atmakur (Nandyal District) APMC,Sona Mahsuri,2024-01-28,0.01,2183.0,2183.0,2183.0,2183.0,2183.0,2183.0,2183.0,0.0,0.0,0.0,0.0,1.0,1.0,1,6,2024-02-05,2183.0
Banaganapalli APMC,Sona Mahsuri,2024-01-28,0.01,2400.0,2600.0,2500.0,2500.0,2500.0,2500.0,2450.0,0.0,51.88745216627683,0.0,0.0,1.0,1.020408163265306,1,6,2024-02-04,2500.0
Rajahmundry APMC,Paddy,2024-01-28,0.5,2183.0,2183.0,2183.0,2183.0,2183.0,2183.0,2183.0,0.0,9.54682477514295e-06,0.0,0.0,1.0,1.0,1,6,2024-02-04,2183.0
Rajahmundry APMC,Paddy,2024-01-29,0.5,2183.0,2183.0,2183.0,2183.0,2183.0,2183.0,2183.0,0.0,9.54682477514295e-06,0.0,0.0,1.0,1.0,1,0,2024-02-05,2183.0
Rajahmundry APMC,Swarna Masuri (New),2024-01-29,0.5,2203.0,2203.0,2203.0,2203.0,2203.0,2203.0,2203.0,0.0,1.877426223966805e-05,0.0,0.0,1.0,1.0,1,0,2024-02-05,2203.0
Atmakur (Nandyal District) APMC,Sona Mahsuri,2024-01-29,0.01,2183.0,2183.0,2183.0,2183.0,2183.0,2183.0,2183.0,0.0,0.0,0.0,0.0,1.0,1.0,1,0,2024-02-05,2183.0
Banaganapalli APMC,Sona Mahsuri,2024-01-29,0.01,2400.0,2600.0,2500.0,2500.0,2500.0,2500.0,2457.1428571428573,0.0,51.35525910130925,0.0,0.0,1.0,1.017441860465116,1,0,2024-02-05,2500.0
Atmakur (Nandyal District) APMC,Sona Mahsuri,2024-01-30,0.01,2183.0,2183.0,2183.0,2183.0,2183.0,2183.0,2183.0,0.0,0.0,0.0,0.0,1.0,1.0,1,1,2024-02-06,2183.0
Banaganapalli APMC,Sona Mahsuri,2024-01-30,0.01,2400.0,2600.0,2500.0,2500.0,2500.0,2500.0,2464.285714285714,0.0,49.72451580988432,0.0,0.0,1.0,1.0144927536231885,1,1,2024-02-07,2500.0
Rajahmundry APMC,Paddy,2024-01-30,0.5,2183.0,2183.0,2183.0,2183.0,2183.0,2183.0,2183.0,0.0,9.54682477514295e-06,0.0,0.0,1.0,1.0,1,1,2024-02-07,2183.0
Rajahmundry APMC,Swarna Masuri (New),2024-01-30,0.5,2203.0,2203.0,2203.0,2203.0,2203.0,2203.0,2203.0,0.0,1.877426223966805e-05,0.0,0.0,1.0,1.0,1,1,2024-02-07,2203.0
Atmakur (Nandyal District) APMC,Sona Mahsuri,2024-01-31,0.01,2183.0,2183.0,2183.0,2183.0,2183.0,2183.0,2183.0,0.0,0.0,0.0,0.0,1.0,1.0,1,2,2024-02-07,2183.0
Banaganapalli APMC,Sona Mahsuri,2024-01-31,0.01,2400.0,2600.0,2500.0,2500.0,2500.0,2500.0,2471.428571428572,0.0,46.88072309384911,0.0,0.0,1.0,1.0115606936416184,1,2,2024-02-07,2500.0
Rajahmundry APMC,Paddy,2024-01-31,0.5,2183.0,2183.0,2183.0,2183.0,2183.0,2183.0,2183.0,0.0,9.54682477514295e-06,0.0,0.0,1.0,1.0,1,2,2024-02-07,2183.0
Rajahmundry APMC,Swarna Masuri (New),2024-01-31,0.5,2203.0,2203.0,2203.0,2203.0,2203.0,2203.0,2203.0,0.0,1.877426223966805e-05,0.0,0.0,1.0,1.0,1,2,2024-02-07,2203.0
Sampara (Kakinada Rural) APMC,Swarna Masuri (New),2024-01-31,1.0,2183.0,2193.0,2183.0,2183.0,2183.0,2183.0,2183.0,0.0,0.0,0.0,0.0,1.0,1.0,1,2,2024-02-07,2183.0
Rajahmundry APMC,Swarna Masuri (New),2024-02-01,0.5,2203.0,2203.0,2203.0,2203.0,2203.0,2203.0,2203.0,0.0,1.877426223966805e-05,0.0,0.0,1.0,1.0,2,3,2024-02-08,2203.0
Rajahmundry APMC,Paddy,2024-02-01,0.5,2183.0,2183.0,2183.0,2183.0,2183.0,2183.0,2183.0,0.0,9.54682477514295e-06,0.0,0.0,1.0,1.0,2,3,2024-02-08,2183.0
Atmakur (Nandyal District) APMC,Sona Mahsuri,2024-02-01,0.01,2183.0,2183.0,2183.0,2183.0,2183.0,2183.0,2183.0,0.0,0.0,0.0,0.0,1.0,1.0,2,3,2024-02-08,2183.0
Banaganapalli APMC,Sona Mahsuri,2024-02-01,0.01,2400.0,2600.0,2500.0,2500.0,2500.0,2500.0,2478.5714285714284,0.0,42.5815313626315,0.0,0.0,1.0,1.0086455331412103,2,3,2024-02-08,2500.0
Atmakur (Nandyal District) APMC,Sona Mahsuri,2024-02-02,0.01,2183.0,2183.0,2183.0,2183.0,2183.0,2183.0,2183.0,0.0,0.0,0.0,0.0,1.0,1.0,2,4,2024-02-09,2183.0
Banaganapalli APMC,Sona Mahsuri,2024-02-02,0.01,2400.0,2600.0,2500.0,2500.0,2500.0,2500.0,2485.714285714286,0.0,36.3136519601275,0.0,0.0,1.0,1.0057471264367817,2,4,2024-02-09,2500.0
Rajahmundry APMC,Paddy,2024-02-02,0.5,2183.0,2183.0,2183.0,2183.0,2183.0,2183.0,2183.0,0.0,9.54682477514295e-06,0.0,0.0,1.0,1.0,2,4,2024-02-09,2183.0
Rajahmundry APMC,Swarna Masuri (New),2024-02-02,0.5,2203.0,2203.0,2203.0,2203.0,2203.0,2203.0,2203.0,0.0,1.877426223966805e-05,0.0,0.0,1.0,1.0,2,4,2024-02-09,2203.0
Sampara (Kakinada Rural) APMC,Swarna Masuri (New),2024-02-02,1.0,2183.0,2193.0,2183.0,2183.0,2183.0,2183.0,2183.0,0.0,0.0,0.0,0.0,1.0,1.0,2,4,2024-02-09,2183.0
Sampara (Kakinada Rural) APMC,Swarna Masuri (New),2024-02-03,1.0,2183.0,2183.0,2183.0,2183.0,2183.0,2183.0,2183.0,0.0,0.0,0.0,0.0,1.0,1.0,2,5,2024-02-13,2183.0
Atmakur (Nandyal District) APMC,Sona Mahsuri,2024-02-03,0.01,2183.0,2183.0,2183.0,2183.0,2183.0,2183.0,2183.0,0.0,0.0,0.0,0.0,1.0,1.0,2,5,2024-02-10,2183.0
Banaganapalli APMC,Sona Mahsuri,2024-02-03,0.01,2400.0,2600.0,2500.0,2500.0,2500.0,2500.0,2492.8571428571427,0.0,26.726124191241546,0.0,0.0,1.0,1.002865329512894,2,5,2024-02-10,2500.0
Rajahmundry APMC,Paddy,2024-02-03,0.5,2183.0,2183.0,2183.0,2183.0,2183.0,2183.0,2183.0,0.0,9.54682477514295e-06,0.0,0.0,1.0,1.0,2,5,2024-02-10,2183.0
Rajahmundry APMC,Swarna Masuri (New),2024-02-03,0.5,2203.0,2203.0,2203.0,2203.0,2203.0,2203.0,2203.0,0.0,1.877426223966805e-05,0.0,0.0,1.0,1.0,2,5,2024-02-10,2203.0
Rajahmundry APMC,Paddy,2024-02-04,0.5,2183.0,2183.0,2183.0,2183.0,2183.0,2183.0,2183.0,0.0,9.54682477514295e-06,0.0,0.0,1.0,1.0,2,6,2024-02-11,2183.0
Rajahmundry APMC,Swarna Masuri (New),2024-02-04,0.5,2203.0,2203.0,2203.0,2203.0,2203.0,2203.0,2203.0,0.0,1.877426223966805e-05,0.0,0.0,1.0,1.0,2,6,2024-02-11,2203.0
Banaganapalli APMC,Sona Mahsuri,2024-02-04,0.01,2400.0,2600.0,2500.0,2500.0,2500.0,2500.0,2500.0,0.0,0.0,0.0,0.0,1.0,1.0,2,6,2024-02-11,2500.0
Atmakur (Nandyal District) APMC,Sona Mahsuri,2024-02-05,0.01,2183.0,2183.0,2183.0,2183.0,2183.0,2183.0,2183.0,0.0,0.0,0.0,0.0,1.0,1.0,2,0,2024-02-12,2183.0
Banaganapalli APMC,Sona Mahsuri,2024-02-05,0.01,2400.0,2600.0,2500.0,2500.0,2500.0,2500.0,2500.0,0.0,0.0,0.0,0.0,1.0,1.0,2,0,2024-02-12,2500.0
Rajahmundry APMC,Paddy,2024-02-05,0.5,2183.0,2183.0,2183.0,2183.0,2183.0,2183.0,2183.0,0.0,9.54682477514295e-06,0.0,0.0,1.0,1.0,2,0,2024-02-12,2183.0
Rajahmundry APMC,Swarna Masuri (New),2024-02-05,0.5,2203.0,2203.0,2203.0,2203.0,2203.0,2203.0,2203.0,0.0,1.877426223966805e-05,0.0,0.0,1.0,1.0,2,0,2024-02-12,2203.0
Atmakur (Nandyal District) APMC,Sona Mahsuri,2024-02-06,0.01,2183.0,2183.0,2183.0,2183.0,2183.0,2183.0,2183.0,0.0,0.0,0.0,0.0,1.0,1.0,2,1,2024-02-13,2183.0
Atmakur (Nandyal District) APMC,Sona Mahsuri,2024-02-07,0.01,2183.0,2183.0,2183.0,2183.0,2183.0,2183.0,2183.0,0.0,0.0,0.0,0.0,1.0,1.0,2,2,2024-02-14,2183.0
Banaganapalli APMC,Sona Mahsuri,2024-02-07,0.01,2400.0,2600.0,2500.0,2500.0,2500.0,2500.0,2500.0,0.0,0.0,0.0,0.0,1.0,1.0,2,2,2024-02-14,2500.0
Rajahmundry APMC,Paddy,2024-02-07,0.5,2183.0,2183.0,2183.0,2183.0,2183.0,2183.0,2183.0,0.0,9.54682477514295e-06,0.0,0.0,1.0,1.0,2,2,2024-02-14,2183.0
Rajahmundry APMC,Swarna Masuri (New),2024-02-07,0.5,2203.0,2203.0,2203.0,2203.0,2203.0,2203.0,2203.0,0.0,1.877426223966805e-05,0.0,0.0,1.0,1.0,2,2,2024-02-14,2203.0
Sampara (Kakinada Rural) APMC,Swarna Masuri (New),2024-02-07,1.0,2183.0,2193.0,2183.0,2183.0,2183.0,2183.0,2183.0,0.0,0.0,0.0,0.0,1.0,1.0,2,2,2024-02-15,2183.0
Rajahmundry APMC,Paddy,2024-02-08,0.5,2183.0,2183.0,2183.0,2183.0,2183.0,2183.0,2183.0,0.0,9.54682477514295e-06,0.0,0.0,1.0,1.0,2,3,2024-02-16,2183.0
Rajahmundry APMC,Swarna Masuri (New),2024-02-08,0.5,2203.0,2203.0,2203.0,2203.0,2203.0,2203.0,2203.0,0.0,1.877426223966805e-05,0.0,0.0,1.0,1.0,2,3,2024-02-16,2203.0
Atmakur (Nandyal District) APMC,Sona Mahsuri,2024-02-08,0.01,2183.0,2183.0,2183.0,2183.0,2183.0,2183.0,2183.0,0.0,0.0,0.0,0.0,1.0,1.0,2,3,2024-02-15,2183.0
Banaganapalli APMC,Sona Mahsuri,2024-02-08,0.01,2400.0,2600.0,2500.0,2500.0,2500.0,2500.0,2500.0,0.0,0.0,0.0,0.0,1.0,1.0,2,3,2024-02-15,2500.0
Atmakur (Nandyal District) APMC,Sona Mahsuri,2024-02-09,0.01,2183.0,2183.0,2183.0,2183.0,2183.0,2183.0,2183.0,0.0,0.0,0.0,0.0,1.0,1.0,2,4,2024-02-16,2183.0
Banaganapalli APMC,Sona Mahsuri,2024-02-09,0.01,2400.0,2600.0,2500.0,2500.0,2500.0,2500.0,2500.0,0.0,0.0,0.0,0.0,1.0,1.0,2,4,2024-02-16,2500.0
Rajahmundry APMC,Paddy,2024-02-09,0.5,2183.0,2183.0,2183.0,2183.0,2183.0,2183.0,2183.0,0.0,9.54682477514295e-06,0.0,0.0,1.0,1.0,2,4,2024-02-16,2183.0
Rajahmundry APMC,Swarna Masuri (New),2024-02-09,0.5,2203.0,2203.0,2203.0,2203.0,2203.0,2203.0,2203.0,0.0,1.877426223966805e-05,0.0,0.0,1.0,1.0,2,4,2024-02-16,2203.0
Sampara (Kakinada Rural) APMC,Swarna Masuri (New),2024-02-09,1.0,2183.0,2193.0,2183.0,2183.0,2183.0,2183.0,2183.0,0.0,0.0,0.0,0.0,1.0,1.0,2,4,2024-02-19,2183.0
Atmakur (Nandyal District) APMC,Sona Mahsuri,2024-02-10,0.01,2183.0,2183.0,2183.0,2183.0,2183.0,2183.0,2183.0,0.0,0.0,0.0,0.0,1.0,1.0,2,5,2024-02-17,2183.0
Banaganapalli APMC,Sona Mahsuri,2024-02-10,0.01,2400.0,2600.0,2500.0,2500.0,2500.0,2500.0,2500.0,0.0,0.0,0.0,0.0,1.0,1.0,2,5,2024-02-17,2500.0
Rajahmundry APMC,Paddy,2024-02-10,0.5,2183.0,2183.0,2183.0,2183.0,2183.0,2183.0,2183.0,0.0,9.54682477514295e-06,0.0,0.0,1.0,1.0,2,5,2024-02-17,2183.0
Rajahmundry APMC,Swarna Masuri (New),2024-02-10,0.5,2203.0,2203.0,2203.0,2203.0,2203.0,2203.0,2203.0,0.0,1.877426223966805e-05,0.0,0.0,1.0,1.0,2,5,2024-02-17,2203.0
Atmakur (Nandyal District) APMC,Sona Mahsuri,2024-02-11,0.01,2183.0,2183.0,2183.0,2183.0,2183.0,2183.0,2183.0,0.0,0.0,0.0,0.0,1.0,1.0,2,6,2024-02-18,2183.0
Banaganapalli APMC,Sona Mahsuri,2024-02-11,0.01,2400.0,2600.0,2500.0,2500.0,2500.0,2500.0,2500.0,0.0,0.0,0.0,0.0,1.0,1.0,2,6,2024-02-18,2500.0
Rajahmundry APMC,Paddy,2024-02-11,0.5,2183.0,2183.0,2183.0,2183.0,2183.0,2183.0,2183.0,0.0,9.54682477514295e-06,0.0,0.0,1.0,1.0,2,6,2024-02-18,2183.0
Rajahmundry APMC,Swarna Masuri (New),2024-02-11,0.5,2203.0,2203.0,2203.0,2203.0,2203.0,2203.0,2203.0,0.0,1.877426223966805e-05,0.0,0.0,1.0,1.0,2,6,2024-02-18,2203.0
Rajahmundry APMC,Swarna Masuri (New),2024-02-12,0.5,2203.0,2203.0,2203.0,2203.0,2203.0,2203.0,2203.0,0.0,1.877426223966805e-05,0.0,0.0,1.0,1.0,2,0,2024-02-19,2203.0
Rajahmundry APMC,Paddy,2024-02-12,0.5,2183.0,2183.0,2183.0,2183.0,2183.0,2183.0,2183.0,0.0,9.54682477514295e-06,0.0,0.0,1.0,1.0,2,0,2024-02-19,2183.0
Atmakur (Nandyal District) APMC,Sona Mahsuri,2024-02-12,0.01,2183.0,2183.0,2183.0,2183.0,2183.0,2183.0,2183.0,0.0,0.0,0.0,0.0,1.0,1.0,2,0,2024-02-19,2183.0
Banaganapalli APMC,Sona Mahsuri,2024-02-12,0.01,2400.0,2600.0,2500.0,2500.0,2500.0,2500.0,2500.0,0.0,0.0,0.0,0.0,1.0,1.0,2,0,2024-02-19,2500.0
Atmakur (Nandyal District) APMC,Sona Mahsuri,2024-02-13,0.01,2183.0,2183.0,2183.0,2183.0,2183.0,2183.0,2183.0,0.0,0.0,0.0,0.0,1.0,1.0,2,1,2024-02-20,2183.0
Banaganapalli APMC,Sona Mahsuri,2024-02-13,0.01,2400.0,2600.0,2500.0,2500.0,2500.0,2500.0,2500.0,0.0,0.0,0.0,0.0,1.0,1.0,2,1,2024-02-20,2500.0
Rajahmundry APMC,Paddy,2024-02-13,0.5,2183.0,2183.0,2183.0,2183.0,2183.0,2183.0,2183.0,0.0,9.54682477514295e-06,0.0,0.0,1.0,1.0,2,1,2024-02-20,2183.0
Rajahmundry APMC,Swarna Masuri (New),2024-02-13,0.5,2203.0,2203.0,2203.0,2203.0,2203.0,2203.0,2203.0,0.0,1.877426223966805e-05,0.0,0.0,1.0,1.0,2,1,2024-02-20,2203.0
Sampara (Kakinada Rural) APMC,Swarna Masuri (New),2024-02-13,1.0,2183.0,2193.0,2183.0,2183.0,2183.0,2183.0,2183.0,0.0,0.0,0.0,0.0,1.0,1.0,2,1,2024-02-20,2183.0
Atmakur (Nandyal District) APMC,Sona Mahsuri,2024-02-14,0.01,2183.0,2183.0,2183.0,2183.0,2183.0,2183.0,2183.0,0.0,0.0,0.0,0.0,1.0,1.0,2,2,2024-02-21,2183.0
Banaganapalli APMC,Sona Mahsuri,2024-02-14,0.01,2400.0,2600.0,2500.0,2500.0,2500.0,2500.0,2500.0,0.0,0.0,0.0,0.0,1.0,1.0,2,2,2024-02-21,2500.0
Rajahmundry APMC,Paddy,2024-02-14,0.5,2183.0,2183.0,2183.0,2183.0,2183.0,2183.0,2183.0,0.0,9.54682477514295e-06,0.0,0.0,1.0,1.0,2,2,2024-02-21,2183.0
Rajahmundry APMC,Swarna Masuri (New),2024-02-14,0.5,2203.0,2203.0,2203.0,2203.0,2203.0,2203.0,2203.0,0.0,1.877426223966805e-05,0.0,0.0,1.0,1.0,2,2,2024-02-21,2203.0
Banaganapalli APMC,Sona Mahsuri,2024-02-15,0.01,2400.0,2600.0,2500.0,2500.0,2500.0,2500.0,2500.0,0.0,0.0,0.0,0.0,1.0,1.0,2,3,2024-02-22,2500.0
Sampara (Kakinada Rural) APMC,Swarna Masuri (New),2024-02-15,1.0,2183.0,2193.0,2183.0,2183.0,2183.0,2183.0,2183.0,0.0,0.0,0.0,0.0,1.0,1.0,2,3,2024-02-22,2183.0
Atmakur (Nandyal District) APMC,Sona Mahsuri,2024-02-15,0.01,2183.0,2183.0,2183.0,2183.0,2183.0,2183.0,2183.0,0.0,0.0,0.0,0.0,1.0,1.0,2,3,2024-02-22,2183.0
Banaganapalli APMC,Sona Mahsuri,2024-02-16,0.01,2400.0,2600.0,2500.0,2500.0,2500.0,2500.0,2500.0,0.0,0.0,0.0,0.0,1.0,1.0,2,4,2024-02-23,2500.0
Rajahmundry APMC,Paddy,2024-02-16,0.5,2183.0,2183.0,2183.0,2183.0,2183.0,2183.0,2183.0,0.0,9.54682477514295e-06,0.0,0.0,1.0,1.0,2,4,2024-02-23,2183.0
Rajahmundry APMC,Swarna Masuri (New),2024-02-16,0.5,2203.0,2203.0,2203.0,2203.0,2203.0,2203.0,2203.0,0.0,1.877426223966805e-05,0.0,0.0,1.0,1.0,2,4,2024-02-23,2203.0
Atmakur (Nandyal District) APMC,Sona Mahsuri,2024-02-16,0.01,2183.0,2183.0,2183.0,2183.0,2183.0,2183.0,2183.0,0.0,0.0,0.0,0.0,1.0,1.0,2,4,2024-02-23,2183.0
Atmakur (Nandyal District) APMC,Sona Mahsuri,2024-02-17,0.01,2183.0,2183.0,2183.0,2183.0,2183.0,2183.0,2183.0,0.0,0.0,0.0,0.0,1.0,1.0,2,5,2024-02-24,2183.0
Banaganapalli APMC,Sona Mahsuri,2024-02-17,0.01,2400.0,2600.0,2500.0,2500.0,2500.0,2500.0,2500.0,0.0,0.0,0.0,0.0,1.0,1.0,2,5,2024-02-24,2500.0
Rajahmundry APMC,Paddy,2024-02-17,0.5,2183.0,2183.0,2183.0,2183.0,2183.0,2183.0,2183.0,0.0,9.54682477514295e-06,0.0,0.0,1.0,1.0,2,5,2024-02-24,2183.0
Rajahmundry APMC,Swarna Masuri (New),2024-02-17,0.5,2203.0,2203.0,2203.0,2203.0,2203.0,2203.0,2203.0,0.0,1.877426223966805e-05,0.0,0.0,1.0,1.0,2,5,2024-02-24,2203.0
Atmakur (Nandyal District) APMC,Sona Mahsuri,2024-02-18,0.01,2183.0,2183.0,2183.0,2183.0,2183.0,2183.0,2183.0,0.0,0.0,0.0,0.0,1.0,1.0,2,6,2024-02-25,2183.0
Banaganapalli APMC,Sona Mahsuri,2024-02-18,0.01,2400.0,2600.0,2500.0,2500.0,2500.0,2500.0,2500.0,0.0,0.0,0.0,0.0,1.0,1.0,2,6,2024-02-25,2500.0
Rajahmundry APMC,Paddy,2024-02-18,0.5,2183.0,2183.0,2183.0,2183.0,2183.0,2183.0,2183.0,0.0,9.54682477514295e-06,0.0,0.0,1.0,1.0,2,6,2024-02-25,2183.0
Rajahmundry APMC,Swarna Masuri (New),2024-02-18,0.5,2203.0,2203.0,2203.0,2203.0,2203.0,2203.0,2203.0,0.0,1.877426223966805e-05,0.0,0.0,1.0,1.0,2,6,2024-02-25,2203.0
Rajahmundry APMC,Swarna Masuri (New),2024-02-19,0.5,2203.0,2203.0,2203.0,2203.0,2203.0,2203.0,2203.0,0.0,1.877426223966805e-05,0.0,0.0,1.0,1.0,2,0,2024-02-26,2203.0
Sampara (Kakinada Rural) APMC,Swarna Masuri (New),2024-02-19,1.0,2183.0,2193.0,2183.0,2183.0,2183.0,2183.0,2183.0,0.0,0.0,0.0,0.0,1.0,1.0,2,0,2024-02-27,2183.0
Rajahmundry APMC,Paddy,2024-02-19,0.5,2183.0,2183.0,2183.0,2183.0,2183.0,2183.0,2183.0,0.0,9.54682477514295e-06,0.0,0.0,1.0,1.0,2,0,2024-02-26,2183.0
Atmakur (Nandyal District) APMC,Sona Mahsuri,2024-02-19,0.01,2183.0,2183.0,2183.0,2183.0,2183.0,2183.0,2183.0,0.0,0.0,0.0,0.0,1.0,1.0,2,0,2024-02-26,2183.0
Banaganapalli APMC,Sona Mahsuri,2024-02-19,0.01,2400.0,2600.0,2500.0,2500.0,2500.0,2500.0,2500.0,0.0,0.0,0.0,0.0,1.0,1.0,2,0,2024-02-26,2500.0
Atmakur (Nandyal District) APMC,Sona Mahsuri,2024-02-20,0.01,2183.0,2183.0,2183.0,2183.0,2183.0,2183.0,2183.0,0.0,0.0,0.0,0.0,1.0,1.0,2,1,2024-02-27,2183.0
Banaganapalli APMC,Sona Mahsuri,2024-02-20,0.01,2400.0,2600.0,2500.0,2500.0,2500.0,2500.0,2500.0,0.0,0.0,0.0,0.0,1.0,1.0,2,1,2024-02-27,2400.0
Rajahmundry APMC,Paddy,2024-02-20,0.5,2183.0,2183.0,2183.0,2183.0,2183.0,2183.0,2183.0,0.0,9.54682477514295e-06,0.0,0.0,1.0,1.0,2,1,2024-02-28,2183.0
Rajahmundry APMC,Swarna Masuri (New),2024-02-20,0.5,2203.0,2203.0,2203.0,2203.0,2203.0,2203.0,2203.0,0.0,1.877426223966805e-05,0.0,0.0,1.0,1.0,2,1,2024-02-28,2203.0
Sampara (Kakinada Rural) APMC,Swarna Masuri (New),2024-02-20,1.0,2183.0,2193.0,2183.0,2183.0,2183.0,2183.0,2183.0,0.0,0.0,0.0,0.0,1.0,1.0,2,1,2024-02-27,2183.0
Atmakur (Nandyal District) APMC,Sona Mahsuri,2024-02-21,0.01,2183.0,2183.0,2183.0,2183.0,2183.0,2183.0,2183.0,0.0,0.0,0.0,0.0,1.0,1.0,2,2,2024-02-28,2183.0
Banaganapalli APMC,Sona Mahsuri,2024-02-21,0.01,2400.0,2600.0,2500.0,2500.0,2500.0,2500.0,2500.0,0.0,0.0,0.0,0.0,1.0,1.0,2,2,2024-02-28,2400.0
Rajahmundry APMC,Paddy,2024-02-21,0.5,2183.0,2183.0,2183.0,2183.0,2183.0,2183.0,2183.0,0.0,9.54682477514295e-06,0.0,0.0,1.0,1.0,2,2,2024-02-28,2183.0
Rajahmundry APMC,Swarna Masuri (New),2024-02-21,0.5,2203.0,2203.0,2203.0,2203.0,2203.0,2203.0,2203.0,0.0,1.877426223966805e-05,0.0,0.0,1.0,1.0,2,2,2024-02-28,2203.0
Sampara (Kakinada Rural) APMC,Swarna Masuri (New),2024-02-21,1.0,2183.0,2193.0,2183.0,2183.0,2183.0,2183.0,2183.0,0.0,0.0,0.0,0.0,1.0,1.0,2,2,2024-02-29,2183.0
Sampara (Kakinada Rural) APMC,Swarna Masuri (New),2024-02-22,1.0,2183.0,2193.0,2183.0,2183.0,2183.0,2183.0,2183.0,0.0,0.0,0.0,0.0,1.0,1.0,2,3,2024-02-29,2183.0
Rajahmundry APMC,Swarna Masuri (New),2024-02-22,0.5,2203.0,2203.0,2203.0,2203.0,2203.0,2203.0,2203.0,0.0,1.877426223966805e-05,0.0,0.0,1.0,1.0,2,3,2024-02-29,2203.0
Rajahmundry APMC,Paddy,2024-02-22,0.5,2183.0,2183.0,2183.0,2183.0,2183.0,2183.0,2183.0,0.0,9.54682477514295e-06,0.0,0.0,1.0,1.0,2,3,2024-02-29,2183.0
Atmakur (Nandyal District) APMC,Sona Mahsuri,2024-02-22,0.01,2183.0,2183.0,2183.0,2183.0,2183.0,2183.0,2183.0,0.0,0.0,0.0,0.0,1.0,1.0,2,3,2024-02-29,2183.0
Banaganapalli APMC,Sona Mahsuri,2024-02-22,0.01,2400.0,2600.0,2500.0,2500.0,2500.0,2500.0,2500.0,0.0,0.0,0.0,0.0,1.0,1.0,2,3,2024-02-29,2400.0
Atmakur (Nandyal District) APMC,Sona Mahsuri,2024-02-23,0.01,2183.0,2183.0,2183.0,2183.0,2183.0,2183.0,2183.0,0.0,0.0,0.0,0.0,1.0,1.0,2,4,2024-03-01,2183.0
Banaganapalli APMC,Sona Mahsuri,2024-02-23,0.01,2400.0,2600.0,2500.0,2500.0,2500.0,2500.0,2500.0,0.0,0.0,0.0,0.0,1.0,1.0,2,4,2024-03-01,2500.0
Rajahmundry APMC,Paddy,2024-02-23,0.5,2183.0,2183.0,2183.0,2183.0,2183.0,2183.0,2183.0,0.0,9.54682477514295e-06,0.0,0.0,1.0,1.0,2,4,2024-03-01,2183.0
Rajahmundry APMC,Swarna Masuri (New),2024-02-23,0.5,2203.0,2203.0,2203.0,2203.0,2203.0,2203.0,2203.0,0.0,1.877426223966805e-05,0.0,0.0,1.0,1.0,2,4,2024-03-01,2203.0
Sampara (Kakinada Rural) APMC,Swarna Masuri (New),2024-02-23,1.0,2183.0,2193.0,2183.0,2183.0,2183.0,2183.0,2183.0,0.0,0.0,0.0,0.0,1.0,1.0,2,4,2024-03-02,2183.0
Atmakur (Nandyal District) APMC,Sona Mahsuri,2024-02-24,0.01,2183.0,2183.0,2183.0,2183.0,2183.0,2183.0,2183.0,0.0,0.0,0.0,0.0,1.0,1.0,2,5,2024-03-02,2183.0
Banaganapalli APMC,Sona Mahsuri,2024-02-24,0.01,2400.0,2600.0,2500.0,2500.0,2500.0,2500.0,2500.0,0.0,0.0,0.0,0.0,1.0,1.0,2,5,2024-03-02,2500.0
Rajahmundry APMC,Paddy,2024-02-24,0.5,2183.0,2183.0,2183.0,2183.0,2183.0,2183.0,2183.0,0.0,9.54682477514295e-06,0.0,0.0,1.0,1.0,2,5,2024-03-02,2183.0
Rajahmundry APMC,Swarna Masuri (New),2024-02-24,0.5,2203.0,2203.0,2203.0,2203.0,2203.0,2203.0,2203.0,0.0,1.877426223966805e-05,0.0,0.0,1.0,1.0,2,5,2024-03-02,2203.0
Sampara (Kakinada Rural) APMC,Swarna Masuri (New),2024-02-24,1.0,2183.0,2193.0,2183.0,2183.0,2183.0,2183.0,2183.0,0.0,0.0,0.0,0.0,1.0,1.0,2,5,2024-03-02,2183.0
Rajahmundry APMC,Swarna Masuri (New),2024-02-25,0.5,2203.0,2203.0,2203.0,2203.0,2203.0,2203.0,2203.0,0.0,1.877426223966805e-05,0.0,0.0,1.0,1.0,2,6,2024-03-03,2203.0
Rajahmundry APMC,Paddy,2024-02-25,0.5,2183.0,2183.0,2183.0,2183.0,2183.0,2183.0,2183.0,0.0,9.54682477514295e-06,0.0,0.0,1.0,1.0,2,6,2024-03-03,2183.0
Atmakur (Nandyal District) APMC,Sona Mahsuri,2024-02-25,0.01,2183.0,2183.0,2183.0,2183.0,2183.0,2183.0,2183.0,0.0,0.0,0.0,0.0,1.0,1.0,2,6,2024-03-03,2183.0
Banaganapalli APMC,Sona Mahsuri,2024-02-25,0.01,2400.0,2600.0,2500.0,2500.0,2500.0,2500.0,2500.0,0.0,0.0,0.0,0.0,1.0,1.0,2,6,2024-03-03,2500.0
Atmakur (Nandyal District) APMC,Sona Mahsuri,2024-02-26,0.01,2183.0,2183.0,2183.0,2183.0,2183.0,2183.0,2183.0,0.0,0.0,0.0,0.0,1.0,1.0,2,0,2024-03-04,2183.0
Banaganapalli APMC,Sona Mahsuri,2024-02-26,0.01,2400.0,2600.0,2500.0,2500.0,2500.0,2500.0,2500.0,0.0,0.0,0.0,0.0,1.0,1.0,2,0,2024-03-04,2500.0
Rajahmundry APMC,Paddy,2024-02-26,0.5,2183.0,2183.0,2183.0,2183.0,2183.0,2183.0,2183.0,0.0,9.54682477514295e-06,0.0,0.0,1.0,1.0,2,0,2024-03-04,2183.0
Rajahmundry APMC,Swarna Masuri (New),2024-02-26,0.5,2203.0,2203.0,2203.0,2203.0,2203.0,2203.0,2203.0,0.0,1.877426223966805e-05,0.0,0.0,1.0,1.0,2,0,2024-03-04,2203.0
Atmakur (Nandyal District) APMC,Sona Mahsuri,2024-02-27,0.01,2183.0,2183.0,2183.0,2183.0,2183.0,2183.0,2183.0,0.0,0.0,0.0,0.0,1.0,1.0,2,1,2024-03-05,2183.0
Banaganapalli APMC,Sona Mahsuri,2024-02-27,0.01,2300.0,2500.0,2400.0,2500.0,2500.0,2500.0,2500.0,0.0,0.0,-100.0,-100.0,0.96,0.96,2,1,2024-03-05,2400.0
Sampara (Kakinada Rural) APMC,Swarna Masuri (New),2024-02-27,1.0,2183.0,2193.0,2183.0,2183.0,2183.0,2183.0,2183.0,0.0,0.0,0.0,0.0,1.0,1.0,2,1,2024-03-06,2183.0
Atmakur (Nandyal District) APMC,Sona Mahsuri,2024-02-28,0.01,2183.0,2183.0,2183.0,2183.0,2183.0,2183.0,2183.0,0.0,0.0,0.0,0.0,1.0,1.0,2,2,2024-03-06,2183.0
Banaganapalli APMC,Sona Mahsuri,2024-02-28,0.01,2300.0,2500.0,2400.0,2400.0,2500.0,2485.714285714286,2492.8571428571427,37.796447300922736,26.72612419124241,0.0,-100.0,0.9655172413793104,0.9627507163323784,2,2,2024-03-06,2400.0
Rajahmundry APMC,Paddy,2024-02-28,0.5,2183.0,2183.0,2183.0,2183.0,2183.0,2183.0,2183.0,0.0,9.54682477514295e-06,0.0,0.0,1.0,1.0,2,2,2024-03-06,2183.0
Rajahmundry APMC,Swarna Masuri (New),2024-02-28,0.5,2203.0,2203.0,2203.0,2203.0,2203.0,2203.0,2203.0,0.0,1.877426223966805e-05,0.0,0.0,1.0,1.0,2,2,2024-03-06,2203.0
Sampara (Kakinada Rural) APMC,Swarna Masuri (New),2024-02-29,1.0,2183.0,2193.0,2183.0,2183.0,2183.0,2183.0,2183.0,0.0,0.0,0.0,0.0,1.0,1.0,2,3,2024-03-11,2183.0
Rajahmundry APMC,Swarna Masuri (New),2024-02-29,0.5,2203.0,2203.0,2203.0,2203.0,2203.0,2203.0,2203.0,0.0,1.877426223966805e-05,0.0,0.0,1.0,1.0,2,3,2024-03-07,2203.0
Banaganapalli APMC,Sona Mahsuri,2024-02-29,0.01,2300.0,2500.0,2400.0,2400.0,2500.0,2471.428571428572,2485.714285714286,48.79500364742671,36.31365196012805,0.0,-100.0,0.9710982658959536,0.9655172413793104,2,3,2024-03-07,2400.0
Atmakur (Nandyal District) APMC,Sona Mahsuri,2024-02-29,0.01,2183.0,2183.0,2183.0,2183.0,2183.0,2183.0,2183.0,0.0,0.0,0.0,0.0,1.0,1.0,2,3,2024-03-07,2183.0
Rajahmundry APMC,Paddy,2024-02-29,0.5,2183.0,2183.0,2183.0,2183.0,2183.0,2183.0,2183.0,0.0,9.54682477514295e-06,0.0,0.0,1.0,1.0,2,3,2024-03-07,2183.0
Atmakur (Nandyal District) APMC,Sona Mahsuri,2024-03-01,0.01,2183.0,2183.0,2183.0,2183.0,2183.0,2183.0,2183.0,0.0,0.0,0.0,0.0,1.0,1.0,3,4,2024-03-08,2183.0
Banaganapalli APMC,Sona Mahsuri,2024-03-01,0.01,2400.0,2600.0,2500.0,2400.0,2500.0,2457.1428571428573,2478.5714285714284,53.452248382485,42.581531362631885,100.0,0.0,1.017441860465116,1.0086455331412103,3,4,2024-03-08,2400.0
Rajahmundry APMC,Paddy,2024-03-01,0.5,2183.0,2183.0,2183.0,2183.0,2183.0,2183.0,2183.0,0.0,9.54682477514295e-06,0.0,0.0,1.0,1.0,3,4,2024-03-08,2183.0
Rajahmundry APMC,Swarna Masuri (New),2024-03-01,0.5,2203.0,2203.0,2203.0,2203.0,2203.0,2203.0,2203.0,0.0,1.877426223966805e-05,0.0,0.0,1.0,1.0,3,4,2024-03-08,2203.0
Sampara (Kakinada Rural) APMC,Swarna Masuri (New),2024-03-02,1.0,2183.0,2193.0,2183.0,2183.0,2183.0,2183.0,2183.0,0.0,0.0,0.0,0.0,1.0,1.0,3,5,2024-03-11,2183.0
Atmakur (Nandyal District) APMC,Sona Mahsuri,2024-03-02,0.01,2183.0,2183.0,2183.0,2183.0,2183.0,2183.0,2183.0,0.0,0.0,0.0,0.0,1.0,1.0,3,5,2024-03-09,2183.0
Banaganapalli APMC,Sona Mahsuri,2024-03-02,0.01,2400.0,2600.0,2500.0,2500.0,2500.0,2457.1428571428573,2478.5714285714284,53.452248382485,42.581531362631885,0.0,0.0,1.017441860465116,1.0086455331412103,3,5,2024-03-09,2400.0
Rajahmundry APMC,Paddy,2024-03-02,0.5,2183.0,2183.0,2183.0,2183.0,2183.0,2183.0,2183.0,0.0,9.54682477514295e-06,0.0,0.0,1.0,1.0,3,5,2024-03-09,2183.0
Rajahmundry APMC,Swarna Masuri (New),2024-03-02,0.5,2203.0,2203.0,2203.0,2203.0,2203.0,2203.0,2203.0,0.0,1.877426223966805e-05,0.0,0.0,1.0,1.0,3,5,2024-03-09,2203.0
Rajahmundry APMC,Swarna Masuri (New),2024-03-03,0.5,2203.0,2203.0,2203.0,2203.0,2203.0,2203.0,2203.0,0.0,1.877426223966805e-05,0.0,0.0,1.0,1.0,3,6,2024-03-10,2203.0
Rajahmundry APMC,Paddy,2024-03-03,0.5,2183.0,2183.0,2183.0,2183.0,2183.0,2183.0,2183.0,0.0,9.54682477514295e-06,0.0,0.0,1.0,1.0,3,6,2024-03-10,2183.0
Atmakur (Nandyal District) APMC,Sona Mahsuri,2024-03-03,0.01,2183.0,2183.0,2183.0,2183.0,2183.0,2183.0,2183.0,0.0,0.0,0.0,0.0,1.0,1.0,3,6,2024-03-10,2183.0
Banaganapalli APMC,Sona Mahsuri,2024-03-03,0.01,2400.0,2600.0,2500.0,2500.0,2500.0,2457.1428571428573,2478.5714285714284,53.452248382485,42.581531362631885,0.0,0.0,1.017441860465116,1.0086455331412103,3,6,2024-03-10,2400.0
Atmakur (Nandyal District) APMC,Sona Mahsuri,2024-03-04,0.01,2183.0,2183.0,2183.0,2183.0,2183.0,2183.0,2183.0,0.0,0.0,0.0,0.0,1.0,1.0,3,0,2024-03-11,2183.0
Banaganapalli APMC,Sona Mahsuri,2024-03-04,0.01,2400.0,2600.0,2500.0,2500.0,2500.0,2457.1428571428573,2478.5714285714284,53.452248382485,42.581531362631885,0.0,0.0,1.017441860465116,1.0086455331412103,3,0,2024-03-11,2400.0
Rajahmundry APMC,Paddy,2024-03-04,0.5,2183.0,2183.0,2183.0,2183.0,2183.0,2183.0,2183.0,0.0,9.54682477514295e-06,0.0,0.0,1.0,1.0,3,0,2024-03-11,2183.0
Rajahmundry APMC,Swarna Masuri (New),2024-03-04,0.5,2203.0,2203.0,2203.0,2203.0,2203.0,2203.0,2203.0,0.0,1.877426223966805e-05,0.0,0.0,1.0,1.0,3,0,2024-03-11,2203.0
Atmakur (Nandyal District) APMC,Sona Mahsuri,2024-03-05,0.01,2183.0,2183.0,2183.0,2183.0,2183.0,2183.0,2183.0,0.0,0.0,0.0,0.0,1.0,1.0,3,1,2024-03-12,2183.0
Banaganapalli APMC,Sona Mahsuri,2024-03-05,0.01,2300.0,2500.0,2400.0,2500.0,2400.0,2457.1428571428573,2478.5714285714284,53.452248382485,42.581531362631885,-100.0,0.0,0.9767441860465116,0.968299711815562,3,1,2024-03-12,2400.0
Rajahmundry APMC,Paddy,2024-03-05,0.5,2183.0,2183.0,2183.0,2183.0,2183.0,2183.0,2183.0,0.0,9.54682477514295e-06,0.0,0.0,1.0,1.0,3,1,2024-03-12,2183.0
Rajahmundry APMC,Swarna Masuri (New),2024-03-05,0.5,2203.0,2203.0,2203.0,2203.0,2203.0,2203.0,2203.0,0.0,1.877426223966805e-05,0.0,0.0,1.0,1.0,3,1,2024-03-12,2203.0
Sampara (Kakinada Rural) APMC,Swarna Masuri (New),2024-03-06,1.0,2183.0,2193.0,2183.0,2183.0,2183.0,2183.0,2183.0,0.0,0.0,0.0,0.0,1.0,1.0,3,2,2024-03-13,2183.0
Rajahmundry APMC,Paddy,2024-03-06,0.5,2183.0,2183.0,2183.0,2183.0,2183.0,2183.0,2183.0,0.0,9.54682477514295e-06,0.0,0.0,1.0,1.0,3,2,2024-03-13,2183.0
Rajahmundry APMC,Swarna Masuri (New),2024-03-06,0.5,2203.0,2203.0,2203.0,2203.0,2203.0,2203.0,2203.0,0.0,1.877426223966805e-05,0.0,0.0,1.0,1.0,3,2,2024-03-13,2203.0
Atmakur (Nandyal District) APMC,Sona Mahsuri,2024-03-06,0.01,2183.0,2183.0,2183.0,2183.0,2183.0,2183.0,2183.0,0.0,0.0,0.0,0.0,1.0,1.0,3,2,2024-03-13,2183.0
Banaganapalli APMC,Sona Mahsuri,2024-03-06,0.01,2300.0,2500.0,2400.0,2400.0,2400.0,2457.1428571428573,2471.428571428572,53.452248382485,46.88072309384939,0.0,0.0,0.9767441860465116,0.9710982658959536,3,2,2024-03-13,2400.0
Atmakur (Nandyal District) APMC,Sona Mahsuri,2024-03-07,0.01,2183.0,2183.0,2183.0,2183.0,2183.0,2183.0,2183.0,0.0,0.0,0.0,0.0,1.0,1.0,3,3,2024-03-14,2183.0
Banaganapalli APMC,Sona Mahsuri,2024-03-07,0.01,2300.0,2500.0,2400.0,2400.0,2400.0,2457.1428571428573,2464.285714285714,53.452248382485,49.72451580988452,0.0,0.0,0.9767441860465116,0.9739130434782608,3,3,2024-03-14,2400.0
Rajahmundry APMC,Paddy,2024-03-07,0.5,2183.0,2183.0,2183.0,2183.0,2183.0,2183.0,2183.0,0.0,9.54682477514295e-06,0.0,0.0,1.0,1.0,3,3,2024-03-14,2183.0
Rajahmundry APMC,Swarna Masuri (New),2024-03-07,0.5,2203.0,2203.0,2203.0,2203.0,2203.0,2203.0,2203.0,0.0,1.877426223966805e-05,0.0,0.0,1.0,1.0,3,3,2024-03-14,2203.0
Atmakur (Nandyal District) APMC,Sona Mahsuri,2024-03-08,0.01,2183.0,2183.0,2183.0,2183.0,2183.0,2183.0,2183.0,0.0,0.0,0.0,0.0,1.0,1.0,3,4,2024-03-15,2183.0
Banaganapalli APMC,Sona Mahsuri,2024-03-08,0.01,2300.0,2500.0,2400.0,2400.0,2500.0,2457.1428571428573,2457.1428571428573,53.452248382485,51.355259101309365,0.0,-100.0,0.9767441860465116,0.9767441860465116,3,4,2024-03-15,2400.0
Rajahmundry APMC,Paddy,2024-03-08,0.5,2183.0,2183.0,2183.0,2183.0,2183.0,2183.0,2183.0,0.0,9.54682477514295e-06,0.0,0.0,1.0,1.0,3,4,2024-03-15,2183.0
Rajahmundry APMC,Swarna Masuri (New),2024-03-08,0.5,2203.0,2203.0,2203.0,2203.0,2203.0,2203.0,2203.0,0.0,1.877426223966805e-05,0.0,0.0,1.0,1.0,3,4,2024-03-15,2203.0
Rajahmundry APMC,Paddy,2024-03-09,0.5,2183.0,2183.0,2183.0,2183.0,2183.0,2183.0,2183.0,0.0,9.54682477514295e-06,0.0,0.0,1.0,1.0,3,5,2024-03-16,2183.0
Rajahmundry APMC,Swarna Masuri (New),2024-03-09,0.5,2203.0,2203.0,2203.0,2203.0,2203.0,2203.0,2203.0,0.0,1.877426223966805e-05,0.0,0.0,1.0,1.0,3,5,2024-03-16,2203.0
Rajahmundry APMC,Paddy,2024-03-10,0.5,2183.0,2183.0,2183.0,2183.0,2183.0,2183.0,2183.0,0.0,9.54682477514295e-06,0.0,0.0,1.0,1.0,3,6,2024-03-19,2183.0
Rajahmundry APMC,Swarna Masuri (New),2024-03-10,0.5,2203.0,2203.0,2203.0,2203.0,2203.0,2203.0,2203.0,0.0,1.877426223966805e-05,0.0,0.0,1.0,1.0,3,6,2024-03-19,2203.0
Rajahmundry APMC,Swarna Masuri (New),2024-03-11,0.5,2203.0,2203.0,2203.0,2203.0,2203.0,2203.0,2203.0,0.0,1.877426223966805e-05,0.0,0.0,1.0,1.0,3,0,2024-03-19,2203.0
Rajahmundry APMC,Paddy,2024-03-11,0.5,2183.0,2183.0,2183.0,2183.0,2183.0,2183.0,2183.0,0.0,9.54682477514295e-06,0.0,0.0,1.0,1.0,3,0,2024-03-19,2183.0
Sampara (Kakinada Rural) APMC,Swarna Masuri (New),2024-03-12,1.0,2183.0,2193.0,2183.0,2183.0,2183.0,2183.0,2183.0,0.0,0.0,0.0,0.0,1.0,1.0,3,1,2024-03-26,2183.0
Rajahmundry APMC,Paddy,2024-03-12,0.5,2183.0,2183.0,2183.0,2183.0,2183.0,2183.0,2183.0,0.0,9.54682477514295e-06,0.0,0.0,1.0,1.0,3,1,2024-03-19,2183.0
Rajahmundry APMC,Swarna Masuri (New),2024-03-12,0.5,2203.0,2203.0,2203.0,2203.0,2203.0,2203.0,2203.0,0.0,1.877426223966805e-05,0.0,0.0,1.0,1.0,3,1,2024-03-19,2203.0
Rajahmundry APMC,Paddy,2024-03-13,0.5,2183.0,2183.0,2183.0,2183.0,2183.0,2183.0,2183.0,0.0,9.54682477514295e-06,0.0,0.0,1.0,1.0,3,2,2024-03-20,2183.0
Rajahmundry APMC,Swarna Masuri (New),2024-03-13,0.5,2203.0,2203.0,2203.0,2203.0,2203.0,2203.0,2203.0,0.0,1.877426223966805e-05,0.0,0.0,1.0,1.0,3,2,2024-03-20,2203.0
Sampara (Kakinada Rural) APMC,Swarna Masuri (New),2024-03-13,1.0,2183.0,2193.0,2183.0,2183.0,2183.0,2183.0,2183.0,0.0,0.0,0.0,0.0,1.0,1.0,3,2,2024-03-26,2183.0
Rajahmundry APMC,Paddy,2024-03-14,0.5,2183.0,2183.0,2183.0,2183.0,2183.0,2183.0,2183.0,0.0,9.54682477514295e-06,0.0,0.0,1.0,1.0,3,3,2024-03-21,2183.0
Rajahmundry APMC,Swarna Masuri (New),2024-03-14,0.5,2203.0,2203.0,2203.0,2203.0,2203.0,2203.0,2203.0,0.0,1.877426223966805e-05,0.0,0.0,1.0,1.0,3,3,2024-03-21,2203.0
Rajahmundry APMC,Paddy,2024-03-15,0.5,2183.0,2183.0,2183.0,2183.0,2183.0,2183.0,2183.0,0.0,9.54682477514295e-06,0.0,0.0,1.0,1.0,3,4,2024-03-22,2183.0
Rajahmundry APMC,Swarna Masuri (New),2024-03-15,0.5,2203.0,2203.0,2203.0,2203.0,2203.0,2203.0,2203.0,0.0,1.877426223966805e-05,0.0,0.0,1.0,1.0,3,4,2024-03-22,2203.0
Sampara (Kakinada Rural) APMC,Swarna Masuri (New),2024-03-15,1.0,2183.0,2193.0,2183.0,2183.0,2183.0,2183.0,2183.0,0.0,0.0,0.0,0.0,1.0,1.0,3,4,2024-03-26,2183.0
Rajahmundry APMC,Paddy,2024-03-16,0.5,2183.0,2183.0,2183.0,2183.0,2183.0,2183.0,2183.0,0.0,9.54682477514295e-06,0.0,0.0,1.0,1.0,3,5,2024-03-23,2183.0
Rajahmundry APMC,Swarna Masuri (New),2024-03-16,0.5,2203.0,2203.0,2203.0,2203.0,2203.0,2203.0,2203.0,0.0,1.877426223966805e-05,0.0,0.0,1.0,1.0,3,5,2024-03-23,2203.0
Sampara (Kakinada Rural) APMC,Swarna Masuri (New),2024-03-16,1.0,2183.0,2193.0,2183.0,2183.0,2183.0,2183.0,2183.0,0.0,0.0,0.0,0.0,1.0,1.0,3,5,2024-03-26,2183.0
Rajahmundry APMC,Swarna Masuri (New),2024-03-19,0.5,2203.0,2203.0,2203.0,2203.0,2203.0,2203.0,2203.0,0.0,1.877426223966805e-05,0.0,0.0,1.0,1.0,3,1,2024-03-26,2203.0
Rajahmundry APMC,Paddy,2024-03-19,0.5,2183.0,2183.0,2183.0,2183.0,2183.0,2183.0,2183.0,0.0,9.54682477514295e-06,0.0,0.0,1.0,1.0,3,1,2024-03-26,2183.0
Rajahmundry APMC,Paddy,2024-03-20,0.5,2183.0,2183.0,2183.0,2183.0,2183.0,2183.0,2183.0,0.0,9.54682477514295e-06,0.0,0.0,1.0,1.0,3,2,2024-03-27,2183.0
Rajahmundry APMC,Swarna Masuri (New),2024-03-20,0.5,2203.0,2203.0,2203.0,2203.0,2203.0,2203.0,2203.0,0.0,1.877426223966805e-05,0.0,0.0,1.0,1.0,3,2,2024-03-27,2203.0
Rajahmundry APMC,Paddy,2024-03-21,0.5,2183.0,2183.0,2183.0,2183.0,2183.0,2183.0,2183.0,0.0,9.54682477514295e-06,0.0,0.0,1.0,1.0,3,3,2024-03-28,2183.0
Rajahmundry APMC,Swarna Masuri (New),2024-03-21,0.5,2203.0,2203.0,2203.0,2203.0,2203.0,2203.0,2203.0,0.0,1.877426223966805e-05,0.0,0.0,1.0,1.0,3,3,2024-03-28,2203.0
Rajahmundry APMC,Paddy,2024-03-22,0.5,2183.0,2183.0,2183.0,2183.0,2183.0,2183.0,2183.0,0.0,9.54682477514295e-06,0.0,0.0,1.0,1.0,3,4,2024-03-29,2183.0
Rajahmundry APMC,Swarna Masuri (New),2024-03-22,0.5,2203.0,2203.0,2203.0,2203.0,2203.0,2203.0,2203.0,0.0,1.877426223966805e-05,0.0,0.0,1.0,1.0,3,4,2024-03-29,2203.0
Rajahmundry APMC,Paddy,2024-03-23,0.5,2183.0,2183.0,2183.0,2183.0,2183.0,2183.0,2183.0,0.0,9.54682477514295e-06,0.0,0.0,1.0,1.0,3,5,2024-03-31,2183.0
Rajahmundry APMC,Swarna Masuri (New),2024-03-23,0.5,2203.0,2203.0,2203.0,2203.0,2203.0,2203.0,2203.0,0.0,1.877426223966805e-05,0.0,0.0,1.0,1.0,3,5,2024-03-31,2203.0
Rajahmundry APMC,Paddy,2024-03-25,0.5,2183.0,2183.0,2183.0,2183.0,2183.0,2183.0,2183.0,0.0,9.54682477514295e-06,0.0,0.0,1.0,1.0,3,0,2024-04-01,2183.0
Rajahmundry APMC,Swarna Masuri (New),2024-03-25,0.5,2203.0,2203.0,2203.0,2203.0,2203.0,2203.0,2203.0,0.0,1.877426223966805e-05,0.0,0.0,1.0,1.0,3,0,2024-04-01,2203.0
Rajahmundry APMC,Swarna Masuri (New),2024-03-26,0.5,2203.0,2203.0,2203.0,2203.0,2203.0,2203.0,2203.0,0.0,1.877426223966805e-05,0.0,0.0,1.0,1.0,3,1,2024-04-05,2203.0
Rajahmundry APMC,Paddy,2024-03-26,0.5,2183.0,2183.0,2183.0,2183.0,2183.0,2183.0,2183.0,0.0,9.54682477514295e-06,0.0,0.0,1.0,1.0,3,1,2024-04-05,2183.0
Rajahmundry APMC,Swarna Masuri (New),2024-03-27,0.5,2203.0,2203.0,2203.0,2203.0,2203.0,2203.0,2203.0,0.0,1.877426223966805e-05,0.0,0.0,1.0,1.0,3,2,2024-04-05,2203.0
Rajahmundry APMC,Paddy,2024-03-27,0.5,2183.0,2183.0,2183.0,2183.0,2183.0,2183.0,2183.0,0.0,9.54682477514295e-06,0.0,0.0,1.0,1.0,3,2,2024-04-05,2183.0
Rajahmundry APMC,Paddy,2024-03-28,0.5,2183.0,2183.0,2183.0,2183.0,2183.0,2183.0,2183.0,0.0,9.54682477514295e-06,0.0,0.0,1.0,1.0,3,3,2024-04-05,2183.0
Rajahmundry APMC,Swarna Masuri (New),2024-03-28,0.5,2203.0,2203.0,2203.0,2203.0,2203.0,2203.0,2203.0,0.0,1.877426223966805e-05,0.0,0.0,1.0,1.0,3,3,2024-04-05,2203.0
Rajahmundry APMC,Paddy,2024-03-29,0.5,2183.0,2183.0,2183.0,2183.0,2183.0,2183.0,2183.0,0.0,9.54682477514295e-06,0.0,0.0,1.0,1.0,3,4,2024-04-05,2183.0
Rajahmundry APMC,Swarna Masuri (New),2024-03-29,0.5,2203.0,2203.0,2203.0,2203.0,2203.0,2203.0,2203.0,0.0,1.877426223966805e-05,0.0,0.0,1.0,1.0,3,4,2024-04-05,2203.0
Rajahmundry APMC,Paddy,2024-03-31,0.5,2183.0,2183.0,2183.0,2183.0,2183.0,2183.0,2183.0,0.0,9.54682477514295e-06,0.0,0.0,1.0,1.0,3,6,2024-04-07,2183.0
Rajahmundry APMC,Swarna Masuri (New),2024-03-31,0.5,2203.0,2203.0,2203.0,2203.0,2203.0,2203.0,2203.0,0.0,1.877426223966805e-05,0.0,0.0,1.0,1.0,3,6,2024-04-07,2203.0
Rajahmundry APMC,Paddy,2024-04-01,0.5,2183.0,2183.0,2183.0,2183.0,2183.0,2183.0,2183.0,0.0,9.54682477514295e-06,0.0,0.0,1.0,1.0,4,0,2024-04-08,2183.0
Rajahmundry APMC,Swarna Masuri (New),2024-04-01,0.5,2203.0,2203.0,2203.0,2203.0,2203.0,2203.0,2203.0,0.0,1.877426223966805e-05,0.0,0.0,1.0,1.0,4,0,2024-04-08,2203.0
Rajahmundry APMC,Paddy,2024-04-05,0.5,2183.0,2183.0,2183.0,2183.0,2183.0,2183.0,2183.0,0.0,9.54682477514295e-06,0.0,0.0,1.0,1.0,4,4,2024-04-12,2183.0
Rajahmundry APMC,Swarna Masuri (New),2024-04-05,0.5,2203.0,2203.0,2203.0,2203.0,2203.0,2203.0,2203.0,0.0,1.877426223966805e-05,0.0,0.0,1.0,1.0,4,4,2024-04-12,2203.0
Rajahmundry APMC,Paddy,2024-04-06,0.5,2183.0,2183.0,2183.0,2183.0,2183.0,2183.0,2183.0,0.0,9.54682477514295e-06,0.0,0.0,1.0,1.0,4,5,2024-04-13,2183.0
Rajahmundry APMC,Swarna Masuri (New),2024-04-06,0.5,2203.0,2203.0,2203.0,2203.0,2203.0,2203.0,2203.0,0.0,1.877426223966805e-05,0.0,0.0,1.0,1.0,4,5,2024-04-13,2203.0
Rajahmundry APMC,Swarna Masuri (New),2024-04-07,0.5,2203.0,2203.0,2203.0,2203.0,2203.0,2203.0,2203.0,0.0,1.877426223966805e-05,0.0,0.0,1.0,1.0,4,6,2024-04-14,2203.0
Rajahmundry APMC,Paddy,2024-04-07,0.5,2183.0,2183.0,2183.0,2183.0,2183.0,2183.0,2183.0,0.0,9.54682477514295e-06,0.0,0.0,1.0,1.0,4,6,2024-04-14,2183.0
Rajahmundry APMC,Paddy,2024-04-08,0.5,2183.0,2183.0,2183.0,2183.0,2183.0,2183.0,2183.0,0.0,9.54682477514295e-06,0.0,0.0,1.0,1.0,4,0,2024-04-15,2183.0
Rajahmundry APMC,Swarna Masuri (New),2024-04-08,0.5,2203.0,2203.0,2203.0,2203.0,2203.0,2203.0,2203.0,0.0,1.877426223966805e-05,0.0,0.0,1.0,1.0,4,0,2024-04-15,2203.0
Rajahmundry APMC,Paddy,2024-04-09,0.5,2183.0,2183.0,2183.0,2183.0,2183.0,2183.0,2183.0,0.0,9.54682477514295e-06,0.0,0.0,1.0,1.0,4,1,2024-04-16,2183.0
Rajahmundry APMC,Swarna Masuri (New),2024-04-09,0.5,2203.0,2203.0,2203.0,2203.0,2203.0,2203.0,2203.0,0.0,1.877426223966805e-05,0.0,0.0,1.0,1.0,4,1,2024-04-16,2203.0
Rajahmundry APMC,Paddy,2024-04-10,0.5,2183.0,2183.0,2183.0,2183.0,2183.0,2183.0,2183.0,0.0,9.54682477514295e-06,0.0,0.0,1.0,1.0,4,2,2024-04-17,2183.0
Rajahmundry APMC,Swarna Masuri (New),2024-04-10,0.5,2203.0,2203.0,2203.0,2203.0,2203.0,2203.0,2203.0,0.0,1.877426223966805e-05,0.0,0.0,1.0,1.0,4,2,2024-04-17,2203.0
Tiruvuru APMC,Sona,2024-04-10,100.0,2250.0,2400.0,2300.0,2310.0,2300.0,2301.428571428572,2299.285714285714,3.779644730160436,6.1572792621696175,-10.0,0.0,0.999379267535692,1.0003106554830694,4,2,2024-04-19,2300.0
Rajahmundry APMC,Paddy,2024-04-12,0.5,2183.0,2183.0,2183.0,2183.0,2183.0,2183.0,2183.0,0.0,9.54682477514295e-06,0.0,0.0,1.0,1.0,4,4,2024-04-19,2183.0
Rajahmundry APMC,Swarna Masuri (New),2024-04-12,0.5,2203.0,2203.0,2203.0,2203.0,2203.0,2203.0,2203.0,0.0,1.877426223966805e-05,0.0,0.0,1.0,1.0,4,4,2024-04-19,2203.0
Tiruvuru APMC,Sona,2024-04-12,50.0,2203.0,2400.0,2300.0,2300.0,2300.0,2301.428571428572,2300.714285714286,3.779644730160436,2.6726124191722493,0.0,0.0,0.999379267535692,0.999689537410742,4,4,2024-04-19,2300.0
Rajahmundry APMC,Swarna Masuri (New),2024-04-13,0.5,2203.0,2203.0,2203.0,2203.0,2203.0,2203.0,2203.0,0.0,1.877426223966805e-05,0.0,0.0,1.0,1.0,4,5,2024-04-20,2203.0
Tiruvuru APMC,Sona,2024-04-13,116.0,2200.0,2400.0,2300.0,2300.0,2300.0,2301.428571428572,2300.714285714286,3.779644730160436,2.6726124191722493,0.0,0.0,0.999379267535692,0.999689537410742,4,5,2024-04-20,2300.0
Rajahmundry APMC,Paddy,2024-04-13,0.5,2183.0,2183.0,2183.0,2183.0,2183.0,2183.0,2183.0,0.0,9.54682477514295e-06,0.0,0.0,1.0,1.0,4,5,2024-04-20,2183.0
Tiruvuru APMC,Sona,2024-04-14,120.0,2203.0,2400.0,2300.0,2300.0,2300.0,2301.428571428572,2300.714285714286,3.779644730160436,2.6726124191722493,0.0,0.0,0.999379267535692,0.999689537410742,4,6,2024-04-21,2300.0
Rajahmundry APMC,Swarna Masuri (New),2024-04-14,0.5,2203.0,2203.0,2203.0,2203.0,2203.0,2203.0,2203.0,0.0,1.877426223966805e-05,0.0,0.0,1.0,1.0,4,6,2024-04-21,2203.0
Rajahmundry APMC,Paddy,2024-04-14,0.5,2183.0,2183.0,2183.0,2183.0,2183.0,2183.0,2183.0,0.0,9.54682477514295e-06,0.0,0.0,1.0,1.0,4,6,2024-04-21,2183.0
Rajahmundry APMC,Paddy,2024-04-15,0.5,2183.0,2183.0,2183.0,2183.0,2183.0,2183.0,2183.0,0.0,9.54682477514295e-06,0.0,0.0,1.0,1.0,4,0,2024-04-22,2183.0
Rajahmundry APMC,Swarna Masuri (New),2024-04-15,0.5,2203.0,2203.0,2203.0,2203.0,2203.0,2203.0,2203.0,0.0,1.877426223966805e-05,0.0,0.0,1.0,1.0,4,0,2024-04-22,2203.0
Tiruvuru APMC,Sona,2024-04-15,152.0,2200.0,2360.0,2280.0,2300.0,2300.0,2301.428571428572,2300.714285714286,3.779644730160436,2.6726124191722493,-20.0,-20.0,0.9906890130353816,0.990996584911518,4,0,2024-04-22,2300.0
Rajahmundry APMC,Paddy,2024-04-16,0.5,2183.0,2183.0,2183.0,2183.0,2183.0,2183.0,2183.0,0.0,9.54682477514295e-06,0.0,0.0,1.0,1.0,4,1,2024-04-24,2183.0
Rajahmundry APMC,Swarna Masuri (New),2024-04-16,0.5,2203.0,2203.0,2203.0,2203.0,2203.0,2203.0,2203.0,0.0,1.877426223966805e-05,0.0,0.0,1.0,1.0,4,1,2024-04-24,2203.0
Tiruvuru APMC,Sona,2024-04-16,55.0,2200.0,2400.0,2300.0,2280.0,2300.0,2298.5714285714284,2299.285714285714,8.997354108452422,6.1572792621696175,20.0,0.0,1.0006215040397763,1.0003106554830694,4,1,2024-04-23,2300.0
Rajahmundry APMC,Paddy,2024-04-17,0.5,2183.0,2183.0,2183.0,2183.0,2183.0,2183.0,2183.0,0.0,9.54682477514295e-06,0.0,0.0,1.0,1.0,4,2,2024-04-24,2183.0
Rajahmundry APMC,Swarna Masuri (New),2024-04-17,0.5,2203.0,2203.0,2203.0,2203.0,2203.0,2203.0,2203.0,0.0,1.877426223966805e-05,0.0,0.0,1.0,1.0,4,2,2024-04-24,2203.0
Rajahmundry APMC,Paddy,2024-04-18,0.5,2183.0,2183.0,2183.0,2183.0,2183.0,2183.0,2183.0,0.0,9.54682477514295e-06,0.0,0.0,1.0,1.0,4,3,2024-04-25,2183.0
Rajahmundry APMC,Swarna Masuri (New),2024-04-18,0.5,2203.0,2203.0,2203.0,2203.0,2203.0,2203.0,2203.0,0.0,1.877426223966805e-05,0.0,0.0,1.0,1.0,4,3,2024-04-25,2203.0
Sampara (Kakinada Rural) APMC,Swarna Masuri (New),2024-04-18,1.0,2183.0,2193.0,2183.0,2183.0,2183.0,2183.0,2183.0,0.0,0.0,0.0,0.0,1.0,1.0,4,3,2024-04-30,2183.0
Rajahmundry APMC,Swarna Masuri (New),2024-04-19,0.5,2203.0,2203.0,2203.0,2203.0,2203.0,2203.0,2203.0,0.0,1.877426223966805e-05,0.0,0.0,1.0,1.0,4,4,2024-04-27,2203.0
Tiruvuru APMC,Sona,2024-04-19,450.0,2200.0,2400.0,2300.0,2300.0,2310.0,2298.5714285714284,2299.285714285714,8.997354108452422,6.1572792621696175,0.0,-10.0,1.0006215040397763,1.0003106554830694,4,4,2024-04-26,2300.0
Rajahmundry APMC,Paddy,2024-04-19,0.5,2183.0,2183.0,2183.0,2183.0,2183.0,2183.0,2183.0,0.0,9.54682477514295e-06,0.0,0.0,1.0,1.0,4,4,2024-04-27,2183.0
Rajahmundry APMC,Paddy,2024-04-20,0.5,2183.0,2183.0,2183.0,2183.0,2183.0,2183.0,2183.0,0.0,9.54682477514295e-06,0.0,0.0,1.0,1.0,4,5,2024-04-27,2183.0
Rajahmundry APMC,Swarna Masuri (New),2024-04-20,0.5,2203.0,2203.0,2203.0,2203.0,2203.0,2203.0,2203.0,0.0,1.877426223966805e-05,0.0,0.0,1.0,1.0,4,5,2024-04-27,2203.0
Sampara (Kakinada Rural) APMC,Swarna Masuri (New),2024-04-20,1.0,2183.0,2193.0,2183.0,2183.0,2183.0,2183.0,2183.0,0.0,0.0,0.0,0.0,1.0,1.0,4,5,2024-04-30,2183.0
Tiruvuru APMC,Sona,2024-04-20,60.0,2200.0,2400.0,2300.0,2300.0,2300.0,2297.1428571428573,2299.285714285714,7.559289460217609,6.1572792621696175,0.0,0.0,1.0012437810945274,1.0003106554830694,4,5,2024-04-27,2350.0
Rajahmundry APMC,Paddy,2024-04-21,0.5,2183.0,2183.0,2183.0,2183.0,2183.0,2183.0,2183.0,0.0,9.54682477514295e-06,0.0,0.0,1.0,1.0,4,6,2024-04-28,2183.0
Rajahmundry APMC,Swarna Masuri (New),2024-04-21,0.5,2203.0,2203.0,2203.0,2203.0,2203.0,2203.0,2203.0,0.0,1.877426223966805e-05,0.0,0.0,1.0,1.0,4,6,2024-04-28,2203.0
Tiruvuru APMC,Sona,2024-04-21,60.0,2203.0,2400.0,2300.0,2300.0,2300.0,2297.1428571428573,2299.285714285714,7.559289460217609,6.1572792621696175,0.0,0.0,1.0012437810945274,1.0003106554830694,4,6,2024-05-02,2300.0
Rajahmundry APMC,Paddy,2024-04-22,0.5,2183.0,2183.0,2183.0,2183.0,2183.0,2183.0,2183.0,0.0,9.54682477514295e-06,0.0,0.0,1.0,1.0,4,0,2024-04-29,2183.0
Rajahmundry APMC,Swarna Masuri (New),2024-04-22,0.5,2203.0,2203.0,2203.0,2203.0,2203.0,2203.0,2203.0,0.0,1.877426223966805e-05,0.0,0.0,1.0,1.0,4,0,2024-04-29,2203.0
Tiruvuru APMC,Sona,2024-04-22,69.0,2203.0,2400.0,2300.0,2300.0,2300.0,2297.1428571428573,2299.285714285714,7.559289460217609,6.1572792621696175,0.0,0.0,1.0012437810945274,1.0003106554830694,4,0,2024-05-02,2300.0
Sampara (Kakinada Rural) APMC,Swarna Masuri (New),2024-04-23,1.0,2183.0,2193.0,2183.0,2183.0,2183.0,2183.0,2183.0,0.0,0.0,0.0,0.0,1.0,1.0,4,1,2024-04-30,2183.0
Tiruvuru APMC,Sona,2024-04-23,56.0,2200.0,2400.0,2300.0,2300.0,2300.0,2297.1428571428573,2299.285714285714,7.559289460217609,6.1572792621696175,0.0,0.0,1.0012437810945274,1.0003106554830694,4,1,2024-05-02,2300.0
Tiruvuru APMC,Sona,2024-04-24,60.0,2203.0,2400.0,2300.0,2300.0,2280.0,2297.1428571428573,2299.285714285714,7.559289460217609,6.1572792621696175,0.0,20.0,1.0012437810945274,1.0003106554830694,4,2,2024-05-02,2300.0
Sampara (Kakinada Rural) APMC,Swarna Masuri (New),2024-04-24,1.0,2183.0,2193.0,2183.0,2183.0,2183.0,2183.0,2183.0,0.0,0.0,0.0,0.0,1.0,1.0,4,2,2024-05-03,2183.0
Rajahmundry APMC,Paddy,2024-04-24,0.5,2183.0,2183.0,2183.0,2183.0,2183.0,2183.0,2183.0,0.0,9.54682477514295e-06,0.0,0.0,1.0,1.0,4,2,2024-05-01,2183.0
Rajahmundry APMC,Swarna Masuri (New),2024-04-24,0.5,2203.0,2203.0,2203.0,2203.0,2203.0,2203.0,2203.0,0.0,1.877426223966805e-05,0.0,0.0,1.0,1.0,4,2,2024-05-01,2203.0
Rajahmundry APMC,Paddy,2024-04-25,0.5,2183.0,2183.0,2183.0,2183.0,2183.0,2183.0,2183.0,0.0,9.54682477514295e-06,0.0,0.0,1.0,1.0,4,3,2024-05-02,2183.0
Rajahmundry APMC,Swarna Masuri (New),2024-04-25,0.5,2203.0,2203.0,2203.0,2203.0,2203.0,2203.0,2203.0,0.0,1.877426223966805e-05,0.0,0.0,1.0,1.0,4,3,2024-05-02,2203.0
Tiruvuru APMC,Sona,2024-04-25,70.0,2203.0,2400.0,2300.0,2300.0,2300.0,2300.0,2299.285714285714,2.2531501810706644e-05,6.1572792621696175,0.0,0.0,1.0,1.0003106554830694,4,3,2024-05-02,2300.0
Tiruvuru APMC,Sona,2024-04-26,65.0,2203.0,2400.0,2300.0,2300.0,2300.0,2300.0,2299.285714285714,2.2531501810706644e-05,6.1572792621696175,0.0,0.0,1.0,1.0003106554830694,4,4,2024-05-03,2300.0
Rajahmundry APMC,Paddy,2024-04-27,0.5,2183.0,2183.0,2183.0,2183.0,2183.0,2183.0,2183.0,0.0,9.54682477514295e-06,0.0,0.0,1.0,1.0,4,5,2024-05-04,2183.0
Rajahmundry APMC,Swarna Masuri (New),2024-04-27,0.5,2203.0,2203.0,2203.0,2203.0,2203.0,2203.0,2203.0,0.0,1.877426223966805e-05,0.0,0.0,1.0,1.0,4,5,2024-05-04,2203.0
Tiruvuru APMC,Sona,2024-04-27,45.0,2200.0,2400.0,2350.0,2300.0,2300.0,2300.0,2298.5714285714284,2.2531501810706644e-05,5.345224838272449,50.0,50.0,1.0217391304347827,1.0223741454319453,4,5,2024-05-04,2300.0
Rajahmundry APMC,Paddy,2024-04-28,0.5,2183.0,2183.0,2183.0,2183.0,2183.0,2183.0,2183.0,0.0,9.54682477514295e-06,0.0,0.0,1.0,1.0,4,6,2024-05-05,2183.0
Rajahmundry APMC,Swarna Masuri (New),2024-04-28,0.5,2203.0,2203.0,2203.0,2203.0,2203.0,2203.0,2203.0,0.0,1.877426223966805e-05,0.0,0.0,1.0,1.0,4,6,2024-05-05,2203.0
Rajahmundry APMC,Swarna Masuri (New),2024-04-29,0.5,2203.0,2203.0,2203.0,2203.0,2203.0,2203.0,2203.0,0.0,1.877426223966805e-05,0.0,0.0,1.0,1.0,4,0,2024-05-06,2203.0
Rajahmundry APMC,Paddy,2024-04-29,0.5,2183.0,2183.0,2183.0,2183.0,2183.0,2183.0,2183.0,0.0,9.54682477514295e-06,0.0,0.0,1.0,1.0,4,0,2024-05-06,2183.0
Sampara (Kakinada Rural) APMC,Swarna Masuri (New),2024-04-30,1.0,2183.0,2193.0,2183.0,2183.0,2183.0,2183.0,2183.0,0.0,0.0,0.0,0.0,1.0,1.0,4,1,2024-05-07,2183.0
Rajahmundry APMC,Paddy,2024-04-30,0.5,2183.0,2183.0,2183.0,2183.0,2183.0,2183.0,2183.0,0.0,9.54682477514295e-06,0.0,0.0,1.0,1.0,4,1,2024-05-07,2183.0
Rajahmundry APMC,Swarna Masuri (New),2024-04-30,0.5,2203.0,2203.0,2203.0,2203.0,2203.0,2203.0,2203.0,0.0,1.877426223966805e-05,0.0,0.0,1.0,1.0,4,1,2024-05-07,2203.0
Rajahmundry APMC,Paddy,2024-05-01,0.5,2183.0,2183.0,2183.0,2183.0,2183.0,2183.0,2183.0,0.0,9.54682477514295e-06,0.0,0.0,1.0,1.0,5,2,2024-05-08,2183.0
Rajahmundry APMC,Swarna Masuri (New),2024-05-01,0.5,2203.0,2203.0,2203.0,2203.0,2203.0,2203.0,2203.0,0.0,1.877426223966805e-05,0.0,0.0,1.0,1.0,5,2,2024-05-08,2203.0
Rajahmundry APMC,Paddy,2024-05-02,0.5,2183.0,2183.0,2183.0,2183.0,2183.0,2183.0,2183.0,0.0,9.54682477514295e-06,0.0,0.0,1.0,1.0,5,3,2024-05-10,2183.0
Rajahmundry APMC,Swarna Masuri (New),2024-05-02,0.5,2203.0,2203.0,2203.0,2203.0,2203.0,2203.0,2203.0,0.0,1.877426223966805e-05,0.0,0.0,1.0,1.0,5,3,2024-05-10,2203.0
Tiruvuru APMC,Sona,2024-05-02,45.0,2203.0,2400.0,2300.0,2350.0,2300.0,2307.1428571428573,2302.1428571428573,18.898223650475494,14.769288003560854,-50.0,0.0,0.9969040247678018,0.99906919019547,5,3,2024-05-09,2300.0
Sampara (Kakinada Rural) APMC,Swarna Masuri (New),2024-05-03,1.0,2183.0,2193.0,2183.0,2183.0,2183.0,2183.0,2183.0,0.0,0.0,0.0,0.0,1.0,1.0,5,4,2024-05-10,2183.0
Rajahmundry APMC,Paddy,2024-05-03,0.5,2183.0,2183.0,2183.0,2183.0,2183.0,2183.0,2183.0,0.0,9.54682477514295e-06,0.0,0.0,1.0,1.0,5,4,2024-05-10,2183.0
Rajahmundry APMC,Swarna Masuri (New),2024-05-03,0.5,2203.0,2203.0,2203.0,2203.0,2203.0,2203.0,2203.0,0.0,1.877426223966805e-05,0.0,0.0,1.0,1.0,5,4,2024-05-10,2203.0
Tiruvuru APMC,Sona,2024-05-03,50.0,2203.0,2400.0,2300.0,2300.0,2300.0,2307.1428571428573,2302.1428571428573,18.898223650475494,14.769288003560854,0.0,0.0,0.9969040247678018,0.99906919019547,5,4,2024-05-10,2300.0
Tiruvuru APMC,Sona,2024-05-04,50.0,2200.0,2400.0,2300.0,2300.0,2300.0,2307.1428571428573,2302.1428571428573,18.898223650475494,14.769288003560854,0.0,0.0,0.9969040247678018,0.99906919019547,5,5,2024-05-14,2300.0
Rajahmundry APMC,Swarna Masuri (New),2024-05-04,0.5,2203.0,2203.0,2203.0,2203.0,2203.0,2203.0,2203.0,0.0,1.877426223966805e-05,0.0,0.0,1.0,1.0,5,5,2024-05-13,2203.0
Rajahmundry APMC,Paddy,2024-05-04,0.5,2183.0,2183.0,2183.0,2183.0,2183.0,2183.0,2183.0,0.0,9.54682477514295e-06,0.0,0.0,1.0,1.0,5,5,2024-05-13,2183.0
Sampara (Kakinada Rural) APMC,Swarna Masuri (New),2024-05-04,1.0,2183.0,2183.0,2183.0,2183.0,2183.0,2183.0,2183.0,0.0,0.0,0.0,0.0,1.0,1.0,5,5,2024-05-15,2183.0
Rajahmundry APMC,Paddy,2024-05-05,0.5,2183.0,2183.0,2183.0,2183.0,2183.0,2183.0,2183.0,0.0,9.54682477514295e-06,0.0,0.0,1.0,1.0,5,6,2024-05-13,2183.0
Rajahmundry APMC,Swarna Masuri (New),2024-05-05,0.5,2203.0,2203.0,2203.0,2203.0,2203.0,2203.0,2203.0,0.0,1.877426223966805e-05,0.0,0.0,1.0,1.0,5,6,2024-05-13,2203.0
Rajahmundry APMC,Paddy,2024-05-06,0.5,2183.0,2183.0,2183.0,2183.0,2183.0,2183.0,2183.0,0.0,9.54682477514295e-06,0.0,0.0,1.0,1.0,5,0,2024-05-13,2183.0
Rajahmundry APMC,Swarna Masuri (New),2024-05-06,0.5,2203.0,2203.0,2203.0,2203.0,2203.0,2203.0,2203.0,0.0,1.877426223966805e-05,0.0,0.0,1.0,1.0,5,0,2024-05-13,2203.0
Sampara (Kakinada Rural) APMC,Swarna Masuri (New),2024-05-06,1.0,2183.0,2193.0,2183.0,2183.0,2183.0,2183.0,2183.0,0.0,0.0,0.0,0.0,1.0,1.0,5,0,2024-05-15,2183.0
Tiruvuru APMC,Sona,2024-05-06,30.0,2203.0,2400.0,2300.0,2300.0,2300.0,2307.1428571428573,2302.1428571428573,18.898223650475494,14.769288003560854,0.0,0.0,0.9969040247678018,0.99906919019547,5,0,2024-05-14,2300.0
Rajahmundry APMC,Paddy,2024-05-07,0.5,2183.0,2183.0,2183.0,2183.0,2183.0,2183.0,2183.0,0.0,9.54682477514295e-06,0.0,0.0,1.0,1.0,5,1,2024-05-14,2183.0
Rajahmundry APMC,Swarna Masuri (New),2024-05-07,0.5,2203.0,2203.0,2203.0,2203.0,2203.0,2203.0,2203.0,0.0,1.877426223966805e-05,0.0,0.0,1.0,1.0,5,1,2024-05-14,2203.0
Sampara (Kakinada Rural) APMC,Swarna Masuri (New),2024-05-07,1.0,2183.0,2193.0,2183.0,2183.0,2183.0,2183.0,2183.0,0.0,0.0,0.0,0.0,1.0,1.0,5,1,2024-05-15,2183.0
Tiruvuru APMC,Sona,2024-05-07,50.0,2203.0,2400.0,2300.0,2300.0,2300.0,2307.1428571428573,2303.5714285714284,18.898223650475494,13.363062095630928,0.0,0.0,0.9969040247678018,0.9984496124031008,5,1,2024-05-14,2300.0
Tiruvuru APMC,Sona,2024-05-08,55.0,2200.0,2400.0,2300.0,2300.0,2300.0,2307.1428571428573,2303.5714285714284,18.898223650475494,13.363062095630928,0.0,0.0,0.9969040247678018,0.9984496124031008,5,2,2024-05-15,2300.0
Sampara (Kakinada Rural) APMC,Swarna Masuri (New),2024-05-08,1.0,2183.0,2193.0,2183.0,2183.0,2183.0,2183.0,2183.0,0.0,0.0,0.0,0.0,1.0,1.0,5,2,2024-05-15,2183.0
Rajahmundry APMC,Paddy,2024-05-08,0.5,2183.0,2183.0,2183.0,2183.0,2183.0,2183.0,2183.0,0.0,9.54682477514295e-06,0.0,0.0,1.0,1.0,5,2,2024-05-15,2183.0
Rajahmundry APMC,Swarna Masuri (New),2024-05-08,0.5,2203.0,2203.0,2203.0,2203.0,2203.0,2203.0,2203.0,0.0,1.877426223966805e-05,0.0,0.0,1.0,1.0,5,2,2024-05-15,2203.0
Sampara (Kakinada Rural) APMC,Swarna Masuri (New),2024-05-09,1.0,2183.0,2193.0,2183.0,2183.0,2183.0,2183.0,2183.0,0.0,0.0,0.0,0.0,1.0,1.0,5,3,2024-05-16,2183.0
Tiruvuru APMC,Sona,2024-05-09,400.0,2203.0,2400.0,2300.0,2300.0,2350.0,2307.1428571428573,2303.5714285714284,18.898223650475494,13.363062095630928,0.0,-50.0,0.9969040247678018,0.9984496124031008,5,3,2024-05-16,2300.0
Rajahmundry APMC,Paddy,2024-05-10,0.5,2183.0,2183.0,2183.0,2183.0,2183.0,2183.0,2183.0,0.0,9.54682477514295e-06,0.0,0.0,1.0,1.0,5,4,2024-05-17,2183.0
Rajahmundry APMC,Swarna Masuri (New),2024-05-10,0.5,2203.0,2203.0,2203.0,2203.0,2203.0,2203.0,2203.0,0.0,1.877426223966805e-05,0.0,0.0,1.0,1.0,5,4,2024-05-17,2203.0
Sampara (Kakinada Rural) APMC,Swarna Masuri (New),2024-05-10,1.0,2183.0,2193.0,2183.0,2183.0,2183.0,2183.0,2183.0,0.0,0.0,0.0,0.0,1.0,1.0,5,4,2024-05-17,2183.0
Tiruvuru APMC,Sona,2024-05-10,460.0,2203.0,2400.0,2300.0,2300.0,2300.0,2300.0,2303.5714285714284,2.253108133311825e-05,13.363062095630928,0.0,0.0,1.0,0.9984496124031008,5,4,2024-05-17,2300.0
Rajahmundry APMC,Swarna Masuri (New),2024-05-13,0.5,2203.0,2203.0,2203.0,2203.0,2203.0,2203.0,2203.0,0.0,1.877426223966805e-05,0.0,0.0,1.0,1.0,5,0,2024-05-20,2203.0
Rajahmundry APMC,Paddy,2024-05-13,0.5,2183.0,2183.0,2183.0,2183.0,2183.0,2183.0,2183.0,0.0,9.54682477514295e-06,0.0,0.0,1.0,1.0,5,0,2024-05-20,2183.0
Tiruvuru APMC,Sona,2024-05-14,60.0,2203.0,2400.0,2300.0,2300.0,2300.0,2300.0,2303.5714285714284,2.253108133311825e-05,13.363062095630928,0.0,0.0,1.0,0.9984496124031008,5,1,2024-05-24,2300.0
Rajahmundry APMC,Swarna Masuri (New),2024-05-14,0.5,2203.0,2203.0,2203.0,2203.0,2203.0,2203.0,2203.0,0.0,1.877426223966805e-05,0.0,0.0,1.0,1.0,5,1,2024-05-21,2203.0
Rajahmundry APMC,Paddy,2024-05-14,0.5,2183.0,2183.0,2183.0,2183.0,2183.0,2183.0,2183.0,0.0,9.54682477514295e-06,0.0,0.0,1.0,1.0,5,1,2024-05-21,2183.0
Rajahmundry APMC,Paddy,2024-05-15,0.5,2183.0,2183.0,2183.0,2183.0,2183.0,2183.0,2183.0,0.0,9.54682477514295e-06,0.0,0.0,1.0,1.0,5,2,2024-05-22,2183.0
Rajahmundry APMC,Swarna Masuri (New),2024-05-15,0.5,2203.0,2203.0,2203.0,2203.0,2203.0,2203.0,2203.0,0.0,1.877426223966805e-05,0.0,0.0,1.0,1.0,5,2,2024-05-22,2203.0
Sampara (Kakinada Rural) APMC,Swarna Masuri (New),2024-05-15,1.0,2183.0,2193.0,2183.0,2183.0,2183.0,2183.0,2183.0,0.0,0.0,0.0,0.0,1.0,1.0,5,2,2024-05-22,2183.0
Tiruvuru APMC,Sona,2024-05-15,60.0,2203.0,2400.0,2300.0,2300.0,2300.0,2300.0,2303.5714285714284,2.253108133311825e-05,13.363062095630928,0.0,0.0,1.0,0.9984496124031008,5,2,2024-05-24,2300.0
Rajahmundry APMC,Paddy,2024-05-16,0.5,2183.0,2183.0,2183.0,2183.0,2183.0,2183.0,2183.0,0.0,9.54682477514295e-06,0.0,0.0,1.0,1.0,5,3,2024-05-23,2183.0
Rajahmundry APMC,Swarna Masuri (New),2024-05-16,0.5,2203.0,2203.0,2203.0,2203.0,2203.0,2203.0,2203.0,0.0,1.877426223966805e-05,0.0,0.0,1.0,1.0,5,3,2024-05-23,2203.0
Sampara (Kakinada Rural) APMC,Swarna Masuri (New),2024-05-16,1.0,2183.0,2193.0,2183.0,2183.0,2183.0,2183.0,2183.0,0.0,0.0,0.0,0.0,1.0,1.0,5,3,2024-05-23,2183.0
Tiruvuru APMC,Sona,2024-05-16,65.0,2203.0,2400.0,2300.0,2300.0,2300.0,2300.0,2303.5714285714284,2.253108133311825e-05,13.363062095630928,0.0,0.0,1.0,0.9984496124031008,5,3,2024-05-24,2300.0
Tiruvuru APMC,Sona,2024-05-17,65.0,2203.0,2400.0,2300.0,2300.0,2300.0,2300.0,2303.5714285714284,2.253108133311825e-05,13.363062095630928,0.0,0.0,1.0,0.9984496124031008,5,4,2024-05-24,2300.0
Sampara (Kakinada Rural) APMC,Swarna Masuri (New),2024-05-17,1.0,2183.0,2193.0,2183.0,2183.0,2183.0,2183.0,2183.0,0.0,0.0,0.0,0.0,1.0,1.0,5,4,2024-05-24,2183.0
Rajahmundry APMC,Paddy,2024-05-17,0.5,2183.0,2183.0,2183.0,2183.0,2183.0,2183.0,2183.0,0.0,9.54682477514295e-06,0.0,0.0,1.0,1.0,5,4,2024-05-24,2183.0
Rajahmundry APMC,Swarna Masuri (New),2024-05-17,0.5,2203.0,2203.0,2203.0,2203.0,2203.0,2203.0,2203.0,0.0,1.877426223966805e-05,0.0,0.0,1.0,1.0,5,4,2024-05-24,2203.0
Rajahmundry APMC,Paddy,2024-05-18,0.5,2183.0,2183.0,2183.0,2183.0,2183.0,2183.0,2183.0,0.0,9.54682477514295e-06,0.0,0.0,1.0,1.0,5,5,2024-05-25,2183.0
Rajahmundry APMC,Swarna Masuri (New),2024-05-18,0.5,2203.0,2203.0,2203.0,2203.0,2203.0,2203.0,2203.0,0.0,1.877426223966805e-05,0.0,0.0,1.0,1.0,5,5,2024-05-25,2203.0
Sampara (Kakinada Rural) APMC,Swarna Masuri (New),2024-05-18,1.0,2183.0,2193.0,2183.0,2183.0,2183.0,2183.0,2183.0,0.0,0.0,0.0,0.0,1.0,1.0,5,5,2024-05-27,2183.0
Tiruvuru APMC,Sona,2024-05-18,200.0,2203.0,2400.0,2300.0,2300.0,2300.0,2300.0,2303.5714285714284,2.253108133311825e-05,13.363062095630928,0.0,0.0,1.0,0.9984496124031008,5,5,2024-05-25,2300.0
Rajahmundry APMC,Paddy,2024-05-19,0.5,2183.0,2183.0,2183.0,2183.0,2183.0,2183.0,2183.0,0.0,9.54682477514295e-06,0.0,0.0,1.0,1.0,5,6,2024-05-26,2183.0
Rajahmundry APMC,Swarna Masuri (New),2024-05-19,0.5,2203.0,2203.0,2203.0,2203.0,2203.0,2203.0,2203.0,0.0,1.877426223966805e-05,0.0,0.0,1.0,1.0,5,6,2024-05-26,2203.0
Tiruvuru APMC,Sona,2024-05-19,65.0,2203.0,2400.0,2300.0,2300.0,2300.0,2300.0,2303.5714285714284,2.253108133311825e-05,13.363062095630928,0.0,0.0,1.0,0.9984496124031008,5,6,2024-05-26,2300.0
Tiruvuru APMC,Sona,2024-05-20,89.0,2203.0,2400.0,2300.0,2300.0,2300.0,2300.0,2300.0,2.253108133311825e-05,1.598758867883602e-05,0.0,0.0,1.0,1.0,5,0,2024-05-27,2300.0
Rajahmundry APMC,Paddy,2024-05-20,0.5,2183.0,2183.0,2183.0,2183.0,2183.0,2183.0,2183.0,0.0,9.54682477514295e-06,0.0,0.0,1.0,1.0,5,0,2024-05-27,2183.0
Rajahmundry APMC,Swarna Masuri (New),2024-05-20,0.5,2203.0,2203.0,2203.0,2203.0,2203.0,2203.0,2203.0,0.0,1.877426223966805e-05,0.0,0.0,1.0,1.0,5,0,2024-05-27,2203.0
Rajahmundry APMC,Swarna Masuri (New),2024-05-21,0.5,2203.0,2203.0,2203.0,2203.0,2203.0,2203.0,2203.0,0.0,1.877426223966805e-05,0.0,0.0,1.0,1.0,5,1,2024-05-28,2203.0
Sampara (Kakinada Rural) APMC,Swarna Masuri (New),2024-05-21,1.0,2183.0,2193.0,2183.0,2183.0,2183.0,2183.0,2183.0,0.0,0.0,0.0,0.0,1.0,1.0,5,1,2024-05-28,2183.0
Rajahmundry APMC,Paddy,2024-05-21,0.5,2183.0,2183.0,2183.0,2183.0,2183.0,2183.0,2183.0,0.0,9.54682477514295e-06,0.0,0.0,1.0,1.0,5,1,2024-05-28,2183.0
Rajahmundry APMC,Swarna Masuri (New),2024-05-22,0.5,2203.0,2203.0,2203.0,2203.0,2203.0,2203.0,2203.0,0.0,1.877426223966805e-05,0.0,0.0,1.0,1.0,5,2,2024-05-29,2203.0
Sampara (Kakinada Rural) APMC,Swarna Masuri (New),2024-05-22,1.0,2183.0,2193.0,2183.0,2183.0,2183.0,2183.0,2183.0,0.0,0.0,0.0,0.0,1.0,1.0,5,2,2024-05-29,2183.0
Rajahmundry APMC,Paddy,2024-05-22,0.5,2183.0,2183.0,2183.0,2183.0,2183.0,2183.0,2183.0,0.0,9.54682477514295e-06,0.0,0.0,1.0,1.0,5,2,2024-05-29,2183.0
Sampara (Kakinada Rural) APMC,Swarna Masuri (New),2024-05-23,1.0,2183.0,2193.0,2183.0,2183.0,2183.0,2183.0,2183.0,0.0,0.0,0.0,0.0,1.0,1.0,5,3,2024-05-30,2183.0
Rajahmundry APMC,Paddy,2024-05-23,0.5,2183.0,2183.0,2183.0,2183.0,2183.0,2183.0,2183.0,0.0,9.54682477514295e-06,0.0,0.0,1.0,1.0,5,3,2024-05-30,2183.0
Rajahmundry APMC,Swarna Masuri (New),2024-05-23,0.5,2203.0,2203.0,2203.0,2203.0,2203.0,2203.0,2203.0,0.0,1.877426223966805e-05,0.0,0.0,1.0,1.0,5,3,2024-05-30,2203.0
Tiruvuru APMC,Sona,2024-05-24,560.0,2203.0,2400.0,2300.0,2300.0,2300.0,2300.0,2300.0,2.253108133311825e-05,1.598758867883602e-05,0.0,0.0,1.0,1.0,5,4,2024-05-31,2300.0
Sampara (Kakinada Rural) APMC,Swarna Masuri (New),2024-05-24,1.0,2183.0,2193.0,2183.0,2183.0,2183.0,2183.0,2183.0,0.0,0.0,0.0,0.0,1.0,1.0,5,4,2024-06-03,2183.0
Rajahmundry APMC,Paddy,2024-05-24,0.5,2183.0,2183.0,2183.0,2183.0,2183.0,2183.0,2183.0,0.0,9.54682477514295e-06,0.0,0.0,1.0,1.0,5,4,2024-05-31,2183.0
Rajahmundry APMC,Swarna Masuri (New),2024-05-24,0.5,2203.0,2203.0,2203.0,2203.0,2203.0,2203.0,2203.0,0.0,1.877426223966805e-05,0.0,0.0,1.0,1.0,5,4,2024-05-31,2203.0
Rajahmundry APMC,Paddy,2024-05-25,0.5,2183.0,2183.0,2183.0,2183.0,2183.0,2183.0,2183.0,0.0,9.54682477514295e-06,0.0,0.0,1.0,1.0,5,5,2024-06-01,2183.0
Rajahmundry APMC,Swarna Masuri (New),2024-05-25,0.5,2203.0,2203.0,2203.0,2203.0,2203.0,2203.0,2203.0,0.0,1.877426223966805e-05,0.0,0.0,1.0,1.0,5,5,2024-06-01,2203.0
Tiruvuru APMC,Sona,2024-05-25,110.0,2203.0,2300.0,2300.0,2300.0,2300.0,2300.0,2300.0,2.253108133311825e-05,1.598758867883602e-05,0.0,0.0,1.0,1.0,5,5,2024-06-01,2300.0
Rajahmundry APMC,Paddy,2024-05-26,0.5,2183.0,2183.0,2183.0,2183.0,2183.0,2183.0,2183.0,0.0,9.54682477514295e-06,0.0,0.0,1.0,1.0,5,6,2024-06-03,2183.0
Rajahmundry APMC,Swarna Masuri (New),2024-05-26,0.5,2203.0,2203.0,2203.0,2203.0,2203.0,2203.0,2203.0,0.0,1.877426223966805e-05,0.0,0.0,1.0,1.0,5,6,2024-06-03,2203.0
Rajahmundry APMC,Paddy,2024-05-27,0.5,2183.0,2183.0,2183.0,2183.0,2183.0,2183.0,2183.0,0.0,9.54682477514295e-06,0.0,0.0,1.0,1.0,5,0,2024-06-03,2183.0
Rajahmundry APMC,Swarna Masuri (New),2024-05-27,0.5,2203.0,2203.0,2203.0,2203.0,2203.0,2203.0,2203.0,0.0,1.877426223966805e-05,0.0,0.0,1.0,1.0,5,0,2024-06-03,2203.0
Sampara (Kakinada Rural) APMC,Swarna Masuri (New),2024-05-27,1.0,2183.0,2193.0,2183.0,2183.0,2183.0,2183.0,2183.0,0.0,0.0,0.0,0.0,1.0,1.0,5,0,2024-06-03,2183.0
Rajahmundry APMC,Paddy,2024-05-28,0.5,2183.0,2183.0,2183.0,2183.0,2183.0,2183.0,2183.0,0.0,9.54682477514295e-06,0.0,0.0,1.0,1.0,5,1,2024-06-04,2183.0
Rajahmundry APMC,Swarna Masuri (New),2024-05-28,0.5,2203.0,2203.0,2203.0,2203.0,2203.0,2203.0,2203.0,0.0,1.877426223966805e-05,0.0,0.0,1.0,1.0,5,1,2024-06-04,2203.0
Sampara (Kakinada Rural) APMC,Swarna Masuri (New),2024-05-28,1.0,2183.0,2183.0,2183.0,2183.0,2183.0,2183.0,2183.0,0.0,0.0,0.0,0.0,1.0,1.0,5,1,2024-06-04,2183.0
Sampara (Kakinada Rural) APMC,Swarna Masuri (New),2024-05-29,1.0,2183.0,2193.0,2183.0,2183.0,2183.0,2183.0,2183.0,0.0,0.0,0.0,0.0,1.0,1.0,5,2,2024-06-06,2183.0
Rajahmundry APMC,Paddy,2024-05-29,0.5,2183.0,2183.0,2183.0,2183.0,2183.0,2183.0,2183.0,0.0,9.54682477514295e-06,0.0,0.0,1.0,1.0,5,2,2024-06-05,2183.0
Rajahmundry APMC,Swarna Masuri (New),2024-05-29,0.5,2203.0,2203.0,2203.0,2203.0,2203.0,2203.0,2203.0,0.0,1.877426223966805e-05,0.0,0.0,1.0,1.0,5,2,2024-06-05,2203.0
Rajahmundry APMC,Paddy,2024-05-30,0.5,2183.0,2183.0,2183.0,2183.0,2183.0,2183.0,2183.0,0.0,9.54682477514295e-06,0.0,0.0,1.0,1.0,5,3,2024-06-06,2183.0
Rajahmundry APMC,Swarna Masuri (New),2024-05-30,0.5,2203.0,2203.0,2203.0,2203.0,2203.0,2203.0,2203.0,0.0,1.877426223966805e-05,0.0,0.0,1.0,1.0,5,3,2024-06-06,2203.0
Sampara (Kakinada Rural) APMC,Swarna Masuri (New),2024-05-30,1.0,2183.0,2193.0,2183.0,2183.0,2183.0,2183.0,2183.0,0.0,0.0,0.0,0.0,1.0,1.0,5,3,2024-06-06,2183.0
Rajahmundry APMC,Paddy,2024-05-31,0.5,2183.0,2183.0,2183.0,2183.0,2183.0,2183.0,2183.0,0.0,9.54682477514295e-06,0.0,0.0,1.0,1.0,5,4,2024-06-11,2183.0
Rajahmundry APMC,Swarna Masuri (New),2024-05-31,0.5,2203.0,2203.0,2203.0,2203.0,2203.0,2203.0,2203.0,0.0,1.877426223966805e-05,0.0,0.0,1.0,1.0,5,4,2024-06-11,2203.0
Rajahmundry APMC,Paddy,2024-06-01,0.5,2183.0,2183.0,2183.0,2183.0,2183.0,2183.0,2183.0,0.0,9.54682477514295e-06,0.0,0.0,1.0,1.0,6,5,2024-06-11,2183.0
Rajahmundry APMC,Swarna Masuri (New),2024-06-01,0.5,2203.0,2203.0,2203.0,2203.0,2203.0,2203.0,2203.0,0.0,1.877426223966805e-05,0.0,0.0,1.0,1.0,6,5,2024-06-11,2203.0
Sampara (Kakinada Rural) APMC,Swarna Masuri (New),2024-06-03,1.0,2183.0,2193.0,2183.0,2183.0,2183.0,2183.0,2183.0,0.0,0.0,0.0,0.0,1.0,1.0,6,0,2024-06-10,2183.0
Rajahmundry APMC,Paddy,2024-06-03,0.5,2183.0,2183.0,2183.0,2183.0,2183.0,2183.0,2183.0,0.0,9.54682477514295e-06,0.0,0.0,1.0,1.0,6,0,2024-06-11,2183.0
Rajahmundry APMC,Swarna Masuri (New),2024-06-03,0.5,2203.0,2203.0,2203.0,2203.0,2203.0,2203.0,2203.0,0.0,1.877426223966805e-05,0.0,0.0,1.0,1.0,6,0,2024-06-11,2203.0
Sampara (Kakinada Rural) APMC,Swarna Masuri (New),2024-06-04,1.0,2183.0,2193.0,2183.0,2183.0,2183.0,2183.0,2183.0,0.0,0.0,0.0,0.0,1.0,1.0,6,1,2024-06-12,2183.0
Rajahmundry APMC,Swarna Masuri (New),2024-06-04,0.5,2203.0,2203.0,2203.0,2203.0,2203.0,2203.0,2203.0,0.0,1.877426223966805e-05,0.0,0.0,1.0,1.0,6,1,2024-06-11,2203.0
Rajahmundry APMC,Paddy,2024-06-04,0.5,2183.0,2183.0,2183.0,2183.0,2183.0,2183.0,2183.0,0.0,9.54682477514295e-06,0.0,0.0,1.0,1.0,6,1,2024-06-11,2183.0
Rajahmundry APMC,Paddy,2024-06-05,0.5,2183.0,2183.0,2183.0,2183.0,2183.0,2183.0,2183.0,0.0,9.54682477514295e-06,0.0,0.0,1.0,1.0,6,2,2024-06-12,2183.0
Rajahmundry APMC,Swarna Masuri (New),2024-06-05,0.5,2203.0,2203.0,2203.0,2203.0,2203.0,2203.0,2203.0,0.0,1.877426223966805e-05,0.0,0.0,1.0,1.0,6,2,2024-06-12,2203.0
Rajahmundry APMC,Paddy,2024-06-06,0.5,2183.0,2183.0,2183.0,2183.0,2183.0,2183.0,2183.0,0.0,9.54682477514295e-06,0.0,0.0,1.0,1.0,6,3,2024-06-13,2183.0
Rajahmundry APMC,Swarna Masuri (New),2024-06-06,0.5,2203.0,2203.0,2203.0,2203.0,2203.0,2203.0,2203.0,0.0,1.877426223966805e-05,0.0,0.0,1.0,1.0,6,3,2024-06-13,2203.0
Sampara (Kakinada Rural) APMC,Swarna Masuri (New),2024-06-06,1.0,2183.0,2193.0,2183.0,2183.0,2183.0,2183.0,2183.0,0.0,0.0,0.0,0.0,1.0,1.0,6,3,2024-06-13,2183.0
Sampara (Kakinada Rural) APMC,Swarna Masuri (New),2024-06-07,1.0,2183.0,2193.0,2183.0,2183.0,2183.0,2183.0,2183.0,0.0,0.0,0.0,0.0,1.0,1.0,6,4,2024-06-14,2183.0
Sampara (Kakinada Rural) APMC,Swarna Masuri (New),2024-06-10,1.0,2183.0,2193.0,2183.0,2183.0,2183.0,2183.0,2183.0,0.0,0.0,0.0,0.0,1.0,1.0,6,0,2024-06-18,2183.0
Rajahmundry APMC,Paddy,2024-06-11,0.5,2183.0,2183.0,2183.0,2183.0,2183.0,2183.0,2183.0,0.0,9.54682477514295e-06,0.0,0.0,1.0,1.0,6,1,2024-06-18,2183.0
Rajahmundry APMC,Swarna Masuri (New),2024-06-11,0.5,2203.0,2203.0,2203.0,2203.0,2203.0,2203.0,2203.0,0.0,1.877426223966805e-05,0.0,0.0,1.0,1.0,6,1,2024-06-18,2203.0
Rajahmundry APMC,Paddy,2024-06-12,0.5,2183.0,2183.0,2183.0,2183.0,2183.0,2183.0,2183.0,0.0,9.54682477514295e-06,0.0,0.0,1.0,1.0,6,2,2024-06-20,2183.0
Rajahmundry APMC,Swarna Masuri (New),2024-06-12,0.5,2203.0,2203.0,2203.0,2203.0,2203.0,2203.0,2203.0,0.0,1.877426223966805e-05,0.0,0.0,1.0,1.0,6,2,2024-06-20,2203.0
Sampara (Kakinada Rural) APMC,Swarna Masuri (New),2024-06-12,1.0,2183.0,2193.0,2183.0,2183.0,2183.0,2183.0,2183.0,0.0,0.0,0.0,0.0,1.0,1.0,6,2,2024-06-19,2183.0
Sampara (Kakinada Rural) APMC,Swarna Masuri (New),2024-06-13,1.0,2183.0,2193.0,2183.0,2183.0,2183.0,2183.0,2183.0,0.0,0.0,0.0,0.0,1.0,1.0,6,3,2024-06-20,2183.0
Rajahmundry APMC,Paddy,2024-06-13,0.5,2183.0,2183.0,2183.0,2183.0,2183.0,2183.0,2183.0,0.0,9.54682477514295e-06,0.0,0.0,1.0,1.0,6,3,2024-06-20,2183.0
Rajahmundry APMC,Swarna Masuri (New),2024-06-13,0.5,2203.0,2203.0,2203.0,2203.0,2203.0,2203.0,2203.0,0.0,1.877426223966805e-05,0.0,0.0,1.0,1.0,6,3,2024-06-20,2203.0
Rajahmundry APMC,Paddy,2024-06-14,0.5,2183.0,2183.0,2183.0,2183.0,2183.0,2183.0,2183.0,0.0,9.54682477514295e-06,0.0,0.0,1.0,1.0,6,4,2024-06-21,2300.0
Rajahmundry APMC,Swarna Masuri (New),2024-06-14,0.5,2203.0,2203.0,2203.0,2203.0,2203.0,2203.0,2203.0,0.0,1.877426223966805e-05,0.0,0.0,1.0,1.0,6,4,2024-06-21,2320.0
Sampara (Kakinada Rural) APMC,Swarna Masuri (New),2024-06-14,1.0,2183.0,2193.0,2183.0,2183.0,2183.0,2183.0,2183.0,0.0,0.0,0.0,0.0,1.0,1.0,6,4,2024-06-21,2183.0
Rajahmundry APMC,Paddy,2024-06-15,0.5,2183.0,2183.0,2183.0,2183.0,2183.0,2183.0,2183.0,0.0,9.54682477514295e-06,0.0,0.0,1.0,1.0,6,5,2024-06-25,2300.0
Rajahmundry APMC,Swarna Masuri (New),2024-06-15,0.5,2203.0,2203.0,2203.0,2203.0,2203.0,2203.0,2203.0,0.0,1.877426223966805e-05,0.0,0.0,1.0,1.0,6,5,2024-06-25,2320.0
Sampara (Kakinada Rural) APMC,Swarna Masuri (New),2024-06-15,1.0,2183.0,2193.0,2183.0,2183.0,2183.0,2183.0,2183.0,0.0,0.0,0.0,0.0,1.0,1.0,6,5,2024-06-22,2183.0
Rajahmundry APMC,Paddy,2024-06-18,0.5,2183.0,2183.0,2183.0,2183.0,2183.0,2183.0,2183.0,0.0,9.54682477514295e-06,0.0,0.0,1.0,1.0,6,1,2024-06-25,2300.0
Rajahmundry APMC,Swarna Masuri (New),2024-06-18,0.5,2203.0,2203.0,2203.0,2203.0,2203.0,2203.0,2203.0,0.0,1.877426223966805e-05,0.0,0.0,1.0,1.0,6,1,2024-06-25,2320.0
Sampara (Kakinada Rural) APMC,Swarna Masuri (New),2024-06-18,1.0,2183.0,2193.0,2183.0,2183.0,2183.0,2183.0,2183.0,0.0,0.0,0.0,0.0,1.0,1.0,6,1,2024-06-25,2183.0
Sampara (Kakinada Rural) APMC,Swarna Masuri (New),2024-06-19,1.0,2183.0,2193.0,2183.0,2183.0,2183.0,2183.0,2183.0,0.0,0.0,0.0,0.0,1.0,1.0,6,2,2024-06-26,2183.0
Rajahmundry APMC,Swarna Masuri (New),2024-06-20,0.5,2203.0,2203.0,2203.0,2203.0,2203.0,2203.0,2203.0,0.0,1.877426223966805e-05,0.0,0.0,1.0,1.0,6,3,2024-06-28,2320.0
Sampara (Kakinada Rural) APMC,Swarna Masuri (New),2024-06-20,1.0,2183.0,2193.0,2183.0,2183.0,2183.0,2183.0,2183.0,0.0,0.0,0.0,0.0,1.0,1.0,6,3,2024-06-27,2183.0
Rajahmundry APMC,Paddy,2024-06-20,0.5,2183.0,2183.0,2183.0,2183.0,2183.0,2183.0,2183.0,0.0,9.54682477514295e-06,0.0,0.0,1.0,1.0,6,3,2024-06-28,2300.0
Rajahmundry APMC,Paddy,2024-06-21,0.5,2300.0,2300.0,2300.0,2183.0,2183.0,2183.0,2183.0,0.0,9.54682477514295e-06,117.0,117.0,1.053595968850206,1.053595968850206,6,4,2024-06-28,2300.0
Rajahmundry APMC,Swarna Masuri (New),2024-06-21,0.5,2320.0,2320.0,2320.0,2203.0,2203.0,2203.0,2203.0,0.0,1.877426223966805e-05,117.0,117.0,1.053109396277803,1.053109396277803,6,4,2024-06-28,2320.0
Sampara (Kakinada Rural) APMC,Swarna Masuri (New),2024-06-21,1.0,2183.0,2193.0,2183.0,2183.0,2183.0,2183.0,2183.0,0.0,0.0,0.0,0.0,1.0,1.0,6,4,2024-06-28,2183.0
Tiruvuru APMC,Sona,2024-06-21,210.0,2320.0,2500.0,2420.0,2300.0,2300.0,2314.285714285714,2307.1428571428573,37.7964473009301,26.72612419124732,120.0,120.0,1.045679012345679,1.0489164086687306,6,4,2024-06-28,2400.0
Sampara (Kakinada Rural) APMC,Swarna Masuri (New),2024-06-22,1.0,2183.0,2193.0,2183.0,2183.0,2183.0,2183.0,2183.0,0.0,0.0,0.0,0.0,1.0,1.0,6,5,2024-07-03,2183.0
Tiruvuru APMC,Sona,2024-06-22,25.0,2320.0,2500.0,2400.0,2420.0,2300.0,2331.428571428572,2315.714285714286,53.98412465055188,40.13712758767464,-20.0,100.0,1.0294117647058822,1.0363972856261567,6,5,2024-06-29,2400.0
Tiruvuru APMC,Sona,2024-06-23,98.0,2320.0,2500.0,2400.0,2400.0,2400.0,2345.714285714286,2322.8571428571427,57.40416444160429,45.64555272440833,0.0,0.0,1.0231425091352009,1.033210332103321,6,6,2024-06-30,2400.0
Sampara (Kakinada Rural) APMC,Swarna Masuri (New),2024-06-24,1.0,2183.0,2193.0,2183.0,2183.0,2183.0,2183.0,2183.0,0.0,0.0,0.0,0.0,1.0,1.0,6,0,2024-07-03,2183.0
Tiruvuru APMC,Sona,2024-06-24,45.0,2320.0,2500.0,2400.0,2400.0,2300.0,2345.714285714286,2330.0,57.40416444160429,49.45860740209032,0.0,100.0,1.0231425091352009,1.0300429184549356,6,0,2024-07-01,2400.0
Sampara (Kakinada Rural) APMC,Swarna Masuri (New),2024-06-25,1.0,2183.0,2193.0,2183.0,2183.0,2183.0,2183.0,2183.0,0.0,0.0,0.0,0.0,1.0,1.0,6,1,2024-07-03,2183.0
Tiruvuru APMC,Sona,2024-06-25,36.0,2320.0,2500.0,2400.0,2400.0,2300.0,2360.0,2337.1428571428573,56.568542494929964,51.9509489701714,0.0,100.0,1.0169491525423728,1.0268948655256722,6,1,2024-07-02,2400.0
Rajahmundry APMC,Paddy,2024-06-25,0.5,2300.0,2300.0,2300.0,2300.0,2183.0,2199.714285714286,2191.3571428571427,44.22184334207957,31.269565303755265,0.0,117.0,1.0455903364073256,1.0495778871540795,6,1,2024-07-03,2300.0
Rajahmundry APMC,Swarna Masuri (New),2024-06-25,0.5,2320.0,2320.0,2320.0,2320.0,2203.0,2219.714285714286,2211.3571428571427,44.22184334207957,31.269565303759443,0.0,117.0,1.0451795597889046,1.0491294938467006,6,1,2024-07-03,2320.0
Rajahmundry APMC,Paddy,2024-06-26,0.5,2300.0,2300.0,2300.0,2300.0,2183.0,2216.428571428572,2199.714285714286,57.09015426748916,42.48697279335129,0.0,117.0,1.0377054463422497,1.0455903364073256,6,2,2024-07-03,2300.0
Rajahmundry APMC,Swarna Masuri (New),2024-06-26,0.5,2320.0,2320.0,2320.0,2320.0,2203.0,2236.428571428572,2219.714285714286,57.09015426748916,42.48697279335437,0.0,117.0,1.0373682529543276,1.0451795597889046,6,2,2024-07-03,2320.0
Sampara (Kakinada Rural) APMC,Swarna Masuri (New),2024-06-26,1.0,2183.0,2193.0,2183.0,2183.0,2183.0,2183.0,2183.0,0.0,0.0,0.0,0.0,1.0,1.0,6,2,2024-07-03,2183.0
Tiruvuru APMC,Sona,2024-06-26,450.0,2320.0,2500.0,2400.0,2400.0,2300.0,2374.285714285714,2344.285714285714,51.26959555693973,53.3081442348024,0.0,100.0,1.0108303249097472,1.023765996343693,6,2,2024-07-03,2400.0
Sampara (Kakinada Rural) APMC,Swarna Masuri (New),2024-06-27,1.0,2183.0,2193.0,2183.0,2183.0,2183.0,2183.0,2183.0,0.0,0.0,0.0,0.0,1.0,1.0,6,3,2024-07-05,2183.0
Rajahmundry APMC,Paddy,2024-06-28,0.5,2300.0,2300.0,2300.0,2300.0,2183.0,2233.1428571428573,2208.0714285714284,62.539130607507246,49.82039169428078,0.0,117.0,1.0299385875127942,1.0416329699479183,6,4,2024-07-05,2300.0
Rajahmundry APMC,Swarna Masuri (New),2024-06-28,0.5,2320.0,2320.0,2320.0,2320.0,2203.0,2253.1428571428573,2228.0714285714284,62.539130607507246,49.8203916942834,0.0,117.0,1.0296728379406543,1.0412592568845576,6,4,2024-07-05,2320.0
Sampara (Kakinada Rural) APMC,Swarna Masuri (New),2024-06-28,1.0,2183.0,2193.0,2183.0,2183.0,2183.0,2183.0,2183.0,0.0,0.0,0.0,0.0,1.0,1.0,6,4,2024-07-05,2183.0
Tiruvuru APMC,Sona,2024-06-28,200.0,2300.0,2500.0,2400.0,2400.0,2300.0,2388.5714285714284,2351.428571428572,39.76119189553015,53.61646458622136,0.0,100.0,1.0047846889952154,1.0206561360874848,6,4,2024-07-05,2400.0
Rajahmundry APMC,Paddy,2024-06-29,0.5,2300.0,2300.0,2300.0,2300.0,2183.0,2249.8571428571427,2216.428571428572,62.539130607507246,54.85044601980531,0.0,117.0,1.0222871293415456,1.0377054463422497,6,5,2024-07-06,2300.0
Rajahmundry APMC,Swarna Masuri (New),2024-06-29,0.5,2320.0,2320.0,2320.0,2320.0,2203.0,2269.8571428571427,2236.428571428572,62.539130607507246,54.85044601980769,0.0,117.0,1.0220907546101077,1.0373682529543276,6,5,2024-07-06,2320.0
Tiruvuru APMC,Sona,2024-06-29,60.0,2300.0,2500.0,2400.0,2400.0,2420.0,2402.8571428571427,2358.5714285714284,7.559289460240147,52.894254865745566,0.0,-20.0,0.9988109393579072,1.0175651120533011,6,5,2024-07-06,2400.0
Tiruvuru APMC,Sona,2024-06-30,65.0,2320.0,2500.0,2400.0,2400.0,2400.0,2400.0,2365.714285714286,2.881381661763459e-05,51.09783763516083,0.0,0.0,1.0,1.0144927536231885,6,6,2024-07-07,2400.0
Rajahmundry APMC,Swarna Masuri (New),2024-06-30,0.5,2320.0,2320.0,2320.0,2320.0,2203.0,2286.5714285714284,2244.785714285714,57.09015426748916,58.17768349756874,0.0,117.0,1.0146195176808697,1.0335062207655838,6,6,2024-07-07,2320.0
Rajahmundry APMC,Paddy,2024-06-30,0.5,2300.0,2300.0,2300.0,2300.0,2183.0,2266.5714285714284,2224.785714285714,57.09015426748916,58.17768349756649,0.0,117.0,1.0147485188453298,1.0338074292869297,6,6,2024-07-07,2300.0
Rajahmundry APMC,Paddy,2024-07-01,0.5,2300.0,2300.0,2300.0,2300.0,2183.0,2283.285714285714,2233.1428571428573,44.22184334207957,60.08565314853366,0.0,117.0,1.007320277795157,1.0299385875127942,7,0,2024-07-08,2300.0
Rajahmundry APMC,Swarna Masuri (New),2024-07-01,0.5,2320.0,2320.0,2320.0,2320.0,2203.0,2303.285714285714,2253.1428571428573,44.22184334207957,60.08565314853583,0.0,117.0,1.0072567140110402,1.0296728379406543,7,0,2024-07-08,2320.0
Tiruvuru APMC,Sona,2024-07-01,102.0,2300.0,2500.0,2400.0,2400.0,2400.0,2400.0,2372.8571428571427,2.881381661763459e-05,48.107023544238935,0.0,0.0,1.0,1.0114388922335944,7,0,2024-07-08,2400.0
Tiruvuru APMC,Sona,2024-07-02,180.0,2300.0,2450.0,2400.0,2400.0,2400.0,2400.0,2372.8571428571427,2.881381661763459e-05,48.107023544238935,0.0,0.0,1.0,1.0114388922335944,7,1,2024-07-09,2400.0
Rajahmundry APMC,Paddy,2024-07-03,0.5,2300.0,2300.0,2300.0,2300.0,2300.0,2300.0,2241.5,0.0,60.70831903454578,0.0,0.0,1.0,1.026098594691055,7,2,2024-07-10,2300.0
Rajahmundry APMC,Swarna Masuri (New),2024-07-03,0.5,2320.0,2320.0,2320.0,2320.0,2320.0,2320.0,2261.5,0.0,60.708319034547934,0.0,0.0,1.0,1.0258677868671235,7,2,2024-07-10,2320.0
Sampara (Kakinada Rural) APMC,Swarna Masuri (New),2024-07-03,1.0,2183.0,2193.0,2183.0,2183.0,2183.0,2183.0,2183.0,0.0,0.0,0.0,0.0,1.0,1.0,7,2,2024-07-10,2183.0
Tiruvuru APMC,Sona,2024-07-03,201.0,2300.0,2500.0,2400.0,2400.0,2400.0,2400.0,2380.0,2.881381661763459e-05,43.67713712793629,0.0,0.0,1.0,1.0084033613445378,7,2,2024-07-10,2400.0
Rajahmundry APMC,Paddy,2024-07-04,0.5,2300.0,2300.0,2300.0,2300.0,2300.0,2300.0,2249.8571428571427,0.0,60.08565314853391,0.0,0.0,1.0,1.0222871293415456,7,3,2024-07-11,2300.0
Rajahmundry APMC,Swarna Masuri (New),2024-07-04,0.5,2320.0,2320.0,2320.0,2320.0,2320.0,2320.0,2269.8571428571427,0.0,60.08565314853608,0.0,0.0,1.0,1.0220907546101077,7,3,2024-07-11,2320.0
Tiruvuru APMC,Sona,2024-07-04,50.0,2300.0,2500.0,2400.0,2400.0,2400.0,2400.0,2387.1428571428573,2.881381661763459e-05,37.2989113944232,0.0,0.0,1.0,1.0053859964093357,7,3,2024-07-11,2400.0
Tiruvuru APMC,Sona,2024-07-05,60.0,2300.0,2500.0,2400.0,2400.0,2400.0,2400.0,2394.285714285714,2.881381661763459e-05,27.6556533973689,0.0,0.0,1.0,1.002386634844869,7,4,2024-07-12,2400.0
Sampara (Kakinada Rural) APMC,Swarna Masuri (New),2024-07-05,1.0,2183.0,2193.0,2183.0,2183.0,2183.0,2183.0,2183.0,0.0,0.0,0.0,0.0,1.0,1.0,7,4,2024-07-12,2183.0
Rajahmundry APMC,Swarna Masuri (New),2024-07-05,0.5,2320.0,2320.0,2320.0,2320.0,2320.0,2320.0,2278.214285714286,0.0,58.17768349756924,0.0,0.0,1.0,1.0183414328264615,7,4,2024-07-12,2320.0
Rajahmundry APMC,Paddy,2024-07-05,0.5,2300.0,2300.0,2300.0,2300.0,2300.0,2300.0,2258.214285714286,0.0,58.177683497567,0.0,0.0,1.0,1.0185038747430015,7,4,2024-07-12,2300.0
Rajahmundry APMC,Paddy,2024-07-06,0.5,2300.0,2300.0,2300.0,2300.0,2300.0,2300.0,2266.5714285714284,0.0,54.850446019806135,0.0,0.0,1.0,1.0147485188453298,7,5,2024-07-15,2300.0
Rajahmundry APMC,Swarna Masuri (New),2024-07-06,0.5,2320.0,2320.0,2320.0,2320.0,2320.0,2320.0,2286.5714285714284,0.0,54.85044601980851,0.0,0.0,1.0,1.0146195176808697,7,5,2024-07-15,2320.0
Sampara (Kakinada Rural) APMC,Swarna Masuri (New),2024-07-06,1.0,2183.0,2193.0,2183.0,2183.0,2183.0,2183.0,2183.0,0.0,0.0,0.0,0.0,1.0,1.0,7,5,2024-07-15,2183.0
Tiruvuru APMC,Sona,2024-07-06,42.0,2300.0,2500.0,2400.0,2400.0,2400.0,2400.0,2401.428571428572,2.881381661763459e-05,5.34522483827017,0.0,0.0,1.0,0.9994051160023796,7,5,2024-07-13,2400.0
Rajahmundry APMC,Paddy,2024-07-07,0.5,2300.0,2300.0,2300.0,2300.0,2300.0,2300.0,2274.928571428572,0.0,49.820391694282,0.0,0.0,1.0,1.0110207541838048,7,6,2024-07-15,2300.0
Rajahmundry APMC,Swarna Masuri (New),2024-07-07,0.5,2320.0,2320.0,2320.0,2320.0,2320.0,2320.0,2294.928571428572,0.0,49.820391694284616,0.0,0.0,1.0,1.0109247097637648,7,6,2024-07-15,2320.0
Tiruvuru APMC,Sona,2024-07-07,60.0,2300.0,2500.0,2400.0,2400.0,2400.0,2400.0,2400.0,2.881381661763459e-05,1.5231110843018665e-05,0.0,0.0,1.0,1.0,7,6,2024-07-14,2400.0
Rajahmundry APMC,Paddy,2024-07-08,0.5,2300.0,2300.0,2300.0,2300.0,2300.0,2300.0,2283.285714285714,0.0,42.486972793353104,0.0,0.0,1.0,1.007320277795157,7,0,2024-07-15,2300.0
Rajahmundry APMC,Swarna Masuri (New),2024-07-08,0.5,2320.0,2320.0,2320.0,2320.0,2320.0,2320.0,2303.285714285714,0.0,42.486972793356166,0.0,0.0,1.0,1.0072567140110402,7,0,2024-07-15,2320.0
Tiruvuru APMC,Sona,2024-07-08,75.0,2300.0,2500.0,2400.0,2400.0,2400.0,2400.0,2400.0,2.881381661763459e-05,1.5231110843018665e-05,0.0,0.0,1.0,1.0,7,0,2024-07-15,2400.0
Tiruvuru APMC,Sona,2024-07-09,320.0,2300.0,2500.0,2400.0,2400.0,2400.0,2400.0,2400.0,2.881381661763459e-05,1.5231110843018665e-05,0.0,0.0,1.0,1.0,7,1,2024-07-16,2400.0
Rajahmundry APMC,Swarna Masuri (New),2024-07-09,0.5,2320.0,2320.0,2320.0,2320.0,2320.0,2320.0,2311.6428571428573,0.0,31.269565303762388,0.0,0.0,1.0,1.0036152396254985,7,1,2024-07-16,2320.0
Rajahmundry APMC,Paddy,2024-07-09,0.5,2300.0,2300.0,2300.0,2300.0,2300.0,2300.0,2291.6428571428573,0.0,31.269565303758217,0.0,0.0,1.0,1.0036467911354925,7,1,2024-07-16,2300.0
Sampara (Kakinada Rural) APMC,Swarna Masuri (New),2024-07-09,1.0,2183.0,2193.0,2183.0,2183.0,2183.0,2183.0,2183.0,0.0,0.0,0.0,0.0,1.0,1.0,7,1,2024-07-18,2183.0
Rajahmundry APMC,Paddy,2024-07-10,0.5,2300.0,2300.0,2300.0,2300.0,2300.0,2300.0,2300.0,0.0,1.7308193508792924e-05,0.0,0.0,1.0,1.0,7,2,2024-07-17,2300.0
Rajahmundry APMC,Swarna Masuri (New),2024-07-10,0.5,2320.0,2320.0,2320.0,2320.0,2320.0,2320.0,2320.0,0.0,2.3672529618820526e-05,0.0,0.0,1.0,1.0,7,2,2024-07-17,2320.0
Sampara (Kakinada Rural) APMC,Swarna Masuri (New),2024-07-10,1.0,2183.0,2193.0,2183.0,2183.0,2183.0,2183.0,2183.0,0.0,0.0,0.0,0.0,1.0,1.0,7,2,2024-07-18,2183.0
Tiruvuru APMC,Sona,2024-07-10,42.0,2300.0,2500.0,2400.0,2400.0,2400.0,2400.0,2400.0,2.881381661763459e-05,1.5231110843018665e-05,0.0,0.0,1.0,1.0,7,2,2024-07-17,2400.0
Rajahmundry APMC,Paddy,2024-07-11,0.5,2300.0,2300.0,2300.0,2300.0,2300.0,2300.0,2300.0,0.0,1.7308193508792924e-05,0.0,0.0,1.0,1.0,7,3,2024-07-18,2300.0
Rajahmundry APMC,Swarna Masuri (New),2024-07-11,0.5,2320.0,2320.0,2320.0,2320.0,2320.0,2320.0,2320.0,0.0,2.3672529618820526e-05,0.0,0.0,1.0,1.0,7,3,2024-07-18,2320.0
Tiruvuru APMC,Sona,2024-07-11,80.0,2300.0,2500.0,2400.0,2400.0,2400.0,2400.0,2400.0,2.881381661763459e-05,1.5231110843018665e-05,0.0,0.0,1.0,1.0,7,3,2024-07-18,2400.0
Rajahmundry APMC,Paddy,2024-07-12,0.5,2300.0,2300.0,2300.0,2300.0,2300.0,2300.0,2300.0,0.0,1.7308193508792924e-05,0.0,0.0,1.0,1.0,7,4,2024-07-19,2300.0
Rajahmundry APMC,Swarna Masuri (New),2024-07-12,0.5,2320.0,2320.0,2320.0,2320.0,2320.0,2320.0,2320.0,0.0,2.3672529618820526e-05,0.0,0.0,1.0,1.0,7,4,2024-07-19,2320.0
Sampara (Kakinada Rural) APMC,Swarna Masuri (New),2024-07-12,1.0,2183.0,2193.0,2183.0,2183.0,2183.0,2183.0,2183.0,0.0,0.0,0.0,0.0,1.0,1.0,7,4,2024-07-20,2183.0
Tiruvuru APMC,Sona,2024-07-12,40.0,2300.0,2500.0,2400.0,2400.0,2400.0,2400.0,2400.0,2.881381661763459e-05,1.5231110843018665e-05,0.0,0.0,1.0,1.0,7,4,2024-07-19,2400.0
Tiruvuru APMC,Sona,2024-07-13,420.0,2300.0,2500.0,2400.0,2400.0,2400.0,2400.0,2400.0,2.881381661763459e-05,1.5231110843018665e-05,0.0,0.0,1.0,1.0,7,5,2024-07-20,2400.0
Tiruvuru APMC,Sona,2024-07-14,60.0,2300.0,2500.0,2400.0,2400.0,2400.0,2400.0,2400.0,2.881381661763459e-05,1.5231110843018665e-05,0.0,0.0,1.0,1.0,7,6,2024-07-21,2400.0
Rajahmundry APMC,Paddy,2024-07-15,0.5,2300.0,2300.0,2300.0,2300.0,2300.0,2300.0,2300.0,0.0,1.7308193508792924e-05,0.0,0.0,1.0,1.0,7,0,2024-07-22,2300.0
Rajahmundry APMC,Swarna Masuri (New),2024-07-15,0.5,2320.0,2320.0,2320.0,2320.0,2320.0,2320.0,2320.0,0.0,2.3672529618820526e-05,0.0,0.0,1.0,1.0,7,0,2024-07-22,2320.0
Sampara (Kakinada Rural) APMC,Swarna Masuri (New),2024-07-15,1.0,2183.0,2193.0,2183.0,2183.0,2183.0,2183.0,2183.0,0.0,0.0,0.0,0.0,1.0,1.0,7,0,2024-07-22,2183.0
Tiruvuru APMC,Sona,2024-07-15,68.0,2300.0,2500.0,2400.0,2400.0,2400.0,2400.0,2400.0,2.881381661763459e-05,1.5231110843018665e-05,0.0,0.0,1.0,1.0,7,0,2024-07-22,2450.0
Rajahmundry APMC,Paddy,2024-07-16,0.5,2300.0,2300.0,2300.0,2300.0,2300.0,2300.0,2300.0,0.0,1.7308193508792924e-05,0.0,0.0,1.0,1.0,7,1,2024-07-23,2300.0
Rajahmundry APMC,Swarna Masuri (New),2024-07-16,0.5,2320.0,2320.0,2320.0,2320.0,2320.0,2320.0,2320.0,0.0,2.3672529618820526e-05,0.0,0.0,1.0,1.0,7,1,2024-07-23,2320.0
Tiruvuru APMC,Sona,2024-07-16,40.0,2300.0,2500.0,2400.0,2400.0,2400.0,2400.0,2400.0,2.881381661763459e-05,1.5231110843018665e-05,0.0,0.0,1.0,1.0,7,1,2024-07-23,2400.0
Rajahmundry APMC,Paddy,2024-07-17,0.5,2300.0,2300.0,2300.0,2300.0,2300.0,2300.0,2300.0,0.0,1.7308193508792924e-05,0.0,0.0,1.0,1.0,7,2,2024-07-24,2300.0
Rajahmundry APMC,Swarna Masuri (New),2024-07-17,0.5,2320.0,2320.0,2320.0,2320.0,2320.0,2320.0,2320.0,0.0,2.3672529618820526e-05,0.0,0.0,1.0,1.0,7,2,2024-07-24,2320.0
Tiruvuru APMC,Sona,2024-07-17,700.0,2300.0,2500.0,2400.0,2400.0,2400.0,2400.0,2400.0,2.881381661763459e-05,1.5231110843018665e-05,0.0,0.0,1.0,1.0,7,2,2024-07-24,2400.0
Tiruvuru APMC,Sona,2024-07-18,60.0,2300.0,2500.0,2400.0,2400.0,2400.0,2400.0,2400.0,2.881381661763459e-05,1.5231110843018665e-05,0.0,0.0,1.0,1.0,7,3,2024-07-25,2400.0
Sampara (Kakinada Rural) APMC,Swarna Masuri (New),2024-07-18,1.0,2183.0,2193.0,2183.0,2183.0,2183.0,2183.0,2183.0,0.0,0.0,0.0,0.0,1.0,1.0,7,3,2024-07-25,2183.0
Rajahmundry APMC,Paddy,2024-07-18,0.5,2300.0,2300.0,2300.0,2300.0,2300.0,2300.0,2300.0,0.0,1.7308193508792924e-05,0.0,0.0,1.0,1.0,7,3,2024-07-25,2300.0
Rajahmundry APMC,Swarna Masuri (New),2024-07-18,0.5,2320.0,2320.0,2320.0,2320.0,2320.0,2320.0,2320.0,0.0,2.3672529618820526e-05,0.0,0.0,1.0,1.0,7,3,2024-07-25,2320.0
Rajahmundry APMC,Paddy,2024-07-19,0.5,2300.0,2300.0,2300.0,2300.0,2300.0,2300.0,2300.0,0.0,1.7308193508792924e-05,0.0,0.0,1.0,1.0,7,4,2024-07-28,2300.0
Rajahmundry APMC,Swarna Masuri (New),2024-07-19,0.5,2320.0,2320.0,2320.0,2320.0,2320.0,2320.0,2320.0,0.0,2.3672529618820526e-05,0.0,0.0,1.0,1.0,7,4,2024-07-28,2320.0
Tiruvuru APMC,Sona,2024-07-19,60.0,2300.0,2500.0,2400.0,2400.0,2400.0,2400.0,2400.0,2.881381661763459e-05,1.5231110843018665e-05,0.0,0.0,1.0,1.0,7,4,2024-07-26,2400.0
Rajahmundry APMC,Paddy,2024-07-20,0.5,2300.0,2300.0,2300.0,2300.0,2300.0,2300.0,2300.0,0.0,1.7308193508792924e-05,0.0,0.0,1.0,1.0,7,5,2024-07-28,2300.0
Rajahmundry APMC,Swarna Masuri (New),2024-07-20,0.5,2320.0,2320.0,2320.0,2320.0,2320.0,2320.0,2320.0,0.0,2.3672529618820526e-05,0.0,0.0,1.0,1.0,7,5,2024-07-28,2320.0
Sampara (Kakinada Rural) APMC,Swarna Masuri (New),2024-07-20,1.0,2183.0,2193.0,2183.0,2183.0,2183.0,2183.0,2183.0,0.0,0.0,0.0,0.0,1.0,1.0,7,5,2024-07-27,2183.0
Tiruvuru APMC,Sona,2024-07-20,120.0,2300.0,2500.0,2400.0,2400.0,2400.0,2400.0,2400.0,2.881381661763459e-05,1.5231110843018665e-05,0.0,0.0,1.0,1.0,7,5,2024-07-27,2400.0
Tiruvuru APMC,Sona,2024-07-21,125.0,2300.0,2500.0,2400.0,2400.0,2400.0,2400.0,2400.0,2.881381661763459e-05,1.5231110843018665e-05,0.0,0.0,1.0,1.0,7,6,2024-07-28,2400.0
Rajahmundry APMC,Paddy,2024-07-21,0.5,2300.0,2300.0,2300.0,2300.0,2300.0,2300.0,2300.0,0.0,1.7308193508792924e-05,0.0,0.0,1.0,1.0,7,6,2024-07-28,2300.0
Rajahmundry APMC,Swarna Masuri (New),2024-07-21,0.5,2320.0,2320.0,2320.0,2320.0,2320.0,2320.0,2320.0,0.0,2.3672529618820526e-05,0.0,0.0,1.0,1.0,7,6,2024-07-28,2320.0
Tiruvuru APMC,Sona,2024-07-22,140.0,2320.0,2520.0,2450.0,2400.0,2400.0,2400.0,2400.0,2.881381661763459e-05,1.5231110843018665e-05,50.0,50.0,1.0208333333333333,1.0208333333333333,7,0,2024-07-29,2400.0
Sampara (Kakinada Rural) APMC,Swarna Masuri (New),2024-07-22,1.0,2183.0,2193.0,2183.0,2183.0,2183.0,2183.0,2183.0,0.0,0.0,0.0,0.0,1.0,1.0,7,0,2024-07-29,2183.0
Rajahmundry APMC,Swarna Masuri (New),2024-07-22,0.5,2320.0,2320.0,2320.0,2320.0,2320.0,2320.0,2320.0,0.0,2.3672529618820526e-05,0.0,0.0,1.0,1.0,7,0,2024-07-29,2320.0
Rajahmundry APMC,Paddy,2024-07-22,0.5,2300.0,2300.0,2300.0,2300.0,2300.0,2300.0,2300.0,0.0,1.7308193508792924e-05,0.0,0.0,1.0,1.0,7,0,2024-07-29,2300.0
Rajahmundry APMC,Paddy,2024-07-23,0.5,2300.0,2300.0,2300.0,2300.0,2300.0,2300.0,2300.0,0.0,1.7308193508792924e-05,0.0,0.0,1.0,1.0,7,1,2024-07-30,2300.0
Rajahmundry APMC,Swarna Masuri (New),2024-07-23,0.5,2320.0,2320.0,2320.0,2320.0,2320.0,2320.0,2320.0,0.0,2.3672529618820526e-05,0.0,0.0,1.0,1.0,7,1,2024-07-30,2320.0
Tiruvuru APMC,Sona,2024-07-23,39.0,2300.0,2500.0,2400.0,2450.0,2400.0,2407.1428571428573,2403.5714285714284,18.898223650484027,13.36306209562992,-50.0,0.0,0.9970326409495548,0.99851411589896,7,1,2024-07-30,2400.0
Tiruvuru APMC,Sona,2024-07-24,66.0,2300.0,2500.0,2400.0,2400.0,2400.0,2407.1428571428573,2403.5714285714284,18.898223650484027,13.36306209562992,0.0,0.0,0.9970326409495548,0.99851411589896,7,2,2024-07-31,2400.0
Rajahmundry APMC,Paddy,2024-07-24,0.5,2300.0,2300.0,2300.0,2300.0,2300.0,2300.0,2300.0,0.0,1.7308193508792924e-05,0.0,0.0,1.0,1.0,7,2,2024-07-31,2300.0
Rajahmundry APMC,Swarna Masuri (New),2024-07-24,0.5,2320.0,2320.0,2320.0,2320.0,2320.0,2320.0,2320.0,0.0,2.3672529618820526e-05,0.0,0.0,1.0,1.0,7,2,2024-07-31,2320.0
Rajahmundry APMC,Swarna Masuri (New),2024-07-25,0.5,2320.0,2320.0,2320.0,2320.0,2320.0,2320.0,2320.0,0.0,2.3672529618820526e-05,0.0,0.0,1.0,1.0,7,3,2024-08-02,2320.0
Tiruvuru APMC,Sona,2024-07-25,400.0,2300.0,2500.0,2400.0,2400.0,2400.0,2407.1428571428573,2403.5714285714284,18.898223650484027,13.36306209562992,0.0,0.0,0.9970326409495548,0.99851411589896,7,3,2024-08-01,2400.0
Karapa APMC,1001,2024-07-25,0.1,2183.0,2200.0,2183.0,2100.0,2120.0,2102.8571428571427,2101.6428571428573,7.559289460190786,8.992365504283624,83.0,63.0,1.0381114130434783,1.038711212316895,7,3,2024-08-02,2183.0
Rajahmundry APMC,Paddy,2024-07-25,0.5,2300.0,2300.0,2300.0,2300.0,2300.0,2300.0,2300.0,0.0,1.7308193508792924e-05,0.0,0.0,1.0,1.0,7,3,2024-08-02,2300.0
Sampara (Kakinada Rural) APMC,Swarna Masuri (New),2024-07-25,1.0,2183.0,2193.0,2183.0,2183.0,2183.0,2183.0,2183.0,0.0,0.0,0.0,0.0,1.0,1.0,7,3,2024-08-01,2183.0
Tiruvuru APMC,Sona,2024-07-26,66.0,2300.0,2500.0,2400.0,2400.0,2400.0,2407.1428571428573,2403.5714285714284,18.898223650484027,13.36306209562992,0.0,0.0,0.9970326409495548,0.99851411589896,7,4,2024-08-02,2400.0
Karapa APMC,1001,2024-07-26,0.1,2183.0,2200.0,2183.0,2183.0,2100.0,2111.8571428571427,2108.785714285714,31.371051259767743,22.546289380630974,0.0,83.0,1.033687343570317,1.0351929004504965,7,4,2024-08-02,2183.0
Sampara (Kakinada Rural) APMC,Swarna Masuri (New),2024-07-26,1.0,2183.0,2193.0,2183.0,2183.0,2183.0,2183.0,2183.0,0.0,0.0,0.0,0.0,1.0,1.0,7,4,2024-08-02,2183.0
Karapa APMC,1001,2024-07-27,0.1,2183.0,2200.0,2183.0,2183.0,2100.0,2123.714285714286,2114.714285714286,40.49985302736592,29.8030162939888,0.0,83.0,1.0279160500470872,1.03229075187462,7,5,2024-08-03,2183.0
Nandyal APMC,Sona Mahsuri,2024-07-27,263.0,2200.0,2200.0,2200.0,2190.0,2200.0,2202.8571428571427,2193.785714285714,21.380899352992675,180.5321955396699,10.0,0.0,0.9987029831387808,1.0028326767166995,7,5,2024-08-05,2707.0
Sampara (Kakinada Rural) APMC,Swarna Masuri (New),2024-07-27,1.0,2183.0,2193.0,2183.0,2183.0,2183.0,2183.0,2183.0,0.0,0.0,0.0,0.0,1.0,1.0,7,5,2024-08-03,2183.0
Tiruvuru APMC,Sona,2024-07-27,360.0,2300.0,2500.0,2400.0,2400.0,2400.0,2407.1428571428573,2403.5714285714284,18.898223650484027,13.36306209562992,0.0,0.0,0.9970326409495548,0.99851411589896,7,5,2024-08-03,2400.0
Rajahmundry APMC,Paddy,2024-07-28,0.5,2300.0,2300.0,2300.0,2300.0,2300.0,2300.0,2300.0,0.0,1.7308193508792924e-05,0.0,0.0,1.0,1.0,7,6,2024-08-04,2300.0
Rajahmundry APMC,Swarna Masuri (New),2024-07-28,0.5,2320.0,2320.0,2320.0,2320.0,2320.0,2320.0,2320.0,0.0,2.3672529618820526e-05,0.0,0.0,1.0,1.0,7,6,2024-08-04,2320.0
Tiruvuru APMC,Sona,2024-07-28,66.0,2300.0,2500.0,2400.0,2400.0,2400.0,2407.1428571428573,2403.5714285714284,18.898223650484027,13.36306209562992,0.0,0.0,0.9970326409495548,0.99851411589896,7,6,2024-08-05,2400.0
Tiruvuru APMC,Sona,2024-07-29,68.0,2300.0,2500.0,2400.0,2400.0,2450.0,2407.1428571428573,2403.5714285714284,18.898223650484027,13.36306209562992,0.0,-50.0,0.9970326409495548,0.99851411589896,7,0,2024-08-05,2400.0
Rajahmundry APMC,Swarna Masuri (New),2024-07-29,0.5,2320.0,2320.0,2320.0,2320.0,2320.0,2320.0,2320.0,0.0,2.3672529618820526e-05,0.0,0.0,1.0,1.0,7,0,2024-08-05,2320.0
Sampara (Kakinada Rural) APMC,Swarna Masuri (New),2024-07-29,1.0,2183.0,2193.0,2183.0,2183.0,2183.0,2183.0,2183.0,0.0,0.0,0.0,0.0,1.0,1.0,7,0,2024-08-05,2183.0
Karapa APMC,1001,2024-07-29,0.1,2183.0,2200.0,2183.0,2183.0,2100.0,2135.5714285714284,2120.6428571428573,44.36536615746438,34.53116127356676,0.0,83.0,1.0222088434008965,1.0294048300717435,7,0,2024-08-05,2183.0
Rajahmundry APMC,Paddy,2024-07-29,0.5,2300.0,2300.0,2300.0,2300.0,2300.0,2300.0,2300.0,0.0,1.7308193508792924e-05,0.0,0.0,1.0,1.0,7,0,2024-08-05,2300.0
Rajahmundry APMC,Paddy,2024-07-30,0.5,2300.0,2300.0,2300.0,2300.0,2300.0,2300.0,2300.0,0.0,1.7308193508792924e-05,0.0,0.0,1.0,1.0,7,1,2024-08-06,2300.0
Rajahmundry APMC,Swarna Masuri (New),2024-07-30,0.5,2320.0,2320.0,2320.0,2320.0,2320.0,2320.0,2320.0,0.0,2.3672529618820526e-05,0.0,0.0,1.0,1.0,7,1,2024-08-06,2320.0
Sampara (Kakinada Rural) APMC,Swarna Masuri (New),2024-07-30,1.0,2183.0,2193.0,2183.0,2183.0,2183.0,2183.0,2183.0,0.0,0.0,0.0,0.0,1.0,1.0,7,1,2024-08-06,2183.0
Tiruvuru APMC,Sona,2024-07-30,60.0,2300.0,2500.0,2400.0,2400.0,2400.0,2400.0,2403.5714285714284,2.8813487818526733e-05,13.36306209562992,0.0,0.0,1.0,0.99851411589896,7,1,2024-08-06,2400.0
Tuni APMC,1001,2024-07-30,0.1,2100.0,2183.0,2183.0,2183.0,2040.0,2142.1428571428573,2091.785714285714,69.7768552158196,70.60200320913596,0.0,143.0,1.019073024341447,1.043605941608332,7,1,2024-08-09,2183.0
Tiruvuru APMC,Sona,2024-07-31,60.0,2300.0,2500.0,2400.0,2400.0,2400.0,2400.0,2403.5714285714284,2.8813487818526733e-05,13.36306209562992,0.0,0.0,1.0,0.99851411589896,7,2,2024-08-07,2400.0
Karapa APMC,1001,2024-07-31,0.1,2183.0,2200.0,2183.0,2183.0,2100.0,2147.428571428572,2126.5714285714284,44.36536615746474,37.6945502808973,0.0,83.0,1.016564662054284,1.026534999328228,7,2,2024-08-07,2183.0
Rajahmundry APMC,Paddy,2024-07-31,0.5,2300.0,2300.0,2300.0,2300.0,2300.0,2300.0,2300.0,0.0,1.7308193508792924e-05,0.0,0.0,1.0,1.0,7,2,2024-08-07,2300.0
Rajahmundry APMC,Swarna Masuri (New),2024-07-31,0.5,2320.0,2320.0,2320.0,2320.0,2320.0,2320.0,2320.0,0.0,2.3672529618820526e-05,0.0,0.0,1.0,1.0,7,2,2024-08-07,2320.0
Tiruvuru APMC,Sona,2024-08-01,130.0,2300.0,2500.0,2400.0,2400.0,2400.0,2400.0,2403.5714285714284,2.8813487818526733e-05,13.36306209562992,0.0,0.0,1.0,0.99851411589896,8,3,2024-08-08,2400.0
Sampara (Kakinada Rural) APMC,Swarna Masuri (New),2024-08-01,1.0,2183.0,2193.0,2183.0,2183.0,2183.0,2183.0,2183.0,0.0,0.0,0.0,0.0,1.0,1.0,8,3,2024-08-08,2183.0
Tiruvuru APMC,Sona,2024-08-02,300.0,2300.0,2500.0,2400.0,2400.0,2400.0,2400.0,2403.5714285714284,2.8813487818526733e-05,13.36306209562992,0.0,0.0,1.0,0.99851411589896,8,4,2024-08-09,2400.0
Sampara (Kakinada Rural) APMC,Swarna Masuri (New),2024-08-02,1.0,2183.0,2193.0,2183.0,2183.0,2183.0,2183.0,2183.0,0.0,0.0,0.0,0.0,1.0,1.0,8,4,2024-08-09,2183.0
Karapa APMC,1001,2024-08-02,0.1,2183.0,2200.0,2183.0,2183.0,2100.0,2159.285714285714,2132.5,40.49985302736701,39.66930609619758,0.0,83.0,1.010982467747271,1.0236811254396248,8,4,2024-08-09,2183.0
Rajahmundry APMC,Paddy,2024-08-02,0.5,2300.0,2300.0,2300.0,2300.0,2300.0,2300.0,2300.0,0.0,1.7308193508792924e-05,0.0,0.0,1.0,1.0,8,4,2024-08-09,2300.0
Rajahmundry APMC,Swarna Masuri (New),2024-08-02,0.5,2320.0,2320.0,2320.0,2320.0,2320.0,2320.0,2320.0,0.0,2.3672529618820526e-05,0.0,0.0,1.0,1.0,8,4,2024-08-09,2320.0
Karapa APMC,1001,2024-08-03,0.1,2183.0,2200.0,2183.0,2183.0,2100.0,2171.1428571428573,2138.428571428572,31.371051259769985,40.629118557079806,0.0,83.0,1.0054612449006448,1.0208430756897588,8,5,2024-08-10,2183.0
Rajahmundry APMC,Paddy,2024-08-03,0.5,2300.0,2300.0,2300.0,2300.0,2300.0,2300.0,2300.0,0.0,1.7308193508792924e-05,0.0,0.0,1.0,1.0,8,5,2024-08-10,2300.0
Rajahmundry APMC,Swarna Masuri (New),2024-08-03,0.5,2320.0,2320.0,2320.0,2320.0,2320.0,2320.0,2320.0,0.0,2.3672529618820526e-05,0.0,0.0,1.0,1.0,8,5,2024-08-10,2320.0
Sampara (Kakinada Rural) APMC,Swarna Masuri (New),2024-08-03,1.0,2183.0,2183.0,2183.0,2183.0,2183.0,2183.0,2183.0,0.0,0.0,0.0,0.0,1.0,1.0,8,5,2024-08-14,2183.0
Tiruvuru APMC,Sona,2024-08-03,360.0,2300.0,2500.0,2400.0,2400.0,2400.0,2400.0,2403.5714285714284,2.8813487818526733e-05,13.36306209562992,0.0,0.0,1.0,0.99851411589896,8,5,2024-08-12,2400.0
Tuni APMC,1001,2024-08-03,0.1,2100.0,2183.0,2183.0,2183.0,2040.0,2162.5714285714284,2101.285714285714,54.04891964031852,73.4380205148725,0.0,143.0,1.0094464262121814,1.0388877557957714,8,5,2024-08-13,2183.0
Rajahmundry APMC,Swarna Masuri (New),2024-08-04,0.5,2320.0,2320.0,2320.0,2320.0,2320.0,2320.0,2320.0,0.0,2.3672529618820526e-05,0.0,0.0,1.0,1.0,8,6,2024-08-11,2320.0
Rajahmundry APMC,Paddy,2024-08-04,0.5,2300.0,2300.0,2300.0,2300.0,2300.0,2300.0,2300.0,0.0,1.7308193508792924e-05,0.0,0.0,1.0,1.0,8,6,2024-08-11,2300.0
Karapa APMC,1001,2024-08-05,0.1,2183.0,2200.0,2183.0,2183.0,2183.0,2183.0,2142.928571428572,1.6718792969137457e-05,41.89999868866182,0.0,0.0,1.0,1.0186993766874437,8,0,2024-08-12,2183.0
Nandyal APMC,Sona Mahsuri,2024-08-05,1646.0,2543.0,2707.0,2707.0,2200.0,2250.0,2202.8571428571427,2219.5,21.380899352992675,149.18019563343773,507.0,457.0,1.2288586251621272,1.2196440639783734,8,0,2024-08-13,2250.0
Rajahmundry APMC,Paddy,2024-08-05,0.5,2300.0,2300.0,2300.0,2300.0,2300.0,2300.0,2300.0,0.0,1.7308193508792924e-05,0.0,0.0,1.0,1.0,8,0,2024-08-12,2300.0
Rajahmundry APMC,Swarna Masuri (New),2024-08-05,0.5,2320.0,2320.0,2320.0,2320.0,2320.0,2320.0,2320.0,0.0,2.3672529618820526e-05,0.0,0.0,1.0,1.0,8,0,2024-08-12,2320.0
Sampara (Kakinada Rural) APMC,Swarna Masuri (New),2024-08-05,1.0,2183.0,2193.0,2183.0,2183.0,2183.0,2183.0,2183.0,0.0,0.0,0.0,0.0,1.0,1.0,8,0,2024-08-14,2183.0
Tiruvuru APMC,Sona,2024-08-05,660.0,2300.0,2500.0,2400.0,2400.0,2400.0,2400.0,2403.5714285714284,2.8813487818526733e-05,13.36306209562992,0.0,0.0,1.0,0.99851411589896,8,0,2024-08-12,2400.0
Sampara (Kakinada Rural) APMC,Swarna Masuri (New),2024-08-06,1.0,2183.0,2193.0,2183.0,2183.0,2183.0,2183.0,2183.0,0.0,0.0,0.0,0.0,1.0,1.0,8,1,2024-08-14,2183.0
Rajahmundry APMC,Swarna Masuri (New),2024-08-06,0.5,2320.0,2320.0,2320.0,2320.0,2320.0,2320.0,2320.0,0.0,2.3672529618820526e-05,0.0,0.0,1.0,1.0,8,1,2024-08-13,2320.0
Tiruvuru APMC,Sona,2024-08-06,610.0,2300.0,2500.0,2400.0,2400.0,2400.0,2400.0,2403.5714285714284,2.8813487818526733e-05,13.36306209562992,0.0,0.0,1.0,0.99851411589896,8,1,2024-08-13,2400.0
Nandyal APMC,Sona Mahsuri,2024-08-06,397.0,2200.0,2200.0,2200.0,2707.0,2190.0,2268.1428571428573,2257.5,193.58239294197907,197.049681357461,-507.0,10.0,0.969956540908232,0.97452934662237,8,1,2024-08-13,2250.0
Rajahmundry APMC,Paddy,2024-08-06,0.5,2300.0,2300.0,2300.0,2300.0,2300.0,2300.0,2300.0,0.0,1.7308193508792924e-05,0.0,0.0,1.0,1.0,8,1,2024-08-13,2300.0
Rajahmundry APMC,Swarna Masuri (New),2024-08-07,0.5,2320.0,2320.0,2320.0,2320.0,2320.0,2320.0,2320.0,0.0,2.3672529618820526e-05,0.0,0.0,1.0,1.0,8,2,2024-08-14,2320.0
Sampara (Kakinada Rural) APMC,Swarna Masuri (New),2024-08-07,1.0,2183.0,2183.0,2183.0,2183.0,2183.0,2183.0,2183.0,0.0,0.0,0.0,0.0,1.0,1.0,8,2,2024-08-14,2183.0
Karapa APMC,1001,2024-08-07,0.1,2183.0,2200.0,2183.0,2183.0,2183.0,2183.0,2147.428571428572,1.6718792969137457e-05,42.62486505408659,0.0,0.0,1.0,1.016564662054284,8,2,2024-08-15,2183.0
Rajahmundry APMC,Paddy,2024-08-07,0.5,2300.0,2300.0,2300.0,2300.0,2300.0,2300.0,2300.0,0.0,1.7308193508792924e-05,0.0,0.0,1.0,1.0,8,2,2024-08-14,2300.0
Tiruvuru APMC,Sona,2024-08-07,61.0,2300.0,2500.0,2400.0,2400.0,2400.0,2400.0,2400.0,2.8813487818526733e-05,1.5231254383109826e-05,0.0,0.0,1.0,1.0,8,2,2024-08-14,2400.0
Sampara (Kakinada Rural) APMC,Swarna Masuri (New),2024-08-08,1.0,2183.0,2193.0,2183.0,2183.0,2183.0,2183.0,2183.0,0.0,0.0,0.0,0.0,1.0,1.0,8,3,2024-08-17,2183.0
Rajahmundry APMC,Swarna Masuri (New),2024-08-08,0.5,2320.0,2320.0,2320.0,2320.0,2320.0,2320.0,2320.0,0.0,2.3672529618820526e-05,0.0,0.0,1.0,1.0,8,3,2024-08-15,2320.0
Tiruvuru APMC,Sona,2024-08-08,45.0,2300.0,2550.0,2400.0,2400.0,2400.0,2400.0,2400.0,2.8813487818526733e-05,1.5231254383109826e-05,0.0,0.0,1.0,1.0,8,3,2024-08-15,2400.0
Karapa APMC,1001,2024-08-08,0.1,2183.0,2200.0,2183.0,2183.0,2183.0,2183.0,2153.3571428571427,1.6718792969137457e-05,41.27134812220392,0.0,0.0,1.0,1.0137658805187912,8,3,2024-08-15,2183.0
Rajahmundry APMC,Paddy,2024-08-08,0.5,2300.0,2300.0,2300.0,2300.0,2300.0,2300.0,2300.0,0.0,1.7308193508792924e-05,0.0,0.0,1.0,1.0,8,3,2024-08-15,2300.0
Tuni APMC,1001,2024-08-09,0.1,2100.0,2183.0,2183.0,2183.0,2183.0,2183.0,2111.5,0.0,74.19905659777602,0.0,0.0,1.0,1.033862183282027,8,4,2024-08-17,2183.0
Tiruvuru APMC,Sona,2024-08-09,600.0,2300.0,2500.0,2400.0,2400.0,2400.0,2400.0,2400.0,2.8813487818526733e-05,1.5231254383109826e-05,0.0,0.0,1.0,1.0,8,4,2024-08-16,2400.0
Sampara (Kakinada Rural) APMC,Swarna Masuri (New),2024-08-09,1.0,2183.0,2193.0,2183.0,2183.0,2183.0,2183.0,2183.0,0.0,0.0,0.0,0.0,1.0,1.0,8,4,2024-08-17,2183.0
Karapa APMC,1001,2024-08-09,0.1,2183.0,2200.0,2183.0,2183.0,2183.0,2183.0,2159.285714285714,1.6718792969137457e-05,38.9110001678947,0.0,0.0,1.0,1.010982467747271,8,4,2024-08-16,2183.0
Rajahmundry APMC,Paddy,2024-08-09,0.5,2300.0,2300.0,2300.0,2300.0,2300.0,2300.0,2300.0,0.0,1.7308193508792924e-05,0.0,0.0,1.0,1.0,8,4,2024-08-16,2300.0
Rajahmundry APMC,Swarna Masuri (New),2024-08-09,0.5,2320.0,2320.0,2320.0,2320.0,2320.0,2320.0,2320.0,0.0,2.3672529618820526e-05,0.0,0.0,1.0,1.0,8,4,2024-08-16,2320.0
Nandyal APMC,Sona Mahsuri,2024-08-09,200.0,2200.0,2200.0,2200.0,2200.0,2200.0,2269.5714285714284,2259.8571428571427,192.9454647846181,196.07881348809997,0.0,0.0,0.9693460061685656,0.9735128642771352,8,4,2024-08-16,2380.0
Karapa APMC,1001,2024-08-10,0.1,2183.0,2183.0,2183.0,2183.0,2183.0,2183.0,2165.214285714286,1.6718792969137457e-05,35.34267103098411,0.0,0.0,1.0,1.0082142974961237,8,5,2024-08-17,2183.0
Rajahmundry APMC,Paddy,2024-08-10,0.5,2300.0,2300.0,2300.0,2300.0,2300.0,2300.0,2300.0,0.0,1.7308193508792924e-05,0.0,0.0,1.0,1.0,8,5,2024-08-17,2300.0
Rajahmundry APMC,Swarna Masuri (New),2024-08-10,0.5,2320.0,2320.0,2320.0,2320.0,2320.0,2320.0,2320.0,0.0,2.3672529618820526e-05,0.0,0.0,1.0,1.0,8,5,2024-08-17,2320.0
Karapa APMC,1001,2024-08-11,0.1,2183.0,2200.0,2183.0,2183.0,2183.0,2183.0,2171.1428571428573,1.6718792969137457e-05,30.140331126905785,0.0,0.0,1.0,1.0054612449006448,8,6,2024-08-18,2183.0
Rajahmundry APMC,Paddy,2024-08-11,0.5,2300.0,2300.0,2300.0,2300.0,2300.0,2300.0,2300.0,0.0,1.7308193508792924e-05,0.0,0.0,1.0,1.0,8,6,2024-08-19,2300.0
Rajahmundry APMC,Swarna Masuri (New),2024-08-11,0.5,2320.0,2320.0,2320.0,2320.0,2320.0,2320.0,2320.0,0.0,2.3672529618820526e-05,0.0,0.0,1.0,1.0,8,6,2024-08-19,2320.0
Karapa APMC,1001,2024-08-12,0.1,2183.0,2200.0,2183.0,2183.0,2183.0,2183.0,2177.0714285714284,1.6718792969137457e-05,22.182683078730392,0.0,0.0,1.0,1.0027231864562487,8,0,2024-08-19,2183.0
Rajahmundry APMC,Paddy,2024-08-12,0.5,2300.0,2300.0,2300.0,2300.0,2300.0,2300.0,2300.0,0.0,1.7308193508792924e-05,0.0,0.0,1.0,1.0,8,0,2024-08-19,2300.0
Rajahmundry APMC,Swarna Masuri (New),2024-08-12,0.5,2320.0,2320.0,2320.0,2320.0,2320.0,2320.0,2320.0,0.0,2.3672529618820526e-05,0.0,0.0,1.0,1.0,8,0,2024-08-19,2320.0
Tiruvuru APMC,Sona,2024-08-12,90.0,2300.0,2550.0,2400.0,2400.0,2400.0,2400.0,2400.0,2.8813487818526733e-05,1.5231254383109826e-05,0.0,0.0,1.0,1.0,8,0,2024-08-19,2400.0
Tiruvuru APMC,Sona,2024-08-13,610.0,2300.0,2550.0,2400.0,2400.0,2400.0,2400.0,2400.0,2.8813487818526733e-05,1.5231254383109826e-05,0.0,0.0,1.0,1.0,8,1,2024-08-20,2400.0
Rajahmundry APMC,Swarna Masuri (New),2024-08-13,0.5,2320.0,2320.0,2320.0,2320.0,2320.0,2320.0,2320.0,0.0,2.3672529618820526e-05,0.0,0.0,1.0,1.0,8,1,2024-08-20,2320.0
Nandyal APMC,Sona Mahsuri,2024-08-13,390.0,2250.0,2250.0,2250.0,2200.0,2190.0,2269.5714285714284,2274.1428571428573,192.9454647846181,182.50599869713744,50.0,60.0,0.9913765972178512,0.9893837552610087,8,1,2024-08-21,2220.0
Karapa APMC,1001,2024-08-13,0.1,2183.0,2200.0,2183.0,2183.0,2183.0,2183.0,2183.0,1.6718792969137457e-05,0.0,0.0,0.0,1.0,1.0,8,1,2024-08-20,2183.0
Rajahmundry APMC,Paddy,2024-08-13,0.5,2300.0,2300.0,2300.0,2300.0,2300.0,2300.0,2300.0,0.0,1.7308193508792924e-05,0.0,0.0,1.0,1.0,8,1,2024-08-20,2300.0
Rajahmundry APMC,Paddy,2024-08-14,0.5,2300.0,2300.0,2300.0,2300.0,2300.0,2300.0,2300.0,0.0,1.7308193508792924e-05,0.0,0.0,1.0,1.0,8,2,2024-08-21,2300.0
Rajahmundry APMC,Swarna Masuri (New),2024-08-14,0.5,2320.0,2320.0,2320.0,2320.0,2320.0,2320.0,2320.0,0.0,2.3672529618820526e-05,0.0,0.0,1.0,1.0,8,2,2024-08-21,2320.0
Sampara (Kakinada Rural) APMC,Swarna Masuri (New),2024-08-14,1.0,2183.0,2193.0,2183.0,2183.0,2183.0,2183.0,2183.0,0.0,0.0,0.0,0.0,1.0,1.0,8,2,2024-08-21,2183.0
Tiruvuru APMC,Sona,2024-08-14,500.0,2300.0,2520.0,2400.0,2400.0,2400.0,2400.0,2400.0,2.8813487818526733e-05,1.5231254383109826e-05,0.0,0.0,1.0,1.0,8,2,2024-08-23,2400.0
Karapa APMC,1001,2024-08-15,0.01,2183.0,2200.0,2183.0,2183.0,2183.0,2183.0,2183.0,1.6718792969137457e-05,0.0,0.0,0.0,1.0,1.0,8,3,2024-08-22,2185.0
Rajahmundry APMC,Paddy,2024-08-15,0.5,2300.0,2300.0,2300.0,2300.0,2300.0,2300.0,2300.0,0.0,1.7308193508792924e-05,0.0,0.0,1.0,1.0,8,3,2024-08-22,2300.0
Rajahmundry APMC,Swarna Masuri (New),2024-08-15,0.5,2320.0,2320.0,2320.0,2320.0,2320.0,2320.0,2320.0,0.0,2.3672529618820526e-05,0.0,0.0,1.0,1.0,8,3,2024-08-22,2320.0
Tiruvuru APMC,Sona,2024-08-15,61.0,2300.0,2500.0,2400.0,2400.0,2400.0,2400.0,2400.0,2.8813487818526733e-05,1.5231254383109826e-05,0.0,0.0,1.0,1.0,8,3,2024-08-23,2400.0
Rajahmundry APMC,Swarna Masuri (New),2024-08-16,0.5,2320.0,2320.0,2320.0,2320.0,2320.0,2320.0,2320.0,0.0,2.3672529618820526e-05,0.0,0.0,1.0,1.0,8,4,2024-08-23,2320.0
Rajahmundry APMC,Paddy,2024-08-16,0.5,2300.0,2300.0,2300.0,2300.0,2300.0,2300.0,2300.0,0.0,1.7308193508792924e-05,0.0,0.0,1.0,1.0,8,4,2024-08-23,2300.0
Tiruvuru APMC,Sona,2024-08-16,900.0,2300.0,2500.0,2400.0,2400.0,2400.0,2400.0,2400.0,2.8813487818526733e-05,1.5231254383109826e-05,0.0,0.0,1.0,1.0,8,4,2024-08-23,2400.0
Karapa APMC,1001,2024-08-16,0.1,2183.0,2200.0,2183.0,2183.0,2183.0,2183.0,2183.0,1.6718792969137457e-05,0.0,0.0,0.0,1.0,1.0,8,4,2024-08-24,2183.0
Nandyal APMC,Sona Mahsuri,2024-08-16,659.0,2380.0,2380.0,2380.0,2250.0,2200.0,2278.1428571428573,2242.0,190.13366225844769,135.24166403999797,130.0,180.0,1.0447106038753369,1.0615521855486174,8,4,2024-08-27,2400.0
Karapa APMC,1001,2024-08-17,1.0,2183.0,2200.0,2183.0,2183.0,2183.0,2183.0,2183.0,1.6718792969137457e-05,0.0,0.0,0.0,1.0,1.0,8,5,2024-08-24,2183.0
Nandyal APMC,Sona Mahsuri,2024-08-17,555.0,2250.0,2250.0,2250.0,2380.0,2190.0,2303.8571428571427,2254.0714285714284,189.9758129968376,139.72966442698953,-130.0,60.0,0.9766230545048676,0.9981937446525336,8,5,2024-08-27,2400.0
Rajahmundry APMC,Paddy,2024-08-17,0.5,2300.0,2300.0,2300.0,2300.0,2300.0,2300.0,2300.0,0.0,1.7308193508792924e-05,0.0,0.0,1.0,1.0,8,5,2024-08-24,2300.0
Rajahmundry APMC,Swarna Masuri (New),2024-08-17,0.5,2320.0,2320.0,2320.0,2320.0,2320.0,2320.0,2320.0,0.0,2.3672529618820526e-05,0.0,0.0,1.0,1.0,8,5,2024-08-24,2320.0
Sampara (Kakinada Rural) APMC,Swarna Masuri (New),2024-08-17,1.0,2183.0,2193.0,2183.0,2183.0,2183.0,2183.0,2183.0,0.0,0.0,0.0,0.0,1.0,1.0,8,5,2024-08-26,2183.0
Tiruvuru APMC,Sona,2024-08-17,600.0,2400.0,2600.0,2500.0,2400.0,2400.0,2400.0,2400.0,2.8813487818526733e-05,1.5231254383109826e-05,100.0,100.0,1.0416666666666667,1.0416666666666667,8,5,2024-08-24,2400.0
Karapa APMC,1001,2024-08-18,0.1,2183.0,2200.0,2183.0,2183.0,2183.0,2183.0,2183.0,1.6718792969137457e-05,0.0,0.0,0.0,1.0,1.0,8,6,2024-08-28,2183.0
Tiruvuru APMC,Sona,2024-08-18,66.0,2300.0,2500.0,2400.0,2500.0,2400.0,2414.285714285714,2407.1428571428573,37.79644730093437,26.72612419124675,-100.0,0.0,0.9940828402366864,0.9970326409495548,8,6,2024-08-26,2400.0
Tiruvuru APMC,Sona,2024-08-19,60.0,2300.0,2500.0,2400.0,2400.0,2400.0,2414.285714285714,2407.1428571428573,37.79644730093437,26.72612419124675,0.0,0.0,0.9940828402366864,0.9970326409495548,8,0,2024-08-26,2400.0
Rajahmundry APMC,Swarna Masuri (New),2024-08-19,0.5,2320.0,2320.0,2320.0,2320.0,2320.0,2320.0,2320.0,0.0,2.3672529618820526e-05,0.0,0.0,1.0,1.0,8,0,2024-08-28,2320.0
Sampara (Kakinada Rural) APMC,Swarna Masuri (New),2024-08-19,1.0,2183.0,2193.0,2183.0,2183.0,2183.0,2183.0,2183.0,0.0,0.0,0.0,0.0,1.0,1.0,8,0,2024-08-26,2183.0
Nandyal APMC,Sona Mahsuri,2024-08-19,757.0,2200.0,2200.0,2200.0,2250.0,2200.0,2312.428571428572,2257.6428571428573,185.27804074134704,138.87770333468384,-50.0,0.0,0.9513807376289616,0.9744676812098584,8,0,2024-08-27,2400.0
Karapa APMC,1001,2024-08-19,0.1,2183.0,2200.0,2183.0,2183.0,2183.0,2183.0,2183.0,1.6718792969137457e-05,0.0,0.0,0.0,1.0,1.0,8,0,2024-08-28,2183.0
Rajahmundry APMC,Paddy,2024-08-19,0.5,2300.0,2300.0,2300.0,2300.0,2300.0,2300.0,2300.0,0.0,1.7308193508792924e-05,0.0,0.0,1.0,1.0,8,0,2024-08-28,2300.0
Karapa APMC,1001,2024-08-20,0.01,2183.0,2200.0,2183.0,2183.0,2183.0,2183.0,2183.0,1.6718792969137457e-05,0.0,0.0,0.0,1.0,1.0,8,1,2024-08-28,2183.0
Rajahmundry APMC,Paddy,2024-08-20,0.5,2300.0,2300.0,2300.0,2300.0,2300.0,2300.0,2300.0,0.0,1.7308193508792924e-05,0.0,0.0,1.0,1.0,8,1,2024-08-28,2300.0
Rajahmundry APMC,Swarna Masuri (New),2024-08-20,0.5,2320.0,2320.0,2320.0,2320.0,2320.0,2320.0,2320.0,0.0,2.3672529618820526e-05,0.0,0.0,1.0,1.0,8,1,2024-08-28,2320.0
Sampara (Kakinada Rural) APMC,Swarna Masuri (New),2024-08-20,1.0,2183.0,2193.0,2183.0,2183.0,2183.0,2183.0,2183.0,0.0,0.0,0.0,0.0,1.0,1.0,8,1,2024-08-31,2183.0
Tiruvuru APMC,Sona,2024-08-20,52.0,2300.0,2500.0,2400.0,2400.0,2400.0,2414.285714285714,2407.1428571428573,37.79644730093437,26.72612419124675,0.0,0.0,0.9940828402366864,0.9970326409495548,8,1,2024-08-27,2400.0
Sampara (Kakinada Rural) APMC,Swarna Masuri (New),2024-08-21,1.0,2183.0,2193.0,2183.0,2183.0,2183.0,2183.0,2183.0,0.0,0.0,0.0,0.0,1.0,1.0,8,2,2024-08-31,2183.0
Rajahmundry APMC,Paddy,2024-08-21,0.5,2300.0,2300.0,2300.0,2300.0,2300.0,2300.0,2300.0,0.0,1.7308193508792924e-05,0.0,0.0,1.0,1.0,8,2,2024-08-28,2300.0
Rajahmundry APMC,Swarna Masuri (New),2024-08-21,0.5,2320.0,2320.0,2320.0,2320.0,2320.0,2320.0,2320.0,0.0,2.3672529618820526e-05,0.0,0.0,1.0,1.0,8,2,2024-08-28,2320.0
Karapa APMC,1001,2024-08-22,0.1,2185.0,2200.0,2185.0,2183.0,2183.0,2183.0,2183.0,1.6718792969137457e-05,0.0,2.0,2.0,1.000916170407696,1.000916170407696,8,3,2024-08-30,2183.0
Rajahmundry APMC,Paddy,2024-08-22,0.5,2300.0,2300.0,2300.0,2300.0,2300.0,2300.0,2300.0,0.0,1.7308193508792924e-05,0.0,0.0,1.0,1.0,8,3,2024-08-29,2300.0
Rajahmundry APMC,Swarna Masuri (New),2024-08-22,0.5,2320.0,2320.0,2320.0,2320.0,2320.0,2320.0,2320.0,0.0,2.3672529618820526e-05,0.0,0.0,1.0,1.0,8,3,2024-08-29,2320.0
Sampara (Kakinada Rural) APMC,Swarna Masuri (New),2024-08-22,0.01,2183.0,2193.0,2183.0,2183.0,2183.0,2183.0,2183.0,0.0,0.0,0.0,0.0,1.0,1.0,8,3,2024-08-31,2183.0
Tiruvuru APMC,Sona,2024-08-23,120.0,2300.0,2500.0,2400.0,2400.0,2400.0,2414.285714285714,2407.1428571428573,37.79644730093437,26.72612419124675,0.0,0.0,0.9940828402366864,0.9970326409495548,8,4,2024-08-30,2400.0
Sampara (Kakinada Rural) APMC,Swarna Masuri (New),2024-08-23,0.1,2183.0,2193.0,2183.0,2183.0,2183.0,2183.0,2183.0,0.0,0.0,0.0,0.0,1.0,1.0,8,4,2024-08-31,2183.0
Rajahmundry APMC,Swarna Masuri (New),2024-08-23,0.5,2320.0,2320.0,2320.0,2320.0,2320.0,2320.0,2320.0,0.0,2.3672529618820526e-05,0.0,0.0,1.0,1.0,8,4,2024-08-30,2320.0
Rajahmundry APMC,Paddy,2024-08-23,0.5,2300.0,2300.0,2300.0,2300.0,2300.0,2300.0,2300.0,0.0,1.7308193508792924e-05,0.0,0.0,1.0,1.0,8,4,2024-08-30,2300.0
Karapa APMC,1001,2024-08-24,0.1,2183.0,2200.0,2183.0,2185.0,2183.0,2183.285714285714,2183.1428571428573,0.755928946203725,0.5345224838248207,-2.0,0.0,0.9998691356409082,0.9999345635388036,8,5,2024-09-04,2183.0
Rajahmundry APMC,Paddy,2024-08-24,0.5,2300.0,2300.0,2300.0,2300.0,2300.0,2300.0,2300.0,0.0,1.7308193508792924e-05,0.0,0.0,1.0,1.0,8,5,2024-08-31,2300.0
Rajahmundry APMC,Swarna Masuri (New),2024-08-24,0.5,2320.0,2320.0,2320.0,2320.0,2320.0,2320.0,2320.0,0.0,2.3672529618820526e-05,0.0,0.0,1.0,1.0,8,5,2024-08-31,2320.0
Tiruvuru APMC,Sona,2024-08-24,320.0,2300.0,2500.0,2400.0,2400.0,2400.0,2414.285714285714,2407.1428571428573,37.79644730093437,26.72612419124675,0.0,0.0,0.9940828402366864,0.9970326409495548,8,5,2024-09-02,2400.0
Sampara (Kakinada Rural) APMC,Swarna Masuri (New),2024-08-26,0.01,2183.0,2193.0,2183.0,2183.0,2183.0,2183.0,2183.0,0.0,0.0,0.0,0.0,1.0,1.0,8,0,2024-09-03,2183.0
Tiruvuru APMC,Sona,2024-08-26,56.0,2300.0,2500.0,2400.0,2400.0,2400.0,2414.285714285714,2407.1428571428573,37.79644730093437,26.72612419124675,0.0,0.0,0.9940828402366864,0.9970326409495548,8,0,2024-09-02,2400.0
Nandyal APMC,Sona Mahsuri,2024-08-27,817.0,2400.0,2400.0,2400.0,2220.0,2200.0,2242.8571428571427,2255.5,64.47590912226694,139.23568839588827,180.0,200.0,1.070063694267516,1.0640656173797385,8,1,2024-09-10,2200.0
Tiruvuru APMC,Sona,2024-08-27,110.0,2300.0,2500.0,2400.0,2400.0,2500.0,2414.285714285714,2407.1428571428573,37.79644730093437,26.72612419124675,0.0,-100.0,0.9940828402366864,0.9970326409495548,8,1,2024-09-03,2400.0
Rajahmundry APMC,Swarna Masuri (New),2024-08-28,0.5,2320.0,2320.0,2320.0,2320.0,2320.0,2320.0,2320.0,0.0,2.3672529618820526e-05,0.0,0.0,1.0,1.0,8,2,2024-09-04,2320.0
Tiruvuru APMC,Sona,2024-08-28,65.0,2300.0,2500.0,2400.0,2400.0,2400.0,2400.0,2407.1428571428573,2.881085729057872e-05,26.72612419124675,0.0,0.0,1.0,0.9970326409495548,8,2,2024-09-04,2400.0
Karapa APMC,1001,2024-08-28,0.01,2183.0,2200.0,2183.0,2183.0,2183.0,2183.285714285714,2183.1428571428573,0.755928946203725,0.5345224838248207,0.0,0.0,0.9998691356409082,0.9999345635388036,8,2,2024-09-04,2183.0
Rajahmundry APMC,Paddy,2024-08-28,0.5,2300.0,2300.0,2300.0,2300.0,2300.0,2300.0,2300.0,0.0,1.7308193508792924e-05,0.0,0.0,1.0,1.0,8,2,2024-09-04,2300.0
Gudur APMC,B P T,2024-08-29,53.9,2220.0,2310.0,2285.0,2265.0,2252.0,2261.714285714286,2247.5714285714284,25.47360912601108,26.22011642793583,20.0,33.0,1.0102956038403237,1.0166528951884577,8,3,2024-09-06,2312.0
Rajahmundry APMC,Paddy,2024-08-29,0.5,2300.0,2300.0,2300.0,2300.0,2300.0,2300.0,2300.0,0.0,1.7308193508792924e-05,0.0,0.0,1.0,1.0,8,3,2024-09-05,2300.0
Rajahmundry APMC,Swarna Masuri (New),2024-08-29,0.5,2320.0,2320.0,2320.0,2320.0,2320.0,2320.0,2320.0,0.0,2.3672529618820526e-05,0.0,0.0,1.0,1.0,8,3,2024-09-05,2320.0
Tiruvuru APMC,Sona,2024-08-29,190.0,2300.0,2500.0,2400.0,2400.0,2400.0,2400.0,2407.1428571428573,2.881085729057872e-05,26.72612419124675,0.0,0.0,1.0,0.9970326409495548,8,3,2024-09-05,2400.0
Gudur APMC,B P T,2024-08-30,15.2,2220.0,2300.0,2275.0,2285.0,2210.0,2266.428571428572,2253.285714285714,26.412479013130973,24.91347664781703,-10.0,65.0,1.0037819098644816,1.009636720978888,8,4,2024-09-06,2312.0
Karapa APMC,1001,2024-08-30,0.1,2183.0,2200.0,2183.0,2183.0,2183.0,2183.285714285714,2183.1428571428573,0.755928946203725,0.5345224838248207,0.0,0.0,0.9998691356409082,0.9999345635388036,8,4,2024-09-10,2183.0
Rajahmundry APMC,Paddy,2024-08-30,0.5,2300.0,2300.0,2300.0,2300.0,2300.0,2300.0,2300.0,0.0,1.7308193508792924e-05,0.0,0.0,1.0,1.0,8,4,2024-09-06,2300.0
Rajahmundry APMC,Swarna Masuri (New),2024-08-30,0.5,2320.0,2320.0,2320.0,2320.0,2320.0,2320.0,2320.0,0.0,2.3672529618820526e-05,0.0,0.0,1.0,1.0,8,4,2024-09-06,2320.0
Tiruvuru APMC,Sona,2024-08-30,230.0,2300.0,2500.0,2400.0,2400.0,2400.0,2400.0,2407.1428571428573,2.881085729057872e-05,26.72612419124675,0.0,0.0,1.0,0.9970326409495548,8,4,2024-09-06,2400.0
Rajahmundry APMC,Swarna Masuri (New),2024-08-31,0.5,2320.0,2320.0,2320.0,2320.0,2320.0,2320.0,2320.0,0.0,2.3672529618820526e-05,0.0,0.0,1.0,1.0,8,5,2024-09-09,2320.0
Gudur APMC,B P T,2024-08-31,75.6,2240.0,2330.0,2300.0,2275.0,2270.0,2275.714285714286,2255.0714285714284,8.864052604281595,25.54773596988233,25.0,30.0,1.0106716886377902,1.0199233473757563,8,5,2024-09-09,2315.0
Rajahmundry APMC,Paddy,2024-08-31,0.5,2300.0,2300.0,2300.0,2300.0,2300.0,2300.0,2300.0,0.0,1.7308193508792924e-05,0.0,0.0,1.0,1.0,8,5,2024-09-09,2300.0
Sampara (Kakinada Rural) APMC,Swarna Masuri (New),2024-08-31,0.01,2183.0,2193.0,2183.0,2183.0,2183.0,2183.0,2183.0,0.0,0.0,0.0,0.0,1.0,1.0,8,5,2024-09-09,2183.0
Rajahmundry APMC,Swarna Masuri (New),2024-09-01,0.5,2320.0,2320.0,2320.0,2320.0,2320.0,2320.0,2320.0,0.0,2.3672529618820526e-05,0.0,0.0,1.0,1.0,9,6,2024-09-09,2320.0
Rajahmundry APMC,Paddy,2024-09-01,0.5,2300.0,2300.0,2300.0,2300.0,2300.0,2300.0,2300.0,0.0,1.7308193508792924e-05,0.0,0.0,1.0,1.0,9,6,2024-09-09,2300.0
Gudur APMC,B P T,2024-09-02,17.3,2270.0,2320.0,2312.0,2300.0,2270.0,2280.0,2258.6428571428573,12.247448713917832,28.1468870880469,12.0,42.0,1.0140350877192983,1.0236235413174788,9,0,2024-09-09,2315.0
Rajahmundry APMC,Paddy,2024-09-02,0.5,2300.0,2300.0,2300.0,2300.0,2300.0,2300.0,2300.0,0.0,1.7308193508792924e-05,0.0,0.0,1.0,1.0,9,0,2024-09-09,2300.0
Rajahmundry APMC,Swarna Masuri (New),2024-09-02,0.5,2320.0,2320.0,2320.0,2320.0,2320.0,2320.0,2320.0,0.0,2.3672529618820526e-05,0.0,0.0,1.0,1.0,9,0,2024-09-09,2320.0
Tiruvuru APMC,Sona,2024-09-02,36.0,2300.0,2500.0,2400.0,2400.0,2400.0,2400.0,2407.1428571428573,2.881085729057872e-05,26.72612419124675,0.0,0.0,1.0,0.9970326409495548,9,0,2024-09-09,2400.0
Gudur APMC,B P T,2024-09-03,21.7,2250.0,2320.0,2304.0,2312.0,2290.0,2286.0,2265.928571428572,16.186414056240327,27.786173334438125,-8.0,14.0,1.0078740157480317,1.0168016896258234,9,1,2024-09-10,2317.0
Sampara (Kakinada Rural) APMC,Swarna Masuri (New),2024-09-03,0.01,2183.0,2193.0,2183.0,2183.0,2183.0,2183.0,2183.0,0.0,0.0,0.0,0.0,1.0,1.0,9,1,2024-09-10,2183.0
Tiruvuru APMC,Sona,2024-09-03,36.0,2300.0,2500.0,2400.0,2400.0,2400.0,2400.0,2407.1428571428573,2.881085729057872e-05,26.72612419124675,0.0,0.0,1.0,0.9970326409495548,9,1,2024-09-12,2400.0
Tiruvuru APMC,Sona,2024-09-04,40.0,2300.0,2500.0,2400.0,2400.0,2400.0,2400.0,2407.1428571428573,2.881085729057872e-05,26.72612419124675,0.0,0.0,1.0,0.9970326409495548,9,2,2024-09-12,2400.0
Karapa APMC,1001,2024-09-04,0.1,2183.0,2200.0,2183.0,2183.0,2183.0,2183.285714285714,2183.1428571428573,0.755928946203725,0.5345224838248207,0.0,0.0,0.9998691356409082,0.9999345635388036,9,2,2024-09-11,2183.0
Rajahmundry APMC,Paddy,2024-09-04,0.5,2300.0,2300.0,2300.0,2300.0,2300.0,2300.0,2300.0,0.0,1.7308193508792924e-05,0.0,0.0,1.0,1.0,9,2,2024-09-11,2300.0
Rajahmundry APMC,Swarna Masuri (New),2024-09-04,0.5,2320.0,2320.0,2320.0,2320.0,2320.0,2320.0,2320.0,0.0,2.3672529618820526e-05,0.0,0.0,1.0,1.0,9,2,2024-09-11,2320.0
Sampara (Kakinada Rural) APMC,Swarna Masuri (New),2024-09-04,0.01,2183.0,2193.0,2183.0,2183.0,2183.0,2183.0,2183.0,0.0,0.0,0.0,0.0,1.0,1.0,9,2,2024-09-11,2183.0
Tiruvuru APMC,Sona,2024-09-05,60.0,2300.0,2500.0,2400.0,2400.0,2400.0,2400.0,2407.1428571428573,2.881085729057872e-05,26.72612419124675,0.0,0.0,1.0,0.9970326409495548,9,3,2024-09-12,2400.0
Sampara (Kakinada Rural) APMC,Swarna Masuri (New),2024-09-05,0.01,2183.0,2193.0,2183.0,2183.0,2183.0,2183.0,2183.0,0.0,0.0,0.0,0.0,1.0,1.0,9,3,2024-09-13,2183.0
Gudur APMC,B P T,2024-09-06,17.3,2280.0,2320.0,2312.0,2304.0,2275.0,2288.0,2270.5,17.56891193747418,28.449009716441225,8.0,37.0,1.0104895104895104,1.018277912354107,9,4,2024-09-17,2320.0
Tiruvuru APMC,Sona,2024-09-06,80.0,2300.0,2500.0,2400.0,2400.0,2400.0,2400.0,2400.0,2.881085729057872e-05,1.5231254383109826e-05,0.0,0.0,1.0,1.0,9,4,2024-09-13,2400.0
Tiruvuru APMC,Sona,2024-09-07,65.0,2300.0,2550.0,2450.0,2400.0,2400.0,2400.0,2400.0,2.881085729057872e-05,1.5231254383109826e-05,50.0,50.0,1.0208333333333333,1.0208333333333333,9,5,2024-09-19,2400.0
Tiruvuru APMC,Sona,2024-09-08,80.0,2300.0,2500.0,2400.0,2450.0,2400.0,2407.1428571428573,2403.5714285714284,18.898223650484024,13.36306209562992,-50.0,0.0,0.9970326409495548,0.99851411589896,9,6,2024-09-19,2400.0
Gudur APMC,B P T,2024-09-09,38.7,2300.0,2330.0,2315.0,2312.0,2265.0,2293.285714285714,2276.428571428572,18.544669366284865,27.775789916661576,3.0,50.0,1.0094686351460789,1.0169438343269532,9,0,2024-09-17,2320.0
Rajahmundry APMC,Paddy,2024-09-09,0.5,2300.0,2300.0,2300.0,2300.0,2300.0,2300.0,2300.0,0.0,1.7308193508792924e-05,0.0,0.0,1.0,1.0,9,0,2024-09-23,2300.0
Rajahmundry APMC,Swarna Masuri (New),2024-09-09,0.5,2320.0,2320.0,2320.0,2320.0,2320.0,2320.0,2320.0,0.0,2.3672529618820526e-05,0.0,0.0,1.0,1.0,9,0,2024-09-23,2320.0
Sampara (Kakinada Rural) APMC,Swarna Masuri (New),2024-09-09,0.01,2183.0,2193.0,2183.0,2183.0,2183.0,2183.0,2183.0,0.0,0.0,0.0,0.0,1.0,1.0,9,0,2024-09-17,2183.0
Tiruvuru APMC,Sona,2024-09-09,60.0,2300.0,2500.0,2400.0,2400.0,2400.0,2407.1428571428573,2403.5714285714284,18.898223650484024,13.36306209562992,0.0,0.0,0.9970326409495548,0.99851411589896,9,0,2024-09-19,2400.0
Tuni APMC,1001,2024-09-09,0.1,2100.0,2183.0,2183.0,2183.0,2183.0,2183.0,2152.3571428571427,0.0,60.89158984856312,0.0,0.0,1.0,1.0142368831513624,9,0,2024-09-23,2183.0
Rajahmundry APMC,Swarna Masuri (New),2024-09-10,0.5,2320.0,2320.0,2320.0,2320.0,2320.0,2320.0,2320.0,0.0,2.3672529618820526e-05,0.0,0.0,1.0,1.0,9,1,2024-09-23,2320.0
Sampara (Kakinada Rural) APMC,Swarna Masuri (New),2024-09-10,0.01,2183.0,2193.0,2183.0,2183.0,2183.0,2183.0,2183.0,0.0,0.0,0.0,0.0,1.0,1.0,9,1,2024-09-17,2183.0
Nandyal APMC,Sona Mahsuri,2024-09-10,180.0,2200.0,2200.0,2200.0,2400.0,2200.0,2271.428571428572,2270.5,83.7513326119987,142.90004575549668,-200.0,0.0,0.9685534591194968,0.9689495705791676,9,1,2024-09-19,2290.0
Karapa APMC,1001,2024-09-10,0.01,2183.0,2200.0,2183.0,2183.0,2183.0,2183.285714285714,2183.1428571428573,0.755928946203725,0.5345224838248207,0.0,0.0,0.9998691356409082,0.9999345635388036,9,1,2024-09-17,2183.0
Rajahmundry APMC,Paddy,2024-09-10,0.5,2300.0,2300.0,2300.0,2300.0,2300.0,2300.0,2300.0,0.0,1.7308193508792924e-05,0.0,0.0,1.0,1.0,9,1,2024-09-23,2300.0
Gudur APMC,B P T,2024-09-10,41.0,2300.0,2330.0,2317.0,2315.0,2285.0,2300.428571428572,2281.0714285714284,15.15318605505512,28.44282871822911,2.0,32.0,1.0072036266534186,1.015750743698137,9,1,2024-09-17,2320.0
Gudur APMC,B P T,2024-09-11,13.0,2300.0,2320.0,2307.0,2317.0,2275.0,2305.0,2285.714285714286,14.537308324906876,28.63679336214072,-10.0,32.0,1.0008676789587851,1.0093125,9,2,2024-09-18,2318.0
Karapa APMC,1001,2024-09-11,0.1,2183.0,2200.0,2183.0,2183.0,2183.0,2183.285714285714,2183.1428571428573,0.755928946203725,0.5345224838248207,0.0,0.0,0.9998691356409082,0.9999345635388036,9,2,2024-09-18,2183.0
Rajahmundry APMC,Paddy,2024-09-11,0.5,2300.0,2300.0,2300.0,2300.0,2300.0,2300.0,2300.0,0.0,1.7308193508792924e-05,0.0,0.0,1.0,1.0,9,2,2024-09-23,2300.0
Rajahmundry APMC,Swarna Masuri (New),2024-09-11,0.5,2320.0,2320.0,2320.0,2320.0,2320.0,2320.0,2320.0,0.0,2.3672529618820526e-05,0.0,0.0,1.0,1.0,9,2,2024-09-23,2320.0
Sampara (Kakinada Rural) APMC,Swarna Masuri (New),2024-09-11,0.01,2183.0,2193.0,2183.0,2183.0,2183.0,2183.0,2183.0,0.0,0.0,0.0,0.0,1.0,1.0,9,2,2024-09-18,2183.0
Karapa APMC,1001,2024-09-12,0.01,2183.0,2200.0,2183.0,2183.0,2185.0,2183.285714285714,2183.1428571428573,0.755928946203725,0.5345224838248207,0.0,-2.0,0.9998691356409082,0.9999345635388036,9,3,2024-09-19,2183.0
Nandyal APMC,Sona Mahsuri,2024-09-12,600.0,2500.0,2500.0,2500.0,2200.0,2250.0,2271.428571428572,2270.5,83.7513326119987,142.90004575549668,300.0,250.0,1.10062893081761,1.1010790574763267,9,3,2024-09-19,2290.0
Tiruvuru APMC,Sona,2024-09-12,60.0,2300.0,2500.0,2400.0,2400.0,2400.0,2407.1428571428573,2403.5714285714284,18.898223650484024,13.36306209562992,0.0,0.0,0.9970326409495548,0.99851411589896,9,3,2024-09-19,2400.0
Tiruvuru APMC,Sona,2024-09-13,190.0,2300.0,2550.0,2400.0,2400.0,2400.0,2407.1428571428573,2403.5714285714284,18.898223650484024,13.36306209562992,0.0,0.0,0.9970326409495548,0.99851411589896,9,4,2024-09-20,2400.0
Sampara (Kakinada Rural) APMC,Swarna Masuri (New),2024-09-13,0.01,2183.0,2193.0,2183.0,2183.0,2183.0,2183.0,2183.0,0.0,0.0,0.0,0.0,1.0,1.0,9,4,2024-09-21,2183.0
Karapa APMC,1001,2024-09-13,0.01,2183.0,2200.0,2183.0,2183.0,2183.0,2183.0,2183.1428571428573,1.6718792969137457e-05,0.5345224838248207,0.0,0.0,1.0,0.9999345635388036,9,4,2024-09-20,2183.0
Nandyal APMC,Sona Mahsuri,2024-09-13,660.0,2200.0,2200.0,2200.0,2500.0,2380.0,2307.1428571428573,2292.6428571428573,118.98379241368433,153.11916281764988,-300.0,-180.0,0.9535603715170278,0.9595912390566096,9,4,2024-09-20,2402.0
Gudur APMC,B P T,2024-09-17,38.5,2300.0,2340.0,2320.0,2307.0,2300.0,2309.5714285714284,2292.6428571428573,6.133436852134821,19.03279413925518,13.0,20.0,1.0045153708170966,1.0119325793687883,9,1,2024-09-25,2315.0
Karapa APMC,1001,2024-09-17,0.01,2183.0,2200.0,2183.0,2183.0,2183.0,2183.0,2183.1428571428573,1.6718792969137457e-05,0.5345224838248207,0.0,0.0,1.0,0.9999345635388036,9,1,2024-09-24,2183.0
Sampara (Kakinada Rural) APMC,Swarna Masuri (New),2024-09-17,0.01,2183.0,2193.0,2183.0,2183.0,2183.0,2183.0,2183.0,0.0,0.0,0.0,0.0,1.0,1.0,9,1,2024-09-24,2183.0
Gudur APMC,B P T,2024-09-18,36.5,2300.0,2325.0,2318.0,2320.0,2312.0,2312.428571428572,2296.214285714286,5.563486402649164,19.147920439120053,-2.0,6.0,1.0024093408290602,1.0094876660341556,9,2,2024-09-25,2315.0
Karapa APMC,1001,2024-09-18,0.01,2183.0,2200.0,2183.0,2183.0,2183.0,2183.0,2183.1428571428573,1.6718792969137457e-05,0.5345224838248207,0.0,0.0,1.0,0.9999345635388036,9,2,2024-09-26,2183.0
Sampara (Kakinada Rural) APMC,Swarna Masuri (New),2024-09-18,0.01,2183.0,2193.0,2183.0,2183.0,2183.0,2183.0,2183.0,0.0,0.0,0.0,0.0,1.0,1.0,9,2,2024-09-25,2183.0
Karapa APMC,1001,2024-09-19,0.01,2183.0,2200.0,2183.0,2183.0,2183.0,2183.0,2183.1428571428573,1.6718792969137457e-05,0.5345224838248207,0.0,0.0,1.0,0.9999345635388036,9,3,2024-09-26,2183.0
Nandyal APMC,Sona Mahsuri,2024-09-19,447.0,2290.0,2290.0,2290.0,2200.0,2250.0,2281.428571428572,2292.6428571428573,120.05950905399214,153.11916281764988,90.0,40.0,1.0037570444583594,0.9988472442907436,9,3,2024-09-27,2200.0
Tiruvuru APMC,Sona,2024-09-19,60.0,2300.0,2500.0,2400.0,2400.0,2400.0,2407.1428571428573,2403.5714285714284,18.898223650484024,13.36306209562992,0.0,0.0,0.9970326409495548,0.99851411589896,9,3,2024-09-26,2600.0
Nandyal APMC,Sona Mahsuri,2024-09-20,733.0,2402.0,2402.0,2402.0,2290.0,2200.0,2287.1428571428573,2299.785714285714,119.26361357853207,150.26856909261764,112.0,202.0,1.0502186133666458,1.044445134639873,9,4,2024-09-27,2200.0
Karapa APMC,1001,2024-09-20,0.01,2183.0,2200.0,2183.0,2183.0,2183.0,2183.0,2183.1428571428573,1.6718792969137457e-05,0.5345224838248207,0.0,0.0,1.0,0.9999345635388036,9,4,2024-09-27,2183.0
Tiruvuru APMC,Sona,2024-09-20,75.0,2300.0,2500.0,2400.0,2400.0,2400.0,2407.1428571428573,2403.5714285714284,18.898223650484024,13.36306209562992,0.0,0.0,0.9970326409495548,0.99851411589896,9,4,2024-09-27,2600.0
Tiruvuru APMC,Sona,2024-09-21,66.0,2300.0,2550.0,2400.0,2400.0,2450.0,2407.1428571428573,2403.5714285714284,18.898223650484024,13.36306209562992,0.0,-50.0,0.9970326409495548,0.99851411589896,9,5,2024-09-29,2600.0
Sampara (Kakinada Rural) APMC,Swarna Masuri (New),2024-09-21,0.01,2183.0,2183.0,2183.0,2183.0,2183.0,2183.0,2183.0,0.0,0.0,0.0,0.0,1.0,1.0,9,5,2024-09-28,2183.0
Tiruvuru APMC,Sona,2024-09-22,160.0,2300.0,2550.0,2400.0,2400.0,2400.0,2400.0,2403.5714285714284,2.881085729057872e-05,13.36306209562992,0.0,0.0,1.0,0.99851411589896,9,6,2024-09-29,2600.0
Rajahmundry APMC,Paddy,2024-09-23,0.5,2300.0,2300.0,2300.0,2300.0,2300.0,2300.0,2300.0,0.0,1.7308193508792924e-05,0.0,0.0,1.0,1.0,9,0,2024-09-30,2300.0
Rajahmundry APMC,Swarna Masuri (New),2024-09-23,0.5,2320.0,2320.0,2320.0,2320.0,2320.0,2320.0,2320.0,0.0,2.3672529618820526e-05,0.0,0.0,1.0,1.0,9,0,2024-09-30,2320.0
Sampara (Kakinada Rural) APMC,Swarna Masuri (New),2024-09-23,0.01,2183.0,2193.0,2183.0,2183.0,2183.0,2183.0,2183.0,0.0,0.0,0.0,0.0,1.0,1.0,9,0,2024-09-30,2183.0
Tiruvuru APMC,Sona,2024-09-23,110.0,2300.0,2550.0,2450.0,2400.0,2400.0,2400.0,2403.5714285714284,2.881085729057872e-05,13.36306209562992,50.0,50.0,1.0208333333333333,1.0193164933135217,9,0,2024-09-30,2600.0
Tuni APMC,1001,2024-09-23,0.1,2100.0,2183.0,2183.0,2183.0,2183.0,2183.0,2162.5714285714284,0.0,51.92852230298232,0.0,0.0,1.0,1.0094464262121814,9,0,2024-10-07,2300.0
Tiruvuru APMC,Sona,2024-09-24,60.0,2500.0,2700.0,2600.0,2450.0,2400.0,2407.1428571428573,2407.1428571428573,18.898223650484024,18.156825980070504,150.0,200.0,1.0801186943620178,1.0801186943620178,9,1,2024-10-01,2500.0
Karapa APMC,1001,2024-09-24,0.01,2183.0,2200.0,2183.0,2183.0,2183.0,2183.0,2183.1428571428573,1.6718792969137457e-05,0.5345224838248207,0.0,0.0,1.0,0.9999345635388036,9,1,2024-10-01,2183.0
Rajahmundry APMC,Paddy,2024-09-24,0.5,2300.0,2300.0,2300.0,2300.0,2300.0,2300.0,2300.0,0.0,1.7308193508792924e-05,0.0,0.0,1.0,1.0,9,1,2024-10-01,2300.0
Rajahmundry APMC,Swarna Masuri (New),2024-09-24,0.5,2320.0,2320.0,2320.0,2320.0,2320.0,2320.0,2320.0,0.0,2.3672529618820526e-05,0.0,0.0,1.0,1.0,9,1,2024-10-01,2320.0
Sampara (Kakinada Rural) APMC,Swarna Masuri (New),2024-09-24,0.01,2183.0,2193.0,2183.0,2183.0,2183.0,2183.0,2183.0,0.0,0.0,0.0,0.0,1.0,1.0,9,1,2024-10-01,2183.0
Tuni APMC,1001,2024-09-24,0.1,2100.0,2183.0,2183.0,2183.0,2183.0,2183.0,2172.785714285714,0.0,38.21835759347519,0.0,0.0,1.0,1.0047010092376476,9,1,2024-10-07,2300.0
Tiruvuru APMC,Sona,2024-09-25,110.0,2400.0,2600.0,2500.0,2600.0,2400.0,2435.714285714286,2421.428571428572,74.80132415431608,54.47047794019436,-100.0,100.0,1.0263929618768328,1.0324483775811208,9,2,2024-10-02,2500.0
Sampara (Kakinada Rural) APMC,Swarna Masuri (New),2024-09-25,0.01,2183.0,2193.0,2183.0,2183.0,2183.0,2183.0,2183.0,0.0,0.0,0.0,0.0,1.0,1.0,9,2,2024-10-03,2300.0
Rajahmundry APMC,Paddy,2024-09-25,0.5,2300.0,2300.0,2300.0,2300.0,2300.0,2300.0,2300.0,0.0,1.7308193508792924e-05,0.0,0.0,1.0,1.0,9,2,2024-10-03,2300.0
Rajahmundry APMC,Swarna Masuri (New),2024-09-25,0.5,2320.0,2320.0,2320.0,2320.0,2320.0,2320.0,2320.0,0.0,2.3672529618820526e-05,0.0,0.0,1.0,1.0,9,2,2024-10-03,2320.0
Karapa APMC,1001,2024-09-26,0.01,2183.0,2200.0,2183.0,2183.0,2183.0,2183.0,2183.1428571428573,1.6718792969137457e-05,0.5345224838248207,0.0,0.0,1.0,0.9999345635388036,9,3,2024-10-03,2183.0
Rajahmundry APMC,Paddy,2024-09-26,0.5,2300.0,2300.0,2300.0,2300.0,2300.0,2300.0,2300.0,0.0,1.7308193508792924e-05,0.0,0.0,1.0,1.0,9,3,2024-10-03,2300.0
Rajahmundry APMC,Swarna Masuri (New),2024-09-26,0.5,2320.0,2320.0,2320.0,2320.0,2320.0,2320.0,2320.0,0.0,2.3672529618820526e-05,0.0,0.0,1.0,1.0,9,3,2024-10-03,2320.0
Sampara (Kakinada Rural) APMC,Swarna Masuri (New),2024-09-26,0.01,2183.0,2193.0,2183.0,2183.0,2183.0,2183.0,2183.0,0.0,0.0,0.0,0.0,1.0,1.0,9,3,2024-10-03,2300.0
Tiruvuru APMC,Sona,2024-09-26,90.0,2500.0,2700.0,2600.0,2500.0,2400.0,2450.0,2428.5714285714284,76.3762615826041,57.89342235218592,100.0,200.0,1.0612244897959184,1.0705882352941176,9,3,2024-10-03,2400.0
Rajahmundry APMC,Swarna Masuri (New),2024-09-27,0.5,2320.0,2320.0,2320.0,2320.0,2320.0,2320.0,2320.0,0.0,2.3672529618820526e-05,0.0,0.0,1.0,1.0,9,4,2024-10-04,2320.0
Rajahmundry APMC,Paddy,2024-09-27,0.5,2300.0,2300.0,2300.0,2300.0,2300.0,2300.0,2300.0,0.0,1.7308193508792924e-05,0.0,0.0,1.0,1.0,9,4,2024-10-04,2300.0
Sampara (Kakinada Rural) APMC,Swarna Masuri (New),2024-09-27,0.01,2183.0,2193.0,2183.0,2183.0,2183.0,2183.0,2183.0,0.0,0.0,0.0,0.0,1.0,1.0,9,4,2024-10-04,2300.0
Karapa APMC,1001,2024-09-27,0.01,2183.0,2200.0,2183.0,2183.0,2183.0,2183.0,2183.0,1.6718792969137457e-05,0.0,0.0,0.0,1.0,1.0,9,4,2024-10-06,2183.0
Nandyal APMC,Sona Mahsuri,2024-09-27,406.0,2200.0,2200.0,2200.0,2200.0,2400.0,2313.1428571428573,2278.0,121.99375471914963,100.5859754714266,0.0,-200.0,0.951086956521739,0.9657594381035997,9,4,2024-10-09,2350.0
Tiruvuru APMC,Sona,2024-09-27,60.0,2500.0,2700.0,2600.0,2600.0,2400.0,2478.5714285714284,2442.8571428571427,90.63269671750297,73.0045911547387,0.0,200.0,1.0489913544668588,1.064327485380117,9,4,2024-10-04,2500.0
Sampara (Kakinada Rural) APMC,Swarna Masuri (New),2024-09-28,0.01,2183.0,2193.0,2183.0,2183.0,2183.0,2183.0,2183.0,0.0,0.0,0.0,0.0,1.0,1.0,9,5,2024-10-05,2300.0
Karapa APMC,1001,2024-09-29,0.01,2183.0,2200.0,2183.0,2183.0,2183.0,2183.0,2183.0,1.6718792969137457e-05,0.0,0.0,0.0,1.0,1.0,9,6,2024-10-06,2183.0
Tiruvuru APMC,Sona,2024-09-29,110.0,2500.0,2700.0,2600.0,2600.0,2400.0,2507.1428571428573,2457.1428571428573,93.22272357358736,82.87419301647573,0.0,200.0,1.037037037037037,1.0581395348837208,9,6,2024-10-06,2500.0
Karapa APMC,1001,2024-09-30,0.01,2183.0,2200.0,2183.0,2183.0,2183.0,2183.0,2183.0,1.6718792969137457e-05,0.0,0.0,0.0,1.0,1.0,9,0,2024-10-07,2183.0
Rajahmundry APMC,Paddy,2024-09-30,0.5,2300.0,2300.0,2300.0,2300.0,2300.0,2300.0,2300.0,0.0,1.7308193508792924e-05,0.0,0.0,1.0,1.0,9,0,2024-10-07,2300.0
Rajahmundry APMC,Swarna Masuri (New),2024-09-30,0.5,2320.0,2320.0,2320.0,2320.0,2320.0,2320.0,2320.0,0.0,2.3672529618820526e-05,0.0,0.0,1.0,1.0,9,0,2024-10-07,2320.0
Sampara (Kakinada Rural) APMC,Swarna Masuri (New),2024-09-30,0.01,2183.0,2183.0,2183.0,2183.0,2183.0,2183.0,2183.0,0.0,0.0,0.0,0.0,1.0,1.0,9,0,2024-10-07,2300.0
Tiruvuru APMC,Sona,2024-09-30,60.0,2500.0,2700.0,2600.0,2600.0,2400.0,2535.714285714286,2467.8571428571427,85.21681032464302,91.16161231812296,0.0,200.0,1.0253521126760563,1.0535455861070913,9,0,2024-10-07,2500.0
Sampara (Kakinada Rural) APMC,Swarna Masuri (New),2024-10-01,0.01,2183.0,2193.0,2183.0,2183.0,2183.0,2183.0,2183.0,0.0,0.0,0.0,0.0,1.0,1.0,10,1,2024-10-08,2300.0
Rajahmundry APMC,Swarna Masuri (New),2024-10-01,0.5,2320.0,2320.0,2320.0,2320.0,2320.0,2320.0,2320.0,0.0,2.3672529618820526e-05,0.0,0.0,1.0,1.0,10,1,2024-10-08,2320.0
Tiruvuru APMC,Sona,2024-10-01,90.0,2400.0,2600.0,2500.0,2600.0,2450.0,2564.285714285714,2482.1428571428573,62.67831705281319,95.2873041368602,-100.0,50.0,0.9749303621169916,1.0071942446043165,10,1,2024-10-08,2500.0
Karapa APMC,1001,2024-10-01,0.1,2183.0,2200.0,2183.0,2183.0,2183.0,2183.0,2183.0,1.6718792969137457e-05,0.0,0.0,0.0,1.0,1.0,10,1,2024-10-08,2183.0
Rajahmundry APMC,Paddy,2024-10-01,0.5,2300.0,2300.0,2300.0,2300.0,2300.0,2300.0,2300.0,0.0,1.7308193508792924e-05,0.0,0.0,1.0,1.0,10,1,2024-10-08,2300.0
Tiruvuru APMC,Sona,2024-10-02,65.0,2400.0,2600.0,2500.0,2500.0,2600.0,2571.428571428572,2489.285714285714,48.795003647442826,92.35918893223317,0.0,-100.0,0.9722222222222222,1.0043041606886658,10,2,2024-10-11,2500.0
Rajahmundry APMC,Paddy,2024-10-03,0.5,2300.0,2300.0,2300.0,2300.0,2300.0,2300.0,2300.0,0.0,1.7308193508792924e-05,0.0,0.0,1.0,1.0,10,3,2024-10-10,2300.0
Rajahmundry APMC,Swarna Masuri (New),2024-10-03,0.5,2320.0,2320.0,2320.0,2320.0,2320.0,2320.0,2320.0,0.0,2.3672529618820526e-05,0.0,0.0,1.0,1.0,10,3,2024-10-10,2320.0
Sampara (Kakinada Rural) APMC,Swarna Masuri (New),2024-10-03,0.01,2300.0,2320.0,2300.0,2183.0,2183.0,2183.0,2183.0,0.0,0.0,117.0,117.0,1.053595968850206,1.053595968850206,10,3,2024-10-10,2300.0
Tiruvuru APMC,Sona,2024-10-03,60.0,2300.0,2500.0,2400.0,2500.0,2500.0,2557.1428571428573,2496.428571428572,53.45224838249912,88.7179751847351,-100.0,-100.0,0.9385474860335196,0.96137339055794,10,3,2024-10-11,2500.0
Rajahmundry APMC,Paddy,2024-10-04,0.5,2300.0,2300.0,2300.0,2300.0,2300.0,2300.0,2300.0,0.0,1.7308193508792924e-05,0.0,0.0,1.0,1.0,10,4,2024-10-11,2300.0
Rajahmundry APMC,Swarna Masuri (New),2024-10-04,0.5,2320.0,2320.0,2320.0,2320.0,2320.0,2320.0,2320.0,0.0,2.3672529618820526e-05,0.0,0.0,1.0,1.0,10,4,2024-10-11,2320.0
Sampara (Kakinada Rural) APMC,Swarna Masuri (New),2024-10-04,0.01,2300.0,2310.0,2300.0,2300.0,2183.0,2199.714285714286,2191.3571428571427,44.22184334207957,31.26956530375368,0.0,117.0,1.0455903364073256,1.0495778871540795,10,4,2024-10-14,2300.0
Tiruvuru APMC,Sona,2024-10-04,60.0,2400.0,2600.0,2500.0,2400.0,2600.0,2542.8571428571427,2496.428571428572,78.67957924695365,88.7179751847351,100.0,-100.0,0.9831460674157304,1.0014306151645207,10,4,2024-10-11,2500.0
Tiruvuru APMC,Sona,2024-10-05,60.0,2400.0,2600.0,2500.0,2500.0,2600.0,2528.5714285714284,2503.5714285714284,75.59289460185484,84.27127833163857,0.0,-100.0,0.9887005649717516,0.9985734664764624,10,5,2024-10-12,2500.0
Sampara (Kakinada Rural) APMC,Swarna Masuri (New),2024-10-05,0.01,2300.0,2310.0,2300.0,2300.0,2183.0,2216.428571428572,2199.714285714286,57.09015426748916,42.48697279334995,0.0,117.0,1.0377054463422497,1.0455903364073256,10,5,2024-10-14,2300.0
Rajahmundry APMC,Swarna Masuri (New),2024-10-06,0.5,2320.0,2320.0,2320.0,2320.0,2320.0,2320.0,2320.0,0.0,2.3672529618820526e-05,0.0,0.0,1.0,1.0,10,6,2024-10-13,2320.0
Tiruvuru APMC,Sona,2024-10-06,60.0,2400.0,2600.0,2500.0,2500.0,2600.0,2514.285714285714,2510.714285714286,69.00655593424537,78.88299862788946,0.0,-100.0,0.994318181818182,0.995732574679943,10,6,2024-10-13,2500.0
Karapa APMC,1001,2024-10-06,0.01,2183.0,2200.0,2183.0,2183.0,2183.0,2183.0,2183.0,1.6718792969137457e-05,0.0,0.0,0.0,1.0,1.0,10,6,2024-10-18,2183.0
Rajahmundry APMC,Paddy,2024-10-06,0.5,2300.0,2300.0,2300.0,2300.0,2300.0,2300.0,2300.0,0.0,1.7308193508792924e-05,0.0,0.0,1.0,1.0,10,6,2024-10-13,2300.0
Karapa APMC,1001,2024-10-07,0.01,2183.0,2200.0,2183.0,2183.0,2183.0,2183.0,2183.0,1.6718792969137457e-05,0.0,0.0,0.0,1.0,1.0,10,0,2024-10-18,2183.0
Rajahmundry APMC,Paddy,2024-10-07,0.5,2300.0,2300.0,2300.0,2300.0,2300.0,2300.0,2300.0,0.0,1.7308193508792924e-05,0.0,0.0,1.0,1.0,10,0,2024-10-14,2300.0
Rajahmundry APMC,Swarna Masuri (New),2024-10-07,0.5,2320.0,2320.0,2320.0,2320.0,2320.0,2320.0,2320.0,0.0,2.3672529618820526e-05,0.0,0.0,1.0,1.0,10,0,2024-10-14,2320.0
Sampara (Kakinada Rural) APMC,Swarna Masuri (New),2024-10-07,0.01,2300.0,2310.0,2300.0,2300.0,2183.0,2233.1428571428573,2208.0714285714284,62.539130607507246,49.82039169427947,0.0,117.0,1.0299385875127942,1.0416329699479183,10,0,2024-10-14,2300.0
Tiruvuru APMC,Sona,2024-10-07,110.0,2400.0,2600.0,2500.0,2500.0,2600.0,2500.0,2517.8571428571427,57.73502691897404,72.34304723687421,0.0,-100.0,1.0,0.9929078014184398,10,0,2024-10-14,2500.0
Karapa APMC,1001,2024-10-08,0.01,2183.0,2200.0,2183.0,2183.0,2183.0,2183.0,2183.0,1.6718792969137457e-05,0.0,0.0,0.0,1.0,1.0,10,1,2024-10-18,2183.0
Rajahmundry APMC,Paddy,2024-10-08,0.5,2300.0,2300.0,2300.0,2300.0,2300.0,2300.0,2300.0,0.0,1.7308193508792924e-05,0.0,0.0,1.0,1.0,10,1,2024-10-15,2300.0
Rajahmundry APMC,Swarna Masuri (New),2024-10-08,0.5,2320.0,2320.0,2320.0,2320.0,2320.0,2320.0,2320.0,0.0,2.3672529618820526e-05,0.0,0.0,1.0,1.0,10,1,2024-10-15,2320.0
Sampara (Kakinada Rural) APMC,Swarna Masuri (New),2024-10-08,0.01,2300.0,2310.0,2300.0,2300.0,2183.0,2249.8571428571427,2216.428571428572,62.539130607507246,54.850446019803975,0.0,117.0,1.0222871293415456,1.0377054463422497,10,1,2024-10-16,2300.0
Tiruvuru APMC,Sona,2024-10-08,60.0,2400.0,2600.0,2500.0,2500.0,2500.0,2485.714285714286,2525.0,37.7964473009396,64.30097498961818,0.0,0.0,1.0057471264367817,0.99009900990099,10,1,2024-10-15,2500.0
Sampara (Kakinada Rural) APMC,Swarna Masuri (New),2024-10-09,0.01,2300.0,2310.0,2300.0,2300.0,2183.0,2266.5714285714284,2224.785714285714,57.09015426748916,58.1776834975651,0.0,117.0,1.0147485188453298,1.0338074292869297,10,2,2024-10-16,2300.0
Rajahmundry APMC,Swarna Masuri (New),2024-10-09,0.5,2320.0,2320.0,2320.0,2320.0,2320.0,2320.0,2320.0,0.0,2.3672529618820526e-05,0.0,0.0,1.0,1.0,10,2,2024-10-16,2320.0
Rajahmundry APMC,Paddy,2024-10-09,0.5,2300.0,2300.0,2300.0,2300.0,2300.0,2300.0,2300.0,0.0,1.7308193508792924e-05,0.0,0.0,1.0,1.0,10,2,2024-10-16,2300.0
Nandyal APMC,Sona Mahsuri,2024-10-09,195.0,2300.0,2400.0,2350.0,2200.0,2200.0,2284.5714285714284,2278.0,121.68108199011704,100.5859754714266,150.0,150.0,1.02863931965983,1.031606672519754,10,2,2024-10-16,2888.0
Rajahmundry APMC,Paddy,2024-10-10,0.5,2300.0,2300.0,2300.0,2300.0,2300.0,2300.0,2300.0,0.0,1.7308193508792924e-05,0.0,0.0,1.0,1.0,10,3,2024-10-17,2300.0
Rajahmundry APMC,Swarna Masuri (New),2024-10-10,0.5,2320.0,2320.0,2320.0,2320.0,2320.0,2320.0,2320.0,0.0,2.3672529618820526e-05,0.0,0.0,1.0,1.0,10,3,2024-10-17,2320.0
Sampara (Kakinada Rural) APMC,Swarna Masuri (New),2024-10-10,0.01,2300.0,2310.0,2300.0,2300.0,2183.0,2283.285714285714,2233.1428571428573,44.22184334207957,60.085653148532174,0.0,117.0,1.007320277795157,1.0299385875127942,10,3,2024-10-17,2300.0
Rajahmundry APMC,Paddy,2024-10-11,0.5,2300.0,2300.0,2300.0,2300.0,2300.0,2300.0,2300.0,0.0,1.7308193508792924e-05,0.0,0.0,1.0,1.0,10,4,2024-10-18,2300.0
Rajahmundry APMC,Swarna Masuri (New),2024-10-11,0.5,2320.0,2320.0,2320.0,2320.0,2320.0,2320.0,2320.0,0.0,2.3672529618820526e-05,0.0,0.0,1.0,1.0,10,4,2024-10-18,2320.0
Tiruvuru APMC,Sona,2024-10-11,60.0,2400.0,2600.0,2500.0,2500.0,2500.0,2485.714285714286,2528.5714285714284,37.7964473009396,61.1249845502136,0.0,0.0,1.0057471264367817,0.9887005649717516,10,4,2024-10-18,2500.0
Rajahmundry APMC,Paddy,2024-10-12,0.5,2300.0,2300.0,2300.0,2300.0,2300.0,2300.0,2300.0,0.0,1.7308193508792924e-05,0.0,0.0,1.0,1.0,10,5,2024-10-19,2300.0
Rajahmundry APMC,Swarna Masuri (New),2024-10-12,0.5,2320.0,2320.0,2320.0,2320.0,2320.0,2320.0,2320.0,0.0,2.3672529618820526e-05,0.0,0.0,1.0,1.0,10,5,2024-10-19,2320.0
Tiruvuru APMC,Sona,2024-10-12,45.0,2400.0,2600.0,2500.0,2500.0,2400.0,2485.714285714286,2521.428571428572,37.7964473009396,57.89342235218504,0.0,100.0,1.0057471264367817,0.9915014164305948,10,5,2024-10-22,2500.0
Rajahmundry APMC,Swarna Masuri (New),2024-10-13,0.5,2320.0,2320.0,2320.0,2320.0,2320.0,2320.0,2320.0,0.0,2.3672529618820526e-05,0.0,0.0,1.0,1.0,10,6,2024-10-20,2320.0
Rajahmundry APMC,Paddy,2024-10-13,0.5,2300.0,2300.0,2300.0,2300.0,2300.0,2300.0,2300.0,0.0,1.7308193508792924e-05,0.0,0.0,1.0,1.0,10,6,2024-10-20,2300.0
Tiruvuru APMC,Sona,2024-10-13,85.0,2400.0,2600.0,2500.0,2500.0,2500.0,2500.0,2521.428571428572,3.6293959457019726e-05,57.89342235218504,0.0,0.0,1.0,0.9915014164305948,10,6,2024-10-22,2500.0
Sampara (Kakinada Rural) APMC,Swarna Masuri (New),2024-10-14,0.01,2300.0,2310.0,2300.0,2300.0,2300.0,2300.0,2241.5,0.0,60.70831903454418,0.0,0.0,1.0,1.026098594691055,10,0,2024-10-21,2300.0
Tiruvuru APMC,Sona,2024-10-14,90.0,2400.0,2600.0,2500.0,2500.0,2500.0,2500.0,2514.285714285714,3.6293959457019726e-05,53.45224838248616,0.0,0.0,1.0,0.994318181818182,10,0,2024-10-22,2500.0
Rajahmundry APMC,Swarna Masuri (New),2024-10-14,0.5,2320.0,2320.0,2320.0,2320.0,2320.0,2320.0,2320.0,0.0,2.3672529618820526e-05,0.0,0.0,1.0,1.0,10,0,2024-10-21,2320.0
Rajahmundry APMC,Paddy,2024-10-14,0.5,2300.0,2300.0,2300.0,2300.0,2300.0,2300.0,2300.0,0.0,1.7308193508792924e-05,0.0,0.0,1.0,1.0,10,0,2024-10-21,2300.0
Rajahmundry APMC,Paddy,2024-10-15,0.5,2300.0,2300.0,2300.0,2300.0,2300.0,2300.0,2300.0,0.0,1.7308193508792924e-05,0.0,0.0,1.0,1.0,10,1,2024-10-23,2300.0
Rajahmundry APMC,Swarna Masuri (New),2024-10-15,0.5,2320.0,2320.0,2320.0,2320.0,2320.0,2320.0,2320.0,0.0,2.3672529618820526e-05,0.0,0.0,1.0,1.0,10,1,2024-10-23,2320.0
Tiruvuru APMC,Sona,2024-10-15,60.0,2400.0,2600.0,2500.0,2500.0,2500.0,2500.0,2507.1428571428573,3.6293959457019726e-05,47.46311465493391,0.0,0.0,1.0,0.9971509971509972,10,1,2024-10-22,2500.0
Rajahmundry APMC,Paddy,2024-10-16,0.5,2300.0,2300.0,2300.0,2300.0,2300.0,2300.0,2300.0,0.0,1.7308193508792924e-05,0.0,0.0,1.0,1.0,10,2,2024-10-23,2300.0
Rajahmundry APMC,Swarna Masuri (New),2024-10-16,0.5,2320.0,2320.0,2320.0,2320.0,2320.0,2320.0,2320.0,0.0,2.3672529618820526e-05,0.0,0.0,1.0,1.0,10,2,2024-10-23,2320.0
Sampara (Kakinada Rural) APMC,Swarna Masuri (New),2024-10-16,0.01,2300.0,2310.0,2300.0,2300.0,2300.0,2300.0,2249.8571428571427,0.0,60.085653148532174,0.0,0.0,1.0,1.0222871293415456,10,2,2024-10-23,2300.0
Tiruvuru APMC,Sona,2024-10-16,110.0,2400.0,2600.0,2500.0,2500.0,2500.0,2500.0,2500.0,3.6293959457019726e-05,39.223227027638856,0.0,0.0,1.0,1.0,10,2,2024-10-23,2500.0
Sampara (Kakinada Rural) APMC,Swarna Masuri (New),2024-10-17,0.01,2300.0,2310.0,2300.0,2300.0,2300.0,2300.0,2258.214285714286,0.0,58.17768349756509,0.0,0.0,1.0,1.0185038747430015,10,3,2024-10-25,2300.0
Tiruvuru APMC,Sona,2024-10-17,70.0,2400.0,2600.0,2500.0,2500.0,2500.0,2500.0,2492.8571428571427,3.6293959457019726e-05,26.72612419124571,0.0,0.0,1.0,1.002865329512894,10,3,2024-10-25,2500.0
Rajahmundry APMC,Paddy,2024-10-17,0.5,2300.0,2300.0,2300.0,2300.0,2300.0,2300.0,2300.0,0.0,1.7308193508792924e-05,0.0,0.0,1.0,1.0,10,3,2024-10-24,2300.0
Rajahmundry APMC,Swarna Masuri (New),2024-10-17,0.5,2320.0,2320.0,2320.0,2320.0,2320.0,2320.0,2320.0,0.0,2.3672529618820526e-05,0.0,0.0,1.0,1.0,10,3,2024-10-24,2320.0
Karapa APMC,1001,2024-10-18,0.01,2183.0,2300.0,2183.0,2183.0,2183.0,2183.0,2183.0,1.6718792969137457e-05,0.0,0.0,0.0,1.0,1.0,10,4,2024-10-25,2300.0
Rajahmundry APMC,Paddy,2024-10-18,0.5,2300.0,2300.0,2300.0,2300.0,2300.0,2300.0,2300.0,0.0,1.7308193508792924e-05,0.0,0.0,1.0,1.0,10,4,2024-10-25,2300.0
Rajahmundry APMC,Swarna Masuri (New),2024-10-18,0.5,2320.0,2320.0,2320.0,2320.0,2320.0,2320.0,2320.0,0.0,2.3672529618820526e-05,0.0,0.0,1.0,1.0,10,4,2024-10-25,2320.0
Sampara (Kakinada Rural) APMC,Swarna Masuri (New),2024-10-18,0.01,2300.0,2310.0,2300.0,2300.0,2300.0,2300.0,2266.5714285714284,0.0,54.85044601980397,0.0,0.0,1.0,1.0147485188453298,10,4,2024-10-25,2300.0
Tiruvuru APMC,Sona,2024-10-18,52.0,2400.0,2600.0,2500.0,2500.0,2500.0,2500.0,2492.8571428571427,3.6293959457019726e-05,26.72612419124571,0.0,0.0,1.0,1.002865329512894,10,4,2024-10-25,2500.0
Karapa APMC,1001,2024-10-19,0.01,2183.0,2300.0,2183.0,2183.0,2183.0,2183.0,2183.0,1.6718792969137457e-05,0.0,0.0,0.0,1.0,1.0,10,5,2024-10-26,2300.0
Rajahmundry APMC,Paddy,2024-10-19,0.5,2300.0,2300.0,2300.0,2300.0,2300.0,2300.0,2300.0,0.0,1.7308193508792924e-05,0.0,0.0,1.0,1.0,10,5,2024-10-26,2300.0
Rajahmundry APMC,Swarna Masuri (New),2024-10-19,0.5,2320.0,2320.0,2320.0,2320.0,2320.0,2320.0,2320.0,0.0,2.3672529618820526e-05,0.0,0.0,1.0,1.0,10,5,2024-10-26,2320.0
Sampara (Kakinada Rural) APMC,Swarna Masuri (New),2024-10-19,0.01,2300.0,2310.0,2300.0,2300.0,2300.0,2300.0,2274.928571428572,0.0,49.820391694279465,0.0,0.0,1.0,1.0110207541838048,10,5,2024-10-26,2300.0
Rajahmundry APMC,Swarna Masuri (New),2024-10-20,0.5,2320.0,2320.0,2320.0,2320.0,2320.0,2320.0,2320.0,0.0,2.3672529618820526e-05,0.0,0.0,1.0,1.0,10,6,2024-10-27,2320.0
Rajahmundry APMC,Paddy,2024-10-20,0.5,2300.0,2300.0,2300.0,2300.0,2300.0,2300.0,2300.0,0.0,1.7308193508792924e-05,0.0,0.0,1.0,1.0,10,6,2024-10-27,2300.0
Sampara (Kakinada Rural) APMC,Swarna Masuri (New),2024-10-21,0.01,2300.0,2310.0,2300.0,2300.0,2300.0,2300.0,2283.285714285714,0.0,42.486972793349935,0.0,0.0,1.0,1.007320277795157,10,0,2024-10-28,2300.0
Rajahmundry APMC,Swarna Masuri (New),2024-10-21,0.5,2320.0,2320.0,2320.0,2320.0,2320.0,2320.0,2320.0,0.0,2.3672529618820526e-05,0.0,0.0,1.0,1.0,10,0,2024-10-28,2320.0
Karapa APMC,1001,2024-10-21,0.01,2183.0,2200.0,2183.0,2183.0,2183.0,2183.0,2183.0,1.6718792969137457e-05,0.0,0.0,0.0,1.0,1.0,10,0,2024-10-28,2300.0
Rajahmundry APMC,Paddy,2024-10-21,0.5,2300.0,2300.0,2300.0,2300.0,2300.0,2300.0,2300.0,0.0,1.7308193508792924e-05,0.0,0.0,1.0,1.0,10,0,2024-10-28,2300.0
Sampara (Kakinada Rural) APMC,Swarna Masuri (New),2024-10-22,0.01,2300.0,2310.0,2300.0,2300.0,2300.0,2300.0,2291.6428571428573,0.0,31.269565303753676,0.0,0.0,1.0,1.0036467911354925,10,1,2024-10-29,2300.0
Tiruvuru APMC,Sona,2024-10-22,60.0,2400.0,2600.0,2500.0,2500.0,2500.0,2500.0,2492.8571428571427,3.6293959457019726e-05,26.72612419124571,0.0,0.0,1.0,1.002865329512894,10,1,2024-10-29,2500.0
Rajahmundry APMC,Paddy,2024-10-23,0.5,2300.0,2300.0,2300.0,2300.0,2300.0,2300.0,2300.0,0.0,1.7308193508792924e-05,0.0,0.0,1.0,1.0,10,2,2024-11-01,2300.0
Rajahmundry APMC,Swarna Masuri (New),2024-10-23,0.5,2320.0,2320.0,2320.0,2320.0,2320.0,2320.0,2320.0,0.0,2.3672529618820526e-05,0.0,0.0,1.0,1.0,10,2,2024-11-01,2320.0
Sampara (Kakinada Rural) APMC,Swarna Masuri (New),2024-10-23,0.01,2300.0,2310.0,2300.0,2300.0,2300.0,2300.0,2300.0,0.0,0.0,0.0,0.0,1.0,1.0,10,2,2024-10-30,2300.0
Tiruvuru APMC,Sona,2024-10-23,90.0,2400.0,2600.0,2500.0,2500.0,2500.0,2500.0,2500.0,3.6293959457019726e-05,1.2762034036479445e-05,0.0,0.0,1.0,1.0,10,2,2024-11-01,2500.0
Karapa APMC,1001,2024-10-24,0.01,2300.0,2350.0,2300.0,2183.0,2183.0,2183.0,2183.0,1.6718792969137457e-05,0.0,117.0,117.0,1.053595968850206,1.053595968850206,10,3,2024-10-31,2300.0
Rajahmundry APMC,Paddy,2024-10-24,0.5,2300.0,2300.0,2300.0,2300.0,2300.0,2300.0,2300.0,0.0,1.7308193508792924e-05,0.0,0.0,1.0,1.0,10,3,2024-11-01,2300.0
Rajahmundry APMC,Swarna Masuri (New),2024-10-24,0.5,2320.0,2320.0,2320.0,2320.0,2320.0,2320.0,2320.0,0.0,2.3672529618820526e-05,0.0,0.0,1.0,1.0,10,3,2024-11-01,2320.0
Rajahmundry APMC,Swarna Masuri (New),2024-10-25,0.5,2320.0,2320.0,2320.0,2320.0,2320.0,2320.0,2320.0,0.0,2.3672529618820526e-05,0.0,0.0,1.0,1.0,10,4,2024-11-01,2320.0
Tiruvuru APMC,Sona,2024-10-25,60.0,2400.0,2600.0,2500.0,2500.0,2500.0,2500.0,2500.0,3.6293959457019726e-05,1.2762034036479445e-05,0.0,0.0,1.0,1.0,10,4,2024-11-01,2500.0
Sampara (Kakinada Rural) APMC,Swarna Masuri (New),2024-10-25,0.01,2300.0,2310.0,2300.0,2300.0,2300.0,2300.0,2300.0,0.0,0.0,0.0,0.0,1.0,1.0,10,4,2024-11-01,2300.0
Rajahmundry APMC,Paddy,2024-10-25,0.5,2300.0,2300.0,2300.0,2300.0,2300.0,2300.0,2300.0,0.0,1.7308193508792924e-05,0.0,0.0,1.0,1.0,10,4,2024-11-01,2300.0
Karapa APMC,1001,2024-10-25,0.01,2300.0,2350.0,2300.0,2300.0,2183.0,2199.714285714286,2191.3571428571427,44.22184334208311,31.26956530375368,0.0,117.0,1.0455903364073256,1.0495778871540795,10,4,2024-11-01,2300.0
Karapa APMC,1001,2024-10-26,0.01,2300.0,2320.0,2300.0,2300.0,2183.0,2216.428571428572,2199.714285714286,57.09015426749219,42.48697279334995,0.0,117.0,1.0377054463422497,1.0455903364073256,10,5,2024-11-02,2300.0
Rajahmundry APMC,Paddy,2024-10-26,0.5,2300.0,2300.0,2300.0,2300.0,2300.0,2300.0,2300.0,0.0,1.7308193508792924e-05,0.0,0.0,1.0,1.0,10,5,2024-11-02,2300.0
Rajahmundry APMC,Swarna Masuri (New),2024-10-26,0.5,2320.0,2320.0,2320.0,2320.0,2320.0,2320.0,2320.0,0.0,2.3672529618820526e-05,0.0,0.0,1.0,1.0,10,5,2024-11-02,2320.0
Sampara (Kakinada Rural) APMC,Swarna Masuri (New),2024-10-26,0.01,2300.0,2310.0,2300.0,2300.0,2300.0,2300.0,2300.0,0.0,0.0,0.0,0.0,1.0,1.0,10,5,2024-11-02,2300.0
Tiruvuru APMC,Sona,2024-10-26,110.0,2500.0,2700.0,2600.0,2500.0,2500.0,2500.0,2500.0,3.6293959457019726e-05,1.2762034036479445e-05,100.0,100.0,1.04,1.04,10,5,2024-11-02,2500.0
Karapa APMC,1001,2024-10-27,0.1,2300.0,2310.0,2300.0,2300.0,2183.0,2233.1428571428573,2208.0714285714284,62.53913060751027,49.82039169427947,0.0,117.0,1.0299385875127942,1.0416329699479183,10,6,2024-11-03,2300.0
Rajahmundry APMC,Paddy,2024-10-27,0.5,2300.0,2300.0,2300.0,2300.0,2300.0,2300.0,2300.0,0.0,1.7308193508792924e-05,0.0,0.0,1.0,1.0,10,6,2024-11-03,2300.0
Rajahmundry APMC,Swarna Masuri (New),2024-10-27,0.5,2320.0,2320.0,2320.0,2320.0,2320.0,2320.0,2320.0,0.0,2.3672529618820526e-05,0.0,0.0,1.0,1.0,10,6,2024-11-03,2320.0
Tiruvuru APMC,Sona,2024-10-27,120.0,2400.0,2600.0,2500.0,2600.0,2500.0,2514.285714285714,2507.1428571428573,37.796447300940805,26.726124191245272,-100.0,0.0,0.994318181818182,0.9971509971509972,10,6,2024-11-07,2400.0
Sampara (Kakinada Rural) APMC,Swarna Masuri (New),2024-10-28,0.01,2300.0,2310.0,2300.0,2300.0,2300.0,2300.0,2300.0,0.0,0.0,0.0,0.0,1.0,1.0,10,0,2024-11-04,2300.0
Rajahmundry APMC,Swarna Masuri (New),2024-10-28,0.5,2320.0,2320.0,2320.0,2320.0,2320.0,2320.0,2320.0,0.0,2.3672529618820526e-05,0.0,0.0,1.0,1.0,10,0,2024-11-04,2320.0
Tiruvuru APMC,Sona,2024-10-28,60.0,2400.0,2600.0,2500.0,2500.0,2500.0,2514.285714285714,2507.1428571428573,37.796447300940805,26.726124191245272,0.0,0.0,0.994318181818182,0.9971509971509972,10,0,2024-11-07,2400.0
Peddapuram APMC,1001,2024-10-28,15.65,2300.0,2320.0,2310.0,2310.0,2193.0,2209.714285714286,2201.3571428571427,44.22184334207974,31.269565303754774,0.0,117.0,1.0453840186190846,1.0493526720529545,10,0,2024-11-04,2310.0
Karapa APMC,1001,2024-10-28,0.1,2300.0,2320.0,2300.0,2300.0,2183.0,2249.8571428571427,2216.428571428572,62.5391306075105,54.850446019803975,0.0,117.0,1.0222871293415456,1.0377054463422497,10,0,2024-11-04,2300.0
Rajahmundry APMC,Paddy,2024-10-28,0.5,2300.0,2300.0,2300.0,2300.0,2300.0,2300.0,2300.0,0.0,1.7308193508792924e-05,0.0,0.0,1.0,1.0,10,0,2024-11-04,2300.0
Peddapuram APMC,1001,2024-10-29,52.3,2300.0,2320.0,2310.0,2310.0,2193.0,2226.428571428572,2209.714285714286,57.0901542674893,42.48697279335094,0.0,117.0,1.037536092396535,1.0453840186190846,10,1,2024-11-06,2310.0
Rajahmundry APMC,Paddy,2024-10-29,0.5,2300.0,2300.0,2300.0,2300.0,2300.0,2300.0,2300.0,0.0,1.7308193508792924e-05,0.0,0.0,1.0,1.0,10,1,2024-11-05,2300.0
Rajahmundry APMC,Swarna Masuri (New),2024-10-29,0.5,2320.0,2320.0,2320.0,2320.0,2320.0,2320.0,2320.0,0.0,2.3672529618820526e-05,0.0,0.0,1.0,1.0,10,1,2024-11-05,2320.0
Sampara (Kakinada Rural) APMC,Swarna Masuri (New),2024-10-29,0.01,2300.0,2310.0,2300.0,2300.0,2300.0,2300.0,2300.0,0.0,0.0,0.0,0.0,1.0,1.0,10,1,2024-11-05,2300.0
Tiruvuru APMC,Sona,2024-10-29,110.0,2400.0,2650.0,2500.0,2500.0,2500.0,2514.285714285714,2507.1428571428573,37.796447300940805,26.726124191245272,0.0,0.0,0.994318181818182,0.9971509971509972,10,1,2024-11-07,2400.0
Sampara (Kakinada Rural) APMC,Swarna Masuri (New),2024-10-30,0.01,2300.0,2310.0,2300.0,2300.0,2300.0,2300.0,2300.0,0.0,0.0,0.0,0.0,1.0,1.0,10,2,2024-11-06,2300.0
Karapa APMC,1001,2024-10-31,0.1,2300.0,2310.0,2300.0,2300.0,2183.0,2266.5714285714284,2224.785714285714,57.090154267492935,58.1776834975651,0.0,117.0,1.0147485188453298,1.0338074292869297,10,3,2024-11-07,2300.0
Tiruvuru APMC,Sona,2024-11-01,110.0,2400.0,2600.0,2500.0,2500.0,2500.0,2514.285714285714,2507.1428571428573,37.796447300940805,26.726124191245272,0.0,0.0,0.994318181818182,0.9971509971509972,11,4,2024-11-08,2500.0
Sampara (Kakinada Rural) APMC,Swarna Masuri (New),2024-11-01,0.01,2300.0,2310.0,2300.0,2300.0,2300.0,2300.0,2300.0,0.0,0.0,0.0,0.0,1.0,1.0,11,4,2024-11-08,2300.0
Rajahmundry APMC,Swarna Masuri (New),2024-11-01,0.5,2320.0,2320.0,2320.0,2320.0,2320.0,2320.0,2320.0,0.0,2.3672529618820526e-05,0.0,0.0,1.0,1.0,11,4,2024-11-14,2320.0
Peddapuram APMC,1001,2024-11-01,75.0,2300.0,2320.0,2310.0,2310.0,2193.0,2243.1428571428573,2218.0714285714284,62.539130607507374,49.82039169428048,0.0,117.0,1.029805120366832,1.0414452709883104,11,4,2024-11-11,2310.0
Karapa APMC,1001,2024-11-01,0.01,2300.0,2320.0,2300.0,2300.0,2183.0,2283.285714285714,2233.1428571428573,44.22184334208474,60.085653148532174,0.0,117.0,1.007320277795157,1.0299385875127942,11,4,2024-11-10,2300.0
Rajahmundry APMC,Paddy,2024-11-01,0.5,2300.0,2300.0,2300.0,2300.0,2300.0,2300.0,2300.0,0.0,1.7308193508792924e-05,0.0,0.0,1.0,1.0,11,4,2024-11-14,2300.0
Karapa APMC,1001,2024-11-02,0.01,2300.0,2320.0,2300.0,2300.0,2300.0,2300.0,2241.5,2.212716236787778e-05,60.70831903454418,0.0,0.0,1.0,1.026098594691055,11,5,2024-11-10,2300.0
Peddapuram APMC,1001,2024-11-02,58.6,2300.0,2320.0,2310.0,2310.0,2193.0,2259.8571428571427,2226.428571428572,62.53913060750737,54.85044601980504,0.0,117.0,1.022188507490992,1.037536092396535,11,5,2024-11-11,2310.0
Rajahmundry APMC,Paddy,2024-11-02,0.5,2300.0,2300.0,2300.0,2300.0,2300.0,2300.0,2300.0,0.0,1.7308193508792924e-05,0.0,0.0,1.0,1.0,11,5,2024-11-14,2300.0
Rajahmundry APMC,Swarna Masuri (New),2024-11-02,0.5,2320.0,2320.0,2320.0,2320.0,2320.0,2320.0,2320.0,0.0,2.3672529618820526e-05,0.0,0.0,1.0,1.0,11,5,2024-11-14,2320.0
Sampara (Kakinada Rural) APMC,Swarna Masuri (New),2024-11-02,0.01,2300.0,2310.0,2300.0,2300.0,2300.0,2300.0,2300.0,0.0,0.0,0.0,0.0,1.0,1.0,11,5,2024-11-11,2300.0
Tiruvuru APMC,Sona,2024-11-02,140.0,2400.0,2600.0,2500.0,2500.0,2500.0,2514.285714285714,2507.1428571428573,37.796447300940805,26.726124191245272,0.0,0.0,0.994318181818182,0.9971509971509972,11,5,2024-11-11,2550.0
Karapa APMC,1001,2024-11-03,0.01,2300.0,2320.0,2300.0,2300.0,2300.0,2300.0,2249.8571428571427,2.212716236787778e-05,60.085653148532174,0.0,0.0,1.0,1.0222871293415456,11,6,2024-11-10,2300.0
Rajahmundry APMC,Paddy,2024-11-03,1.5,2300.0,2300.0,2300.0,2300.0,2300.0,2300.0,2300.0,0.0,1.7308193508792924e-05,0.0,0.0,1.0,1.0,11,6,2024-11-14,2300.0
Rajahmundry APMC,Swarna Masuri (New),2024-11-03,1.5,2320.0,2320.0,2320.0,2320.0,2320.0,2320.0,2320.0,0.0,2.3672529618820526e-05,0.0,0.0,1.0,1.0,11,6,2024-11-14,2320.0
Sampara (Kakinada Rural) APMC,Swarna Masuri (New),2024-11-04,0.01,2300.0,2310.0,2300.0,2300.0,2300.0,2300.0,2300.0,0.0,0.0,0.0,0.0,1.0,1.0,11,0,2024-11-11,2300.0
Rajahmundry APMC,Paddy,2024-11-04,0.5,2300.0,2300.0,2300.0,2300.0,2300.0,2300.0,2300.0,0.0,1.7308193508792924e-05,0.0,0.0,1.0,1.0,11,0,2024-11-14,2300.0
Rajahmundry APMC,Swarna Masuri (New),2024-11-04,0.5,2320.0,2320.0,2320.0,2320.0,2320.0,2320.0,2320.0,0.0,2.3672529618820526e-05,0.0,0.0,1.0,1.0,11,0,2024-11-14,2320.0
Karapa APMC,1001,2024-11-04,0.01,2300.0,2320.0,2300.0,2300.0,2300.0,2300.0,2258.214285714286,2.212716236787778e-05,58.17768349756509,0.0,0.0,1.0,1.0185038747430015,11,0,2024-11-11,2300.0
Peddapuram APMC,1001,2024-11-04,59.5,2300.0,2320.0,2310.0,2310.0,2193.0,2276.5714285714284,2234.785714285714,57.09015426748929,58.17768349756623,0.0,117.0,1.014683734939759,1.0336561511170774,11,0,2024-11-11,2310.0
Karapa APMC,1001,2024-11-05,0.1,2300.0,2320.0,2300.0,2300.0,2300.0,2300.0,2266.5714285714284,2.212716236787778e-05,54.85044601980397,0.0,0.0,1.0,1.0147485188453298,11,1,2024-11-12,2300.0
Rajahmundry APMC,Paddy,2024-11-05,0.5,2300.0,2300.0,2300.0,2300.0,2300.0,2300.0,2300.0,0.0,1.7308193508792924e-05,0.0,0.0,1.0,1.0,11,1,2024-11-14,2300.0
Rajahmundry APMC,Swarna Masuri (New),2024-11-05,0.5,2320.0,2320.0,2320.0,2320.0,2320.0,2320.0,2320.0,0.0,2.3672529618820526e-05,0.0,0.0,1.0,1.0,11,1,2024-11-14,2320.0
Sampara (Kakinada Rural) APMC,Swarna Masuri (New),2024-11-05,0.01,2300.0,2320.0,2300.0,2300.0,2300.0,2300.0,2300.0,0.0,0.0,0.0,0.0,1.0,1.0,11,1,2024-11-12,2300.0
Karapa APMC,1001,2024-11-06,0.01,2300.0,2320.0,2300.0,2300.0,2300.0,2300.0,2274.928571428572,2.212716236787778e-05,49.820391694279465,0.0,0.0,1.0,1.0110207541838048,11,2,2024-11-13,2300.0
Peddapuram APMC,1001,2024-11-06,45.6,2300.0,2320.0,2310.0,2310.0,2193.0,2293.285714285714,2243.1428571428573,44.22184334207974,60.0856531485334,0.0,117.0,1.0072883573163895,1.029805120366832,11,2,2024-11-13,2310.0
Rajahmundry APMC,Paddy,2024-11-06,0.5,2300.0,2300.0,2300.0,2300.0,2300.0,2300.0,2300.0,0.0,1.7308193508792924e-05,0.0,0.0,1.0,1.0,11,2,2024-11-14,2300.0
Rajahmundry APMC,Swarna Masuri (New),2024-11-06,0.5,2320.0,2320.0,2320.0,2320.0,2320.0,2320.0,2320.0,0.0,2.3672529618820526e-05,0.0,0.0,1.0,1.0,11,2,2024-11-14,2320.0
Sampara (Kakinada Rural) APMC,Swarna Masuri (New),2024-11-06,0.01,2300.0,2320.0,2300.0,2300.0,2300.0,2300.0,2300.0,0.0,0.0,0.0,0.0,1.0,1.0,11,2,2024-11-13,2300.0
Karapa APMC,1001,2024-11-07,0.01,2300.0,2320.0,2300.0,2300.0,2300.0,2300.0,2283.285714285714,2.212716236787778e-05,42.486972793349935,0.0,0.0,1.0,1.007320277795157,11,3,2024-11-15,2300.0
Sampara (Kakinada Rural) APMC,Swarna Masuri (New),2024-11-07,0.01,2300.0,2320.0,2300.0,2300.0,2300.0,2300.0,2300.0,0.0,0.0,0.0,0.0,1.0,1.0,11,3,2024-11-15,2300.0
Tiruvuru APMC,Sona,2024-11-07,80.0,2300.0,2500.0,2400.0,2500.0,2500.0,2514.285714285714,2507.1428571428573,37.796447300940805,26.726124191245272,-100.0,-100.0,0.9545454545454546,0.9572649572649572,11,3,2024-11-19,2600.0
Tiruvuru APMC,Sona,2024-11-08,110.0,2400.0,2600.0,2500.0,2400.0,2600.0,2500.0,2500.0,57.73502691897404,39.223227027638906,100.0,-100.0,1.0,1.0,11,4,2024-11-19,2600.0
Gudur APMC,B P T,2024-11-08,106.0,2300.0,2360.0,2340.0,2318.0,2317.0,2316.1428571428573,2308.285714285714,4.29839394149453,13.453215637497893,22.0,23.0,1.010300376241288,1.013739324173784,11,4,2024-11-21,2340.0
Sampara (Kakinada Rural) APMC,Swarna Masuri (New),2024-11-08,0.01,2300.0,2320.0,2300.0,2300.0,2300.0,2300.0,2300.0,0.0,0.0,0.0,0.0,1.0,1.0,11,4,2024-11-15,2300.0
Karapa APMC,1001,2024-11-10,0.01,2300.0,2320.0,2300.0,2300.0,2300.0,2300.0,2291.6428571428573,2.212716236787778e-05,31.269565303753676,0.0,0.0,1.0,1.0036467911354925,11,6,2024-11-18,2300.0
Gudur APMC,B P T,2024-11-11,27.24,2300.0,2340.0,2320.0,2340.0,2307.0,2319.428571428572,2312.214285714286,10.030904626161254,14.143106890901926,-20.0,13.0,1.0002463661000245,1.0033672113929133,11,0,2024-11-21,2340.0
Karapa APMC,1001,2024-11-11,0.01,2300.0,2320.0,2300.0,2300.0,2300.0,2300.0,2300.0,2.212716236787778e-05,0.0,0.0,0.0,1.0,1.0,11,0,2024-11-18,2300.0
Sampara (Kakinada Rural) APMC,Swarna Masuri (New),2024-11-11,0.01,2300.0,2320.0,2300.0,2300.0,2300.0,2300.0,2300.0,0.0,0.0,0.0,0.0,1.0,1.0,11,0,2024-11-19,2300.0
Tiruvuru APMC,Sona,2024-11-11,62.0,2450.0,2650.0,2550.0,2500.0,2500.0,2485.714285714286,2500.0,37.7964473009396,39.223227027638906,50.0,50.0,1.0258620689655171,1.02,11,0,2024-11-19,2600.0
Karapa APMC,1001,2024-11-12,0.01,2300.0,2320.0,2300.0,2300.0,2300.0,2300.0,2300.0,2.212716236787778e-05,0.0,0.0,0.0,1.0,1.0,11,1,2024-11-19,2300.0
Peddapuram APMC,1001,2024-11-12,46.7,2300.0,2320.0,2310.0,2310.0,2310.0,2310.0,2259.8571428571427,0.0,60.08565314853365,0.0,0.0,1.0,1.022188507490992,11,1,2024-11-26,2310.0
Sampara (Kakinada Rural) APMC,Swarna Masuri (New),2024-11-12,0.01,2300.0,2320.0,2300.0,2300.0,2300.0,2300.0,2300.0,0.0,0.0,0.0,0.0,1.0,1.0,11,1,2024-11-19,2300.0
Tiruvuru APMC,Sona,2024-11-12,111.0,2400.0,2600.0,2500.0,2550.0,2500.0,2492.8571428571427,2503.5714285714284,44.986770542136334,41.43709650823915,-50.0,0.0,1.002865329512894,0.9985734664764624,11,1,2024-11-19,2600.0
Sampara (Kakinada Rural) APMC,Swarna Masuri (New),2024-11-13,0.01,2300.0,2320.0,2300.0,2300.0,2300.0,2300.0,2300.0,0.0,0.0,0.0,0.0,1.0,1.0,11,2,2024-11-20,2300.0
Karapa APMC,1001,2024-11-13,0.01,2300.0,2320.0,2300.0,2300.0,2300.0,2300.0,2300.0,2.212716236787778e-05,0.0,0.0,0.0,1.0,1.0,11,2,2024-11-20,2300.0
Peddapuram APMC,1001,2024-11-13,131.7,2300.0,2320.0,2310.0,2310.0,2310.0,2310.0,2268.214285714286,0.0,58.17768349756673,0.0,0.0,1.0,1.0184222957014644,11,2,2024-11-26,2310.0
Rajahmundry APMC,Swarna Masuri (New),2024-11-14,0.5,2320.0,2320.0,2320.0,2320.0,2320.0,2320.0,2320.0,0.0,2.3672529618820526e-05,0.0,0.0,1.0,1.0,11,3,2024-11-21,2320.0
Peddapuram APMC,1001,2024-11-14,47.8,2300.0,2320.0,2310.0,2310.0,2310.0,2310.0,2276.5714285714284,0.0,54.85044601980585,0.0,0.0,1.0,1.014683734939759,11,3,2024-11-26,2310.0
Rajahmundry APMC,Paddy,2024-11-14,0.5,2300.0,2300.0,2300.0,2300.0,2300.0,2300.0,2300.0,0.0,1.7308193508792924e-05,0.0,0.0,1.0,1.0,11,3,2024-11-21,2300.0
Karapa APMC,1001,2024-11-15,0.01,2300.0,2320.0,2300.0,2300.0,2300.0,2300.0,2300.0,2.212716236787778e-05,0.0,0.0,0.0,1.0,1.0,11,4,2024-11-22,2300.0
Peddapuram APMC,1001,2024-11-15,79.0,2300.0,2320.0,2310.0,2310.0,2310.0,2310.0,2284.928571428572,0.0,49.82039169428169,0.0,0.0,1.0,1.01097252180437,11,4,2024-11-26,2310.0
Rajahmundry APMC,Paddy,2024-11-15,0.5,2300.0,2300.0,2300.0,2300.0,2300.0,2300.0,2300.0,0.0,1.7308193508792924e-05,0.0,0.0,1.0,1.0,11,4,2024-11-22,2300.0
Rajahmundry APMC,Swarna Masuri (New),2024-11-15,0.5,2320.0,2320.0,2320.0,2320.0,2320.0,2320.0,2320.0,0.0,2.3672529618820526e-05,0.0,0.0,1.0,1.0,11,4,2024-11-22,2320.0
Sampara (Kakinada Rural) APMC,Swarna Masuri (New),2024-11-15,0.01,2300.0,2320.0,2300.0,2300.0,2300.0,2300.0,2300.0,0.0,0.0,0.0,0.0,1.0,1.0,11,4,2024-11-22,2300.0
Peddapuram APMC,1001,2024-11-16,88.6,2300.0,2320.0,2310.0,2310.0,2310.0,2310.0,2293.285714285714,0.0,42.486972793352734,0.0,0.0,1.0,1.0072883573163895,11,5,2024-11-26,2310.0
Rajahmundry APMC,Paddy,2024-11-16,0.5,2300.0,2300.0,2300.0,2300.0,2300.0,2300.0,2300.0,0.0,1.7308193508792924e-05,0.0,0.0,1.0,1.0,11,5,2024-11-23,2300.0
Rajahmundry APMC,Swarna Masuri (New),2024-11-16,0.5,2320.0,2320.0,2320.0,2320.0,2320.0,2320.0,2320.0,0.0,2.3672529618820526e-05,0.0,0.0,1.0,1.0,11,5,2024-11-23,2320.0
Sampara (Kakinada Rural) APMC,Swarna Masuri (New),2024-11-16,0.01,2300.0,2320.0,2300.0,2300.0,2300.0,2300.0,2300.0,0.0,0.0,0.0,0.0,1.0,1.0,11,5,2024-11-23,2300.0
Rajahmundry APMC,Paddy,2024-11-17,0.5,2300.0,2300.0,2300.0,2300.0,2300.0,2300.0,2300.0,0.0,1.7308193508792924e-05,0.0,0.0,1.0,1.0,11,6,2024-11-24,2300.0
Rajahmundry APMC,Swarna Masuri (New),2024-11-17,0.5,2320.0,2320.0,2320.0,2320.0,2320.0,2320.0,2320.0,0.0,2.3672529618820526e-05,0.0,0.0,1.0,1.0,11,6,2024-11-24,2320.0
Rajahmundry APMC,Swarna Masuri (New),2024-11-18,0.5,2320.0,2320.0,2320.0,2320.0,2320.0,2320.0,2320.0,0.0,2.3672529618820526e-05,0.0,0.0,1.0,1.0,11,0,2024-11-25,2320.0
Rajahmundry APMC,Paddy,2024-11-18,0.5,2300.0,2300.0,2300.0,2300.0,2300.0,2300.0,2300.0,0.0,1.7308193508792924e-05,0.0,0.0,1.0,1.0,11,0,2024-11-25,2300.0
Karapa APMC,1001,2024-11-18,0.01,2300.0,2320.0,2300.0,2300.0,2300.0,2300.0,2300.0,2.212716236787778e-05,0.0,0.0,0.0,1.0,1.0,11,0,2024-11-28,2300.0
Karapa APMC,1001,2024-11-19,0.01,2300.0,2320.0,2300.0,2300.0,2300.0,2300.0,2300.0,2.212716236787778e-05,0.0,0.0,0.0,1.0,1.0,11,1,2024-11-28,2300.0
Rajahmundry APMC,Paddy,2024-11-19,0.5,2300.0,2300.0,2300.0,2300.0,2300.0,2300.0,2300.0,0.0,1.7308193508792924e-05,0.0,0.0,1.0,1.0,11,1,2024-11-26,2300.0
Rajahmundry APMC,Swarna Masuri (New),2024-11-19,0.5,2320.0,2320.0,2320.0,2320.0,2320.0,2320.0,2320.0,0.0,2.3672529618820526e-05,0.0,0.0,1.0,1.0,11,1,2024-11-26,2320.0
Sampara (Kakinada Rural) APMC,Swarna Masuri (New),2024-11-19,0.01,2300.0,2320.0,2300.0,2300.0,2300.0,2300.0,2300.0,0.0,0.0,0.0,0.0,1.0,1.0,11,1,2024-11-26,2300.0
Tiruvuru APMC,Sona,2024-11-19,161.0,2500.0,2700.0,2600.0,2500.0,2500.0,2492.8571428571427,2503.5714285714284,44.986770542136334,41.43709650823915,100.0,100.0,1.04297994269341,1.038516405135521,11,1,2024-11-26,2600.0
Karapa APMC,1001,2024-11-20,0.01,2300.0,2320.0,2300.0,2300.0,2300.0,2300.0,2300.0,2.212716236787778e-05,0.0,0.0,0.0,1.0,1.0,11,2,2024-11-28,2300.0
Rajahmundry APMC,Paddy,2024-11-20,0.5,2300.0,2300.0,2300.0,2300.0,2300.0,2300.0,2300.0,0.0,1.7308193508792924e-05,0.0,0.0,1.0,1.0,11,2,2024-11-27,2300.0
Rajahmundry APMC,Swarna Masuri (New),2024-11-20,0.5,2320.0,2320.0,2320.0,2320.0,2320.0,2320.0,2320.0,0.0,2.3672529618820526e-05,0.0,0.0,1.0,1.0,11,2,2024-11-27,2320.0
Sampara (Kakinada Rural) APMC,Swarna Masuri (New),2024-11-20,0.01,2300.0,2320.0,2300.0,2300.0,2300.0,2300.0,2300.0,0.0,0.0,0.0,0.0,1.0,1.0,11,2,2024-11-27,2300.0
Tiruvuru APMC,Sona,2024-11-20,96.0,2500.0,2700.0,2600.0,2600.0,2500.0,2507.1428571428573,2510.714285714286,60.74928962940676,48.74806279611295,0.0,100.0,1.037037037037037,1.0355618776671407,11,2,2024-11-27,2550.0
Sampara (Kakinada Rural) APMC,Swarna Masuri (New),2024-11-21,0.01,2300.0,2320.0,2300.0,2300.0,2300.0,2300.0,2300.0,0.0,0.0,0.0,0.0,1.0,1.0,11,3,2024-12-02,2300.0
Rajahmundry APMC,Paddy,2024-11-21,0.5,2300.0,2300.0,2300.0,2300.0,2300.0,2300.0,2300.0,0.0,1.7308193508792924e-05,0.0,0.0,1.0,1.0,11,3,2024-11-28,2300.0
Karapa APMC,1001,2024-11-21,0.01,2300.0,2320.0,2300.0,2300.0,2300.0,2300.0,2300.0,2.212716236787778e-05,0.0,0.0,0.0,1.0,1.0,11,3,2024-11-28,2300.0
Rajahmundry APMC,Swarna Masuri (New),2024-11-21,0.5,2320.0,2320.0,2320.0,2320.0,2320.0,2320.0,2320.0,0.0,2.3672529618820526e-05,0.0,0.0,1.0,1.0,11,3,2024-11-28,2320.0
Karapa APMC,1001,2024-11-22,0.01,2300.0,2320.0,2300.0,2300.0,2300.0,2300.0,2300.0,2.212716236787778e-05,0.0,0.0,0.0,1.0,1.0,11,4,2024-11-29,2300.0
Rajahmundry APMC,Paddy,2024-11-22,0.5,2300.0,2300.0,2300.0,2300.0,2300.0,2300.0,2300.0,0.0,1.7308193508792924e-05,0.0,0.0,1.0,1.0,11,4,2024-11-29,2300.0
Rajahmundry APMC,Swarna Masuri (New),2024-11-22,0.5,2320.0,2320.0,2320.0,2320.0,2320.0,2320.0,2320.0,0.0,2.3672529618820526e-05,0.0,0.0,1.0,1.0,11,4,2024-11-29,2320.0
Sampara (Kakinada Rural) APMC,Swarna Masuri (New),2024-11-22,0.01,2300.0,2320.0,2300.0,2300.0,2300.0,2300.0,2300.0,0.0,0.0,0.0,0.0,1.0,1.0,11,4,2024-12-02,2300.0
Tiruvuru APMC,Sona,2024-11-22,160.0,2500.0,2700.0,2600.0,2600.0,2500.0,2521.428571428572,2517.8571428571427,69.86381310058732,54.09088810349024,0.0,100.0,1.0311614730878187,1.0326241134751777,11,4,2024-11-29,2500.0
Sampara (Kakinada Rural) APMC,Swarna Masuri (New),2024-11-23,0.01,2300.0,2320.0,2300.0,2300.0,2300.0,2300.0,2300.0,0.0,0.0,0.0,0.0,1.0,1.0,11,5,2024-12-02,2300.0
Karapa APMC,1001,2024-11-23,0.01,2300.0,2320.0,2300.0,2300.0,2300.0,2300.0,2300.0,2.212716236787778e-05,0.0,0.0,0.0,1.0,1.0,11,5,2024-11-30,2300.0
Rajahmundry APMC,Paddy,2024-11-23,0.5,2300.0,2300.0,2300.0,2300.0,2300.0,2300.0,2300.0,0.0,1.7308193508792924e-05,0.0,0.0,1.0,1.0,11,5,2024-12-02,2300.0
Rajahmundry APMC,Swarna Masuri (New),2024-11-23,0.5,2320.0,2320.0,2320.0,2320.0,2320.0,2320.0,2320.0,0.0,2.3672529618820526e-05,0.0,0.0,1.0,1.0,11,5,2024-12-02,2320.0
Rajahmundry APMC,Swarna Masuri (New),2024-11-24,0.5,2320.0,2320.0,2320.0,2320.0,2320.0,2320.0,2320.0,0.0,2.3672529618820526e-05,0.0,0.0,1.0,1.0,11,6,2024-12-02,2320.0
Rajahmundry APMC,Paddy,2024-11-24,0.5,2300.0,2300.0,2300.0,2300.0,2300.0,2300.0,2300.0,0.0,1.7308193508792924e-05,0.0,0.0,1.0,1.0,11,6,2024-12-02,2300.0
Rajahmundry APMC,Paddy,2024-11-25,0.5,2300.0,2300.0,2300.0,2300.0,2300.0,2300.0,2300.0,0.0,1.7308193508792924e-05,0.0,0.0,1.0,1.0,11,0,2024-12-02,2300.0
Rajahmundry APMC,Swarna Masuri (New),2024-11-25,0.5,2320.0,2320.0,2320.0,2320.0,2320.0,2320.0,2320.0,0.0,2.3672529618820526e-05,0.0,0.0,1.0,1.0,11,0,2024-12-02,2320.0
Sampara (Kakinada Rural) APMC,Swarna Masuri (New),2024-11-25,0.01,2300.0,2320.0,2300.0,2300.0,2300.0,2300.0,2300.0,0.0,0.0,0.0,0.0,1.0,1.0,11,0,2024-12-02,2300.0
Sampara (Kakinada Rural) APMC,Swarna Masuri (New),2024-11-26,0.01,2300.0,2320.0,2300.0,2300.0,2300.0,2300.0,2300.0,0.0,0.0,0.0,0.0,1.0,1.0,11,1,2024-12-03,2300.0
Peddapuram APMC,1001,2024-11-26,84.7,2300.0,2320.0,2310.0,2310.0,2310.0,2310.0,2301.6428571428573,0.0,31.26956530375772,0.0,0.0,1.0,1.0036309468392142,11,1,2024-12-04,2310.0
Rajahmundry APMC,Paddy,2024-11-26,0.5,2300.0,2300.0,2300.0,2300.0,2300.0,2300.0,2300.0,0.0,1.7308193508792924e-05,0.0,0.0,1.0,1.0,11,1,2024-12-03,2300.0
Rajahmundry APMC,Swarna Masuri (New),2024-11-26,0.5,2320.0,2320.0,2320.0,2320.0,2320.0,2320.0,2320.0,0.0,2.3672529618820526e-05,0.0,0.0,1.0,1.0,11,1,2024-12-03,2320.0
Rajahmundry APMC,Paddy,2024-11-27,0.5,2300.0,2300.0,2300.0,2300.0,2300.0,2300.0,2300.0,0.0,1.7308193508792924e-05,0.0,0.0,1.0,1.0,11,2,2024-12-06,2300.0
Rajahmundry APMC,Swarna Masuri (New),2024-11-27,0.5,2320.0,2320.0,2320.0,2320.0,2320.0,2320.0,2320.0,0.0,2.3672529618820526e-05,0.0,0.0,1.0,1.0,11,2,2024-12-06,2320.0
Peddapuram APMC,1001,2024-11-27,135.6,2300.0,2320.0,2310.0,2310.0,2310.0,2310.0,2310.0,0.0,1.63777585735078e-05,0.0,0.0,1.0,1.0,11,2,2024-12-04,2310.0
Sampara (Kakinada Rural) APMC,Swarna Masuri (New),2024-11-27,0.01,2300.0,2320.0,2300.0,2300.0,2300.0,2300.0,2300.0,0.0,0.0,0.0,0.0,1.0,1.0,11,2,2024-12-04,2300.0
Tuni APMC,1001,2024-11-28,0.1,2200.0,2300.0,2300.0,2300.0,2183.0,2216.428571428572,2199.714285714286,57.09015426748916,42.48697279334995,0.0,117.0,1.0377054463422497,1.0455903364073256,11,3,2024-12-05,2300.0
Rajahmundry APMC,Swarna Masuri (New),2024-11-28,0.5,2320.0,2320.0,2320.0,2320.0,2320.0,2320.0,2320.0,0.0,2.3672529618820526e-05,0.0,0.0,1.0,1.0,11,3,2024-12-06,2320.0
Rajahmundry APMC,Paddy,2024-11-28,0.5,2300.0,2300.0,2300.0,2300.0,2300.0,2300.0,2300.0,0.0,1.7308193508792924e-05,0.0,0.0,1.0,1.0,11,3,2024-12-06,2300.0
Karapa APMC,1001,2024-11-28,0.01,2300.0,2320.0,2300.0,2300.0,2300.0,2300.0,2300.0,2.212716236787778e-05,0.0,0.0,0.0,1.0,1.0,11,3,2024-12-05,2300.0
Peddapuram APMC,1001,2024-11-29,36.9,2300.0,2320.0,2310.0,2310.0,2310.0,2310.0,2310.0,0.0,1.63777585735078e-05,0.0,0.0,1.0,1.0,11,4,2024-12-12,2310.0
Rajahmundry APMC,Paddy,2024-11-29,0.5,2300.0,2300.0,2300.0,2300.0,2300.0,2300.0,2300.0,0.0,1.7308193508792924e-05,0.0,0.0,1.0,1.0,11,4,2024-12-06,2300.0
Rajahmundry APMC,Swarna Masuri (New),2024-11-29,0.5,2320.0,2320.0,2320.0,2320.0,2320.0,2320.0,2320.0,0.0,2.3672529618820526e-05,0.0,0.0,1.0,1.0,11,4,2024-12-06,2320.0
Peddapuram APMC,1001,2024-12-02,7.21,2300.0,2320.0,2310.0,2310.0,2310.0,2310.0,2310.0,0.0,1.63777585735078e-05,0.0,0.0,1.0,1.0,12,0,2024-12-12,2310.0
Rajahmundry APMC,Paddy,2024-12-02,0.5,2300.0,2300.0,2300.0,2300.0,2300.0,2300.0,2300.0,0.0,1.7308193508792924e-05,0.0,0.0,1.0,1.0,12,0,2024-12-09,2300.0
Rajahmundry APMC,Swarna Masuri (New),2024-12-02,0.5,2320.0,2320.0,2320.0,2320.0,2320.0,2320.0,2320.0,0.0,2.3672529618820526e-05,0.0,0.0,1.0,1.0,12,0,2024-12-09,2320.0
Sampara (Kakinada Rural) APMC,Swarna Masuri (New),2024-12-02,0.01,2300.0,2320.0,2300.0,2300.0,2300.0,2300.0,2300.0,0.0,0.0,0.0,0.0,1.0,1.0,12,0,2024-12-10,2300.0
Tuni APMC,1001,2024-12-02,0.1,2200.0,2300.0,2300.0,2300.0,2183.0,2233.1428571428573,2208.0714285714284,62.539130607507246,49.82039169427947,0.0,117.0,1.0299385875127942,1.0416329699479183,12,0,2024-12-09,2300.0
Rajahmundry APMC,Swarna Masuri (New),2024-12-03,0.5,2320.0,2320.0,2320.0,2320.0,2320.0,2320.0,2320.0,0.0,2.3672529618820526e-05,0.0,0.0,1.0,1.0,12,1,2024-12-11,2320.0
Sampara (Kakinada Rural) APMC,Swarna Masuri (New),2024-12-03,0.01,2300.0,2320.0,2300.0,2300.0,2300.0,2300.0,2300.0,0.0,0.0,0.0,0.0,1.0,1.0,12,1,2024-12-10,2300.0
Karapa APMC,1001,2024-12-03,0.01,2300.0,2320.0,2300.0,2300.0,2300.0,2300.0,2300.0,2.212716236787778e-05,0.0,0.0,0.0,1.0,1.0,12,1,2024-12-16,2300.0
Rajahmundry APMC,Paddy,2024-12-03,0.5,2300.0,2300.0,2300.0,2300.0,2300.0,2300.0,2300.0,0.0,1.7308193508792924e-05,0.0,0.0,1.0,1.0,12,1,2024-12-11,2300.0
Karapa APMC,1001,2024-12-04,0.01,2300.0,2320.0,2300.0,2300.0,2300.0,2300.0,2300.0,2.212716236787778e-05,0.0,0.0,0.0,1.0,1.0,12,2,2024-12-16,2300.0
Peddapuram APMC,1001,2024-12-04,7.6,2300.0,2320.0,2310.0,2310.0,2310.0,2310.0,2310.0,0.0,1.63777585735078e-05,0.0,0.0,1.0,1.0,12,2,2024-12-12,2310.0
Sampara (Kakinada Rural) APMC,Swarna Masuri (New),2024-12-04,0.01,2300.0,2320.0,2300.0,2300.0,2300.0,2300.0,2300.0,0.0,0.0,0.0,0.0,1.0,1.0,12,2,2024-12-11,2300.0
Tuni APMC,1001,2024-12-04,0.1,2200.0,2300.0,2300.0,2300.0,2183.0,2249.8571428571427,2216.428571428572,62.539130607507246,54.850446019803975,0.0,117.0,1.0222871293415456,1.0377054463422497,12,2,2024-12-11,2300.0
Karapa APMC,1001,2024-12-05,0.1,2300.0,2320.0,2300.0,2300.0,2300.0,2300.0,2300.0,2.212716236787778e-05,0.0,0.0,0.0,1.0,1.0,12,3,2024-12-16,2300.0
Sampara (Kakinada Rural) APMC,Swarna Masuri (New),2024-12-05,0.01,2300.0,2320.0,2300.0,2300.0,2300.0,2300.0,2300.0,0.0,0.0,0.0,0.0,1.0,1.0,12,3,2024-12-12,2300.0
Tuni APMC,1001,2024-12-05,0.1,2200.0,2300.0,2300.0,2300.0,2183.0,2266.5714285714284,2224.785714285714,57.09015426748916,58.1776834975651,0.0,117.0,1.0147485188453298,1.0338074292869297,12,3,2024-12-12,2300.0
Rajahmundry APMC,Paddy,2024-12-06,0.5,2300.0,2300.0,2300.0,2300.0,2300.0,2300.0,2300.0,0.0,1.7308193508792924e-05,0.0,0.0,1.0,1.0,12,4,2024-12-13,2300.0
Rajahmundry APMC,Swarna Masuri (New),2024-12-06,0.5,2320.0,2320.0,2320.0,2320.0,2320.0,2320.0,2320.0,0.0,2.3672529618820526e-05,0.0,0.0,1.0,1.0,12,4,2024-12-13,2320.0
Sampara (Kakinada Rural) APMC,Swarna Masuri (New),2024-12-07,0.01,2300.0,2320.0,2300.0,2300.0,2300.0,2300.0,2300.0,0.0,0.0,0.0,0.0,1.0,1.0,12,5,2024-12-16,2300.0
Rajahmundry APMC,Paddy,2024-12-07,0.5,2300.0,2300.0,2300.0,2300.0,2300.0,2300.0,2300.0,0.0,1.7308193508792924e-05,0.0,0.0,1.0,1.0,12,5,2024-12-16,2300.0
Rajahmundry APMC,Swarna Masuri (New),2024-12-07,0.5,2320.0,2320.0,2320.0,2320.0,2320.0,2320.0,2320.0,0.0,2.3672529618820526e-05,0.0,0.0,1.0,1.0,12,5,2024-12-16,2320.0
Rajahmundry APMC,Swarna Masuri (New),2024-12-08,0.5,2320.0,2320.0,2320.0,2320.0,2320.0,2320.0,2320.0,0.0,2.3672529618820526e-05,0.0,0.0,1.0,1.0,12,6,2024-12-16,2320.0
Rajahmundry APMC,Paddy,2024-12-08,0.5,2300.0,2300.0,2300.0,2300.0,2300.0,2300.0,2300.0,0.0,1.7308193508792924e-05,0.0,0.0,1.0,1.0,12,6,2024-12-16,2300.0
Rajahmundry APMC,Paddy,2024-12-09,0.5,2300.0,2300.0,2300.0,2300.0,2300.0,2300.0,2300.0,0.0,1.7308193508792924e-05,0.0,0.0,1.0,1.0,12,0,2024-12-16,2300.0
Rajahmundry APMC,Swarna Masuri (New),2024-12-09,0.5,2320.0,2320.0,2320.0,2320.0,2320.0,2320.0,2320.0,0.0,2.3672529618820526e-05,0.0,0.0,1.0,1.0,12,0,2024-12-16,2320.0
Tuni APMC,1001,2024-12-09,0.1,2200.0,2300.0,2300.0,2300.0,2183.0,2283.285714285714,2233.1428571428573,44.22184334207957,60.085653148532174,0.0,117.0,1.007320277795157,1.0299385875127942,12,0,2024-12-17,2300.0
Sampara (Kakinada Rural) APMC,Swarna Masuri (New),2024-12-10,0.01,2300.0,2320.0,2300.0,2300.0,2300.0,2300.0,2300.0,0.0,0.0,0.0,0.0,1.0,1.0,12,1,2024-12-17,2300.0
Tuni APMC,1001,2024-12-10,0.1,2200.0,2300.0,2300.0,2300.0,2300.0,2300.0,2241.5,0.0,60.70831903454418,0.0,0.0,1.0,1.026098594691055,12,1,2024-12-17,2300.0
Rajahmundry APMC,Paddy,2024-12-11,0.5,2300.0,2300.0,2300.0,2300.0,2300.0,2300.0,2300.0,0.0,1.7308193508792924e-05,0.0,0.0,1.0,1.0,12,2,2024-12-18,2300.0
Rajahmundry APMC,Swarna Masuri (New),2024-12-11,0.5,2320.0,2320.0,2320.0,2320.0,2320.0,2320.0,2320.0,0.0,2.3672529618820526e-05,0.0,0.0,1.0,1.0,12,2,2024-12-18,2320.0
Sampara (Kakinada Rural) APMC,Swarna Masuri (New),2024-12-11,0.01,2300.0,2320.0,2300.0,2300.0,2300.0,2300.0,2300.0,0.0,0.0,0.0,0.0,1.0,1.0,12,2,2024-12-18,2300.0
Tuni APMC,1001,2024-12-11,0.1,2200.0,2300.0,2300.0,2300.0,2300.0,2300.0,2249.8571428571427,0.0,60.085653148532174,0.0,0.0,1.0,1.0222871293415456,12,2,2024-12-18,2300.0
Tuni APMC,1001,2024-12-12,0.1,2200.0,2300.0,2300.0,2300.0,2300.0,2300.0,2258.214285714286,0.0,58.17768349756509,0.0,0.0,1.0,1.0185038747430015,12,3,2024-12-19,2300.0
Sampara (Kakinada Rural) APMC,Swarna Masuri (New),2024-12-12,0.01,2300.0,2320.0,2300.0,2300.0,2300.0,2300.0,2300.0,0.0,0.0,0.0,0.0,1.0,1.0,12,3,2024-12-19,2300.0
Rajahmundry APMC,Swarna Masuri (New),2024-12-12,0.5,2320.0,2320.0,2320.0,2320.0,2320.0,2320.0,2320.0,0.0,2.3672529618820526e-05,0.0,0.0,1.0,1.0,12,3,2024-12-19,2320.0
Rajahmundry APMC,Paddy,2024-12-12,0.5,2300.0,2300.0,2300.0,2300.0,2300.0,2300.0,2300.0,0.0,1.7308193508792924e-05,0.0,0.0,1.0,1.0,12,3,2024-12-19,2300.0
Peddapuram APMC,1001,2024-12-12,8.6,2300.0,2320.0,2310.0,2310.0,2310.0,2310.0,2310.0,0.0,1.63777585735078e-05,0.0,0.0,1.0,1.0,12,3,2024-12-26,2310.0
Rajahmundry APMC,Paddy,2024-12-13,0.5,2300.0,2300.0,2300.0,2300.0,2300.0,2300.0,2300.0,0.0,1.7308193508792924e-05,0.0,0.0,1.0,1.0,12,4,2024-12-20,2300.0
Rajahmundry APMC,Swarna Masuri (New),2024-12-13,0.5,2320.0,2320.0,2320.0,2320.0,2320.0,2320.0,2320.0,0.0,2.3672529618820526e-05,0.0,0.0,1.0,1.0,12,4,2024-12-20,2320.0
Sampara (Kakinada Rural) APMC,Swarna Masuri (New),2024-12-13,0.01,2300.0,2320.0,2300.0,2300.0,2300.0,2300.0,2300.0,0.0,0.0,0.0,0.0,1.0,1.0,12,4,2024-12-20,2300.0
Karapa APMC,1001,2024-12-16,0.01,2300.0,2320.0,2300.0,2300.0,2300.0,2300.0,2300.0,2.212716236787778e-05,0.0,0.0,0.0,1.0,1.0,12,0,2024-12-23,2300.0
Peddapuram APMC,1001,2024-12-16,29.3,2300.0,2320.0,2310.0,2310.0,2310.0,2310.0,2310.0,0.0,1.63777585735078e-05,0.0,0.0,1.0,1.0,12,0,2024-12-26,2310.0
Rajahmundry APMC,Paddy,2024-12-16,0.5,2300.0,2300.0,2300.0,2300.0,2300.0,2300.0,2300.0,0.0,1.7308193508792924e-05,0.0,0.0,1.0,1.0,12,0,2024-12-23,2300.0
Rajahmundry APMC,Swarna Masuri (New),2024-12-16,0.5,2320.0,2320.0,2320.0,2320.0,2320.0,2320.0,2320.0,0.0,2.3672529618820526e-05,0.0,0.0,1.0,1.0,12,0,2024-12-23,2320.0
Sampara (Kakinada Rural) APMC,Swarna Masuri (New),2024-12-16,0.01,2300.0,2320.0,2300.0,2300.0,2300.0,2300.0,2300.0,0.0,0.0,0.0,0.0,1.0,1.0,12,0,2024-12-23,2300.0
Sampara (Kakinada Rural) APMC,Swarna Masuri (New),2024-12-17,0.01,2300.0,2320.0,2300.0,2300.0,2300.0,2300.0,2300.0,0.0,0.0,0.0,0.0,1.0,1.0,12,1,2024-12-24,2300.0
Rajahmundry APMC,Swarna Masuri (New),2024-12-17,0.5,2320.0,2320.0,2320.0,2320.0,2320.0,2320.0,2320.0,0.0,2.3672529618820526e-05,0.0,0.0,1.0,1.0,12,1,2024-12-24,2320.0
Tuni APMC,1001,2024-12-17,0.1,2200.0,2300.0,2300.0,2300.0,2300.0,2300.0,2266.5714285714284,0.0,54.85044601980397,0.0,0.0,1.0,1.0147485188453298,12,1,2024-12-24,2300.0
Karapa APMC,1001,2024-12-17,0.01,2300.0,2320.0,2300.0,2300.0,2300.0,2300.0,2300.0,2.212716236787778e-05,0.0,0.0,0.0,1.0,1.0,12,1,2024-12-24,2300.0
Rajahmundry APMC,Paddy,2024-12-17,0.5,2300.0,2300.0,2300.0,2300.0,2300.0,2300.0,2300.0,0.0,1.7308193508792924e-05,0.0,0.0,1.0,1.0,12,1,2024-12-24,2300.0
Rajahmundry APMC,Swarna Masuri (New),2024-12-18,0.5,2320.0,2320.0,2320.0,2320.0,2320.0,2320.0,2320.0,0.0,2.3672529618820526e-05,0.0,0.0,1.0,1.0,12,2,2024-12-25,2320.0
Sampara (Kakinada Rural) APMC,Swarna Masuri (New),2024-12-18,0.01,2300.0,2320.0,2300.0,2300.0,2300.0,2300.0,2300.0,0.0,0.0,0.0,0.0,1.0,1.0,12,2,2024-12-26,2300.0
Karapa APMC,1001,2024-12-18,0.01,2300.0,2320.0,2300.0,2300.0,2300.0,2300.0,2300.0,2.212716236787778e-05,0.0,0.0,0.0,1.0,1.0,12,2,2024-12-25,2300.0
Rajahmundry APMC,Paddy,2024-12-18,0.5,2300.0,2300.0,2300.0,2300.0,2300.0,2300.0,2300.0,0.0,1.7308193508792924e-05,0.0,0.0,1.0,1.0,12,2,2024-12-25,2300.0
Tuni APMC,1001,2024-12-18,0.1,2200.0,2300.0,2300.0,2300.0,2300.0,2300.0,2274.928571428572,0.0,49.820391694279465,0.0,0.0,1.0,1.0110207541838048,12,2,2024-12-27,2300.0
Sampara (Kakinada Rural) APMC,Swarna Masuri (New),2024-12-19,0.01,2300.0,2320.0,2300.0,2300.0,2300.0,2300.0,2300.0,0.0,0.0,0.0,0.0,1.0,1.0,12,3,2024-12-26,2300.0
Tuni APMC,1001,2024-12-19,0.1,2200.0,2300.0,2300.0,2300.0,2300.0,2300.0,2283.285714285714,0.0,42.486972793349935,0.0,0.0,1.0,1.007320277795157,12,3,2024-12-27,2300.0
Rajahmundry APMC,Swarna Masuri (New),2024-12-19,0.5,2320.0,2320.0,2320.0,2320.0,2320.0,2320.0,2320.0,0.0,2.3672529618820526e-05,0.0,0.0,1.0,1.0,12,3,2024-12-26,2320.0
Rajahmundry APMC,Paddy,2024-12-19,0.5,2300.0,2300.0,2300.0,2300.0,2300.0,2300.0,2300.0,0.0,1.7308193508792924e-05,0.0,0.0,1.0,1.0,12,3,2024-12-26,2300.0
Karapa APMC,1001,2024-12-20,0.01,2300.0,2320.0,2300.0,2300.0,2300.0,2300.0,2300.0,2.212716236787778e-05,0.0,0.0,0.0,1.0,1.0,12,4,2024-12-27,2300.0
Rajahmundry APMC,Paddy,2024-12-20,0.5,2300.0,2300.0,2300.0,2300.0,2300.0,2300.0,2300.0,0.0,1.7308193508792924e-05,0.0,0.0,1.0,1.0,12,4,2024-12-27,2300.0
Rajahmundry APMC,Swarna Masuri (New),2024-12-20,0.5,2320.0,2320.0,2320.0,2320.0,2320.0,2320.0,2320.0,0.0,2.3672529618820526e-05,0.0,0.0,1.0,1.0,12,4,2024-12-27,2320.0
Sampara (Kakinada Rural) APMC,Swarna Masuri (New),2024-12-20,0.01,2300.0,2320.0,2300.0,2300.0,2300.0,2300.0,2300.0,0.0,0.0,0.0,0.0,1.0,1.0,12,4,2024-12-28,2300.0
Tuni APMC,1001,2024-12-20,0.1,2200.0,2300.0,2300.0,2300.0,2300.0,2300.0,2291.6428571428573,0.0,31.269565303753676,0.0,0.0,1.0,1.0036467911354925,12,4,2024-12-27,2300.0
Karapa APMC,1001,2024-12-21,0.01,2300.0,2320.0,2300.0,2300.0,2300.0,2300.0,2300.0,2.212716236787778e-05,0.0,0.0,0.0,1.0,1.0,12,5,2024-12-28,2300.0
Rajahmundry APMC,Paddy,2024-12-21,0.5,2300.0,2300.0,2300.0,2300.0,2300.0,2300.0,2300.0,0.0,1.7308193508792924e-05,0.0,0.0,1.0,1.0,12,5,2024-12-28,2300.0
Rajahmundry APMC,Swarna Masuri (New),2024-12-21,0.5,2320.0,2320.0,2320.0,2320.0,2320.0,2320.0,2320.0,0.0,2.3672529618820526e-05,0.0,0.0,1.0,1.0,12,5,2024-12-28,2320.0
Sampara (Kakinada Rural) APMC,Swarna Masuri (New),2024-12-21,0.01,2300.0,2320.0,2300.0,2300.0,2300.0,2300.0,2300.0,0.0,0.0,0.0,0.0,1.0,1.0,12,5,2024-12-28,2300.0
Tuni APMC,1001,2024-12-21,0.1,2200.0,2300.0,2300.0,2300.0,2300.0,2300.0,2300.0,0.0,0.0,0.0,0.0,1.0,1.0,12,5,2024-12-28,2300.0
Karapa APMC,1001,2024-12-22,0.01,2300.0,2320.0,2300.0,2300.0,2300.0,2300.0,2300.0,2.212716236787778e-05,0.0,0.0,0.0,1.0,1.0,12,6,2024-12-29,2300.0
Rajahmundry APMC,Paddy,2024-12-22,0.5,2300.0,2300.0,2300.0,2300.0,2300.0,2300.0,2300.0,0.0,1.7308193508792924e-05,0.0,0.0,1.0,1.0,12,6,2024-12-29,2300.0
Rajahmundry APMC,Swarna Masuri (New),2024-12-22,0.5,2320.0,2320.0,2320.0,2320.0,2320.0,2320.0,2320.0,0.0,2.3672529618820526e-05,0.0,0.0,1.0,1.0,12,6,2024-12-29,2320.0
Tuni APMC,1001,2024-12-23,0.1,2200.0,2300.0,2300.0,2300.0,2300.0,2300.0,2300.0,0.0,0.0,0.0,0.0,1.0,1.0,12,0,2024-12-30,2300.0
Sampara (Kakinada Rural) APMC,Swarna Masuri (New),2024-12-23,0.01,2300.0,2320.0,2300.0,2300.0,2300.0,2300.0,2300.0,0.0,0.0,0.0,0.0,1.0,1.0,12,0,2024-12-30,2300.0
Karapa APMC,1001,2024-12-23,0.01,2300.0,2320.0,2300.0,2300.0,2300.0,2300.0,2300.0,2.212716236787778e-05,0.0,0.0,0.0,1.0,1.0,12,0,2024-12-30,2300.0
Rajahmundry APMC,Paddy,2024-12-23,0.5,2300.0,2300.0,2300.0,2300.0,2300.0,2300.0,2300.0,0.0,1.7308193508792924e-05,0.0,0.0,1.0,1.0,12,0,2024-12-30,2300.0
Rajahmundry APMC,Swarna Masuri (New),2024-12-23,0.5,2320.0,2320.0,2320.0,2320.0,2320.0,2320.0,2320.0,0.0,2.3672529618820526e-05,0.0,0.0,1.0,1.0,12,0,2024-12-30,2320.0
Karapa APMC,1001,2024-12-24,0.01,2300.0,2320.0,2300.0,2300.0,2300.0,2300.0,2300.0,2.212716236787778e-05,0.0,0.0,0.0,1.0,1.0,12,1,2024-12-31,2300.0
Rajahmundry APMC,Paddy,2024-12-24,0.5,2300.0,2300.0,2300.0,2300.0,2300.0,2300.0,2300.0,0.0,1.7308193508792924e-05,0.0,0.0,1.0,1.0,12,1,2025-01-02,2300.0
Rajahmundry APMC,Swarna Masuri (New),2024-12-24,0.5,2320.0,2320.0,2320.0,2320.0,2320.0,2320.0,2320.0,0.0,2.3672529618820526e-05,0.0,0.0,1.0,1.0,12,1,2025-01-02,2320.0
Sampara (Kakinada Rural) APMC,Swarna Masuri (New),2024-12-24,0.01,2300.0,2320.0,2300.0,2300.0,2300.0,2300.0,2300.0,0.0,0.0,0.0,0.0,1.0,1.0,12,1,2024-12-31,2300.0
Tuni APMC,1001,2024-12-24,0.1,2200.0,2300.0,2300.0,2300.0,2300.0,2300.0,2300.0,0.0,0.0,0.0,0.0,1.0,1.0,12,1,2025-01-04,2300.0
Karapa APMC,1001,2024-12-25,0.01,2300.0,2320.0,2300.0,2300.0,2300.0,2300.0,2300.0,2.212716236787778e-05,0.0,0.0,0.0,1.0,1.0,12,2,2025-01-05,2300.0
Rajahmundry APMC,Paddy,2024-12-25,0.5,2300.0,2300.0,2300.0,2300.0,2300.0,2300.0,2300.0,0.0,1.7308193508792924e-05,0.0,0.0,1.0,1.0,12,2,2025-01-02,2300.0
Rajahmundry APMC,Swarna Masuri (New),2024-12-25,0.5,2320.0,2320.0,2320.0,2320.0,2320.0,2320.0,2320.0,0.0,2.3672529618820526e-05,0.0,0.0,1.0,1.0,12,2,2025-01-02,2320.0
Sampara (Kakinada Rural) APMC,Swarna Masuri (New),2024-12-26,0.01,2300.0,2320.0,2300.0,2300.0,2300.0,2300.0,2300.0,0.0,0.0,0.0,0.0,1.0,1.0,12,3,2025-01-04,2300.0
Rajahmundry APMC,Swarna Masuri (New),2024-12-26,0.5,2320.0,2320.0,2320.0,2320.0,2320.0,2320.0,2320.0,0.0,2.3672529618820526e-05,0.0,0.0,1.0,1.0,12,3,2025-01-02,2320.0
Peddapuram APMC,1001,2024-12-26,16.3,2300.0,2320.0,2310.0,2310.0,2310.0,2310.0,2310.0,0.0,1.63777585735078e-05,0.0,0.0,1.0,1.0,12,3,2025-01-07,2310.0
Karapa APMC,1001,2024-12-26,0.01,2300.0,2320.0,2300.0,2300.0,2300.0,2300.0,2300.0,2.212716236787778e-05,0.0,0.0,0.0,1.0,1.0,12,3,2025-01-05,2300.0
Rajahmundry APMC,Paddy,2024-12-26,0.5,2300.0,2300.0,2300.0,2300.0,2300.0,2300.0,2300.0,0.0,1.7308193508792924e-05,0.0,0.0,1.0,1.0,12,3,2025-01-02,2300.0
Karapa APMC,1001,2024-12-27,0.01,2300.0,2320.0,2300.0,2300.0,2300.0,2300.0,2300.0,2.212716236787778e-05,0.0,0.0,0.0,1.0,1.0,12,4,2025-01-05,2300.0
Peddapuram APMC,1001,2024-12-27,7.3,2300.0,2320.0,2310.0,2310.0,2310.0,2310.0,2310.0,0.0,1.63777585735078e-05,0.0,0.0,1.0,1.0,12,4,2025-01-07,2310.0
Rajahmundry APMC,Paddy,2024-12-27,0.5,2300.0,2300.0,2300.0,2300.0,2300.0,2300.0,2300.0,0.0,1.7308193508792924e-05,0.0,0.0,1.0,1.0,12,4,2025-01-03,2300.0
Rajahmundry APMC,Swarna Masuri (New),2024-12-27,0.5,2320.0,2320.0,2320.0,2320.0,2320.0,2320.0,2320.0,0.0,2.3672529618820526e-05,0.0,0.0,1.0,1.0,12,4,2025-01-03,2320.0
Tuni APMC,1001,2024-12-27,0.1,2200.0,2300.0,2300.0,2300.0,2300.0,2300.0,2300.0,0.0,0.0,0.0,0.0,1.0,1.0,12,4,2025-01-04,2300.0
Karapa APMC,1001,2024-12-28,0.01,2300.0,2320.0,2300.0,2300.0,2300.0,2300.0,2300.0,2.212716236787778e-05,0.0,0.0,0.0,1.0,1.0,12,5,2025-01-05,2300.0
Rajahmundry APMC,Paddy,2024-12-28,0.5,2300.0,2300.0,2300.0,2300.0,2300.0,2300.0,2300.0,0.0,1.7308193508792924e-05,0.0,0.0,1.0,1.0,12,5,2025-01-04,2300.0
Rajahmundry APMC,Swarna Masuri (New),2024-12-28,0.5,2320.0,2320.0,2320.0,2320.0,2320.0,2320.0,2320.0,0.0,2.3672529618820526e-05,0.0,0.0,1.0,1.0,12,5,2025-01-04,2320.0
Sampara (Kakinada Rural) APMC,Swarna Masuri (New),2024-12-28,0.01,2300.0,2320.0,2300.0,2300.0,2300.0,2300.0,2300.0,0.0,0.0,0.0,0.0,1.0,1.0,12,5,2025-01-04,2300.0
Tuni APMC,1001,2024-12-28,0.1,2200.0,2300.0,2300.0,2300.0,2300.0,2300.0,2300.0,0.0,0.0,0.0,0.0,1.0,1.0,12,5,2025-01-04,2300.0
Rajahmundry APMC,Paddy,2024-12-29,0.5,2300.0,2300.0,2300.0,2300.0,2300.0,2300.0,2300.0,0.0,1.7308193508792924e-05,0.0,0.0,1.0,1.0,12,6,2025-01-05,2300.0
Rajahmundry APMC,Swarna Masuri (New),2024-12-29,0.5,2320.0,2320.0,2320.0,2320.0,2320.0,2320.0,2320.0,0.0,2.3672529618820526e-05,0.0,0.0,1.0,1.0,12,6,2025-01-05,2320.0
Karapa APMC,1001,2024-12-29,0.01,2300.0,2320.0,2300.0,2300.0,2300.0,2300.0,2300.0,2.212716236787778e-05,0.0,0.0,0.0,1.0,1.0,12,6,2025-01-05,2300.0
Karapa APMC,1001,2024-12-30,0.01,2300.0,2320.0,2300.0,2300.0,2300.0,2300.0,2300.0,2.212716236787778e-05,0.0,0.0,0.0,1.0,1.0,12,0,2025-01-06,2300.0
Peddapuram APMC,1001,2024-12-30,11.3,2300.0,2320.0,2310.0,2310.0,2310.0,2310.0,2310.0,0.0,1.63777585735078e-05,0.0,0.0,1.0,1.0,12,0,2025-01-07,2310.0
Rajahmundry APMC,Paddy,2024-12-30,0.5,2300.0,2300.0,2300.0,2300.0,2300.0,2300.0,2300.0,0.0,1.7308193508792924e-05,0.0,0.0,1.0,1.0,12,0,2025-01-06,2300.0
Rajahmundry APMC,Swarna Masuri (New),2024-12-30,0.5,2320.0,2320.0,2320.0,2320.0,2320.0,2320.0,2320.0,0.0,2.3672529618820526e-05,0.0,0.0,1.0,1.0,12,0,2025-01-06,2320.0
Sampara (Kakinada Rural) APMC,Swarna Masuri (New),2024-12-30,0.01,2300.0,2320.0,2300.0,2300.0,2300.0,2300.0,2300.0,0.0,0.0,0.0,0.0,1.0,1.0,12,0,2025-01-06,2300.0
Tuni APMC,1001,2024-12-30,0.1,2200.0,2300.0,2300.0,2300.0,2300.0,2300.0,2300.0,0.0,0.0,0.0,0.0,1.0,1.0,12,0,2025-01-06,2300.0
Karapa APMC,1001,2024-12-31,0.01,2300.0,2320.0,2300.0,2300.0,2300.0,2300.0,2300.0,2.212716236787778e-05,0.0,0.0,0.0,1.0,1.0,12,1,2025-01-07,2300.0
Sampara (Kakinada Rural) APMC,Swarna Masuri (New),2024-12-31,0.01,2300.0,2320.0,2300.0,2300.0,2300.0,2300.0,2300.0,0.0,0.0,0.0,0.0,1.0,1.0,12,1,2025-01-07,2300.0
